observation_date,DCOILBRENTEU,DGASNYH,DHHNGSP,DDFUELUSGULF,DRGASLA,DJFUELUSGULF
1986-01-02,,,,,,
1986-01-03,,,,,,
1986-01-06,,,,,,
1986-01-07,,,,,,
1986-01-08,,,,,,
1986-01-09,,,,,,
1986-01-10,,,,,,
1986-01-13,,,,,,
1986-01-14,,,,,,
1986-01-15,,,,,,
1986-01-16,,,,,,
1986-01-17,,,,,,
1986-01-20,,,,,,
1986-01-21,,,,,,
1986-01-22,,,,,,
1986-01-23,,,,,,
1986-01-24,,,,,,
1986-01-27,,,,,,
1986-01-28,,,,,,
1986-01-29,,,,,,
1986-01-30,,,,,,
1986-01-31,,,,,,
1986-02-03,,,,,,
1986-02-04,,,,,,
1986-02-05,,,,,,
1986-02-06,,,,,,
1986-02-07,,,,,,
1986-02-10,,,,,,
1986-02-11,,,,,,
1986-02-12,,,,,,
1986-02-13,,,,,,
1986-02-14,,,,,,
1986-02-17,,,,,,
1986-02-18,,,,,,
1986-02-19,,,,,,
1986-02-20,,,,,,
1986-02-21,,,,,,
1986-02-24,,,,,,
1986-02-25,,,,,,
1986-02-26,,,,,,
1986-02-27,,,,,,
1986-02-28,,,,,,
1986-03-03,,,,,,
1986-03-04,,,,,,
1986-03-05,,,,,,
1986-03-06,,,,,,
1986-03-07,,,,,,
1986-03-10,,,,,,
1986-03-11,,,,,,
1986-03-12,,,,,,
1986-03-13,,,,,,
1986-03-14,,,,,,
1986-03-17,,,,,,
1986-03-18,,,,,,
1986-03-19,,,,,,
1986-03-20,,,,,,
1986-03-21,,,,,,
1986-03-24,,,,,,
1986-03-25,,,,,,
1986-03-26,,,,,,
1986-03-27,,,,,,
1986-03-28,,,,,,
1986-03-31,,,,,,
1986-04-01,,,,,,
1986-04-02,,,,,,
1986-04-03,,,,,,
1986-04-04,,,,,,
1986-04-07,,,,,,
1986-04-08,,,,,,
1986-04-09,,,,,,
1986-04-10,,,,,,
1986-04-11,,,,,,
1986-04-14,,,,,,
1986-04-15,,,,,,
1986-04-16,,,,,,
1986-04-17,,,,,,
1986-04-18,,,,,,
1986-04-21,,,,,,
1986-04-22,,,,,,
1986-04-23,,,,,,
1986-04-24,,,,,,
1986-04-25,,,,,,
1986-04-28,,,,,,
1986-04-29,,,,,,
1986-04-30,,,,,,
1986-05-01,,,,,,
1986-05-02,,,,,,
1986-05-05,,,,,,
1986-05-06,,,,,,
1986-05-07,,,,,,
1986-05-08,,,,,,
1986-05-09,,,,,,
1986-05-12,,,,,,
1986-05-13,,,,,,
1986-05-14,,,,,,
1986-05-15,,,,,,
1986-05-16,,,,,,
1986-05-19,,,,,,
1986-05-20,,,,,,
1986-05-21,,,,,,
1986-05-22,,,,,,
1986-05-23,,,,,,
1986-05-26,,,,,,
1986-05-27,,,,,,
1986-05-28,,,,,,
1986-05-29,,,,,,
1986-05-30,,,,,,
1986-06-02,,0.468,,,,
1986-06-03,,0.436,,,,
1986-06-04,,0.418,,,,
1986-06-05,,0.431,,,,
1986-06-06,,0.421,,,,
1986-06-09,,0.409,,,,
1986-06-10,,0.405,,,,
1986-06-11,,0.431,,,,
1986-06-12,,0.436,,,,
1986-06-13,,0.445,,,,
1986-06-16,,0.429,,,,
1986-06-17,,0.422,,,,
1986-06-18,,0.411,,,,
1986-06-19,,0.415,,,,
1986-06-20,,0.406,,,,
1986-06-23,,0.406,,,,
1986-06-24,,0.409,,,,
1986-06-25,,0.419,,,,
1986-06-26,,0.405,,,,
1986-06-27,,0.405,,,,
1986-06-30,,0.399,,,,
1986-07-01,,0.391,,,,
1986-07-02,,0.377,,,,
1986-07-03,,0.373,,,,
1986-07-04,,,,,,
1986-07-07,,0.354,,,,
1986-07-08,,0.350,,,,
1986-07-09,,0.341,,,,
1986-07-10,,0.350,,,,
1986-07-11,,0.334,,,,
1986-07-14,,0.319,,,,
1986-07-15,,0.338,,,,
1986-07-16,,0.344,,,,
1986-07-17,,0.335,,,,
1986-07-18,,0.344,,,,
1986-07-21,,0.349,,,,
1986-07-22,,0.328,,,,
1986-07-23,,0.335,,,,
1986-07-24,,0.330,,,,
1986-07-25,,0.321,,,,
1986-07-28,,0.308,,,,
1986-07-29,,0.315,,,,
1986-07-30,,0.329,,,,
1986-07-31,,0.309,,,,
1986-08-01,,0.318,,,,
1986-08-04,,0.358,,,,
1986-08-05,,0.401,,,,
1986-08-06,,0.410,,,,
1986-08-07,,0.420,,,,
1986-08-08,,0.411,,,,
1986-08-11,,0.413,,,,
1986-08-12,,0.436,,,,
1986-08-13,,0.441,,,,
1986-08-14,,0.441,,,,
1986-08-15,,0.446,,,,
1986-08-18,,0.450,,,,
1986-08-19,,0.436,,,,
1986-08-20,,0.446,,,,
1986-08-21,,0.446,,,,
1986-08-22,,0.443,,,,
1986-08-25,,0.443,,,,
1986-08-26,,0.448,,,,
1986-08-27,,0.440,,,,
1986-08-28,,0.446,,,,
1986-08-29,,0.453,,,,
1986-09-01,,,,,,
1986-09-02,,0.459,,,,
1986-09-03,,0.454,,,,
1986-09-04,,0.457,,,,
1986-09-05,,0.460,,,,
1986-09-08,,0.441,,,,
1986-09-09,,0.429,,,,
1986-09-10,,0.417,,,,
1986-09-11,,0.419,,,,
1986-09-12,,0.424,,,,
1986-09-15,,0.413,,,,
1986-09-16,,0.398,,,,
1986-09-17,,0.406,,,,
1986-09-18,,0.412,,,,
1986-09-19,,0.412,,,,
1986-09-22,,0.401,,,,
1986-09-23,,0.406,,,,
1986-09-24,,0.406,,,,
1986-09-25,,0.397,,,,
1986-09-26,,0.399,,,,
1986-09-29,,0.402,,,,
1986-09-30,,0.401,,,,
1986-10-01,,0.416,,,,
1986-10-02,,0.426,,,,
1986-10-03,,0.414,,,,
1986-10-06,,0.408,,,,
1986-10-07,,0.423,,,,
1986-10-08,,0.426,,,,
1986-10-09,,0.421,,,,
1986-10-10,,0.416,,,,
1986-10-13,,,,,,
1986-10-14,,0.406,,,,
1986-10-15,,0.418,,,,
1986-10-16,,0.411,,,,
1986-10-17,,0.415,,,,
1986-10-20,,0.422,,,,
1986-10-21,,0.420,,,,
1986-10-22,,0.407,,,,
1986-10-23,,0.406,,,,
1986-10-24,,0.412,,,,
1986-10-27,,0.396,,,,
1986-10-28,,0.389,,,,
1986-10-29,,0.372,,,,
1986-10-30,,0.395,,,,
1986-10-31,,0.401,,,,
1986-11-03,,0.396,,,,
1986-11-04,,0.407,,,,
1986-11-05,,0.406,,,,
1986-11-06,,0.409,,,,
1986-11-07,,0.406,,,,
1986-11-10,,0.410,,,,
1986-11-11,,0.413,,,,
1986-11-12,,0.411,,,,
1986-11-13,,0.416,,,,
1986-11-14,,0.419,,,,
1986-11-17,,0.417,,,,
1986-11-18,,0.414,,,,
1986-11-19,,0.419,,,,
1986-11-20,,0.410,,,,
1986-11-21,,0.412,,,,
1986-11-24,,0.404,,,,
1986-11-25,,0.409,,,,
1986-11-26,,0.412,,,,
1986-11-27,,,,,,
1986-11-28,,0.412,,,,
1986-12-01,,0.414,,,,
1986-12-02,,0.417,,,,
1986-12-03,,0.419,,,,
1986-12-04,,0.419,,,,
1986-12-05,,0.418,,,,
1986-12-08,,0.410,,,,
1986-12-09,,0.410,,,,
1986-12-10,,0.416,,,,
1986-12-11,,0.427,,,,
1986-12-12,,0.432,,,,
1986-12-15,,0.438,,,,
1986-12-16,,0.430,,,,
1986-12-17,,0.429,,,,
1986-12-18,,0.434,,,,
1986-12-19,,0.444,,,,
1986-12-22,,0.457,,,,
1986-12-23,,0.454,,,,
1986-12-24,,0.456,,,,
1986-12-25,,,,,,
1986-12-26,,,,,,
1986-12-29,,0.464,,,,
1986-12-30,,0.457,,,,
1986-12-31,,0.476,,,,
1987-01-01,,,,,,
1987-01-02,,0.484,,,,
1987-01-05,,0.475,,,,
1987-01-06,,0.484,,,,
1987-01-07,,0.483,,,,
1987-01-08,,0.493,,,,
1987-01-09,,0.506,,,,
1987-01-12,,0.515,,,,
1987-01-13,,0.501,,,,
1987-01-14,,0.505,,,,
1987-01-15,,0.501,,,,
1987-01-16,,0.492,,,,
1987-01-19,,0.484,,,,
1987-01-20,,0.495,,,,
1987-01-21,,0.486,,,,
1987-01-22,,0.491,,,,
1987-01-23,,0.481,,,,
1987-01-26,,0.474,,,,
1987-01-27,,0.474,,,,
1987-01-28,,0.471,,,,
1987-01-29,,0.482,,,,
1987-01-30,,0.488,,,,
1987-02-02,,0.490,,,,
1987-02-03,,0.488,,,,
1987-02-04,,0.495,,,,
1987-02-05,,0.506,,,,
1987-02-06,,0.501,,,,
1987-02-09,,0.498,,,,
1987-02-10,,0.496,,,,
1987-02-11,,0.480,,,,
1987-02-12,,0.481,,,,
1987-02-13,,0.473,,,,
1987-02-16,,,,,,
1987-02-17,,0.475,,,,
1987-02-18,,0.466,,,,
1987-02-19,,0.464,,,,
1987-02-20,,0.473,,,,
1987-02-23,,0.455,,,,
1987-02-24,,0.445,,,,
1987-02-25,,0.438,,,,
1987-02-26,,0.444,,,,
1987-02-27,,0.445,,,,
1987-03-02,,0.457,,,,
1987-03-03,,0.486,,,,
1987-03-04,,0.488,,,,
1987-03-05,,0.504,,,,
1987-03-06,,0.509,,,,
1987-03-09,,0.503,,,,
1987-03-10,,0.506,,,,
1987-03-11,,0.513,,,,
1987-03-12,,0.512,,,,
1987-03-13,,0.515,,,,
1987-03-16,,0.518,,,,
1987-03-17,,0.529,,,,
1987-03-18,,0.511,,,,
1987-03-19,,0.512,,,,
1987-03-20,,0.510,,,,
1987-03-23,,0.517,,,,
1987-03-24,,0.519,,,,
1987-03-25,,0.523,,,,
1987-03-26,,0.521,,,,
1987-03-27,,0.516,,,,
1987-03-30,,0.511,,,,
1987-03-31,,0.518,,,,
1987-04-01,,0.521,,,,
1987-04-02,,0.519,,,,
1987-04-03,,0.516,,,,
1987-04-06,,0.516,,,,
1987-04-07,,0.514,,,,
1987-04-08,,0.502,,,,
1987-04-09,,0.499,,,,
1987-04-10,,0.491,,,,
1987-04-13,,0.493,,,,
1987-04-14,,0.488,,,,
1987-04-15,,0.494,,,,
1987-04-16,,0.492,,,,
1987-04-17,,,,,,
1987-04-20,,0.492,,,,
1987-04-21,,0.495,,,,
1987-04-22,,0.493,,,,
1987-04-23,,0.500,,,,
1987-04-24,,0.511,,,,
1987-04-27,,0.517,,,,
1987-04-28,,0.512,,,,
1987-04-29,,0.504,,,,
1987-04-30,,0.516,,,,
1987-05-01,,0.517,,,,
1987-05-04,,0.516,,,,
1987-05-05,,0.524,,,,
1987-05-06,,0.531,,,,
1987-05-07,,0.528,,,,
1987-05-08,,0.530,,,,
1987-05-11,,0.538,,,,
1987-05-12,,0.541,,,,
1987-05-13,,0.543,,,,
1987-05-14,,0.547,,,,
1987-05-15,,0.557,,,,
1987-05-18,,0.554,,,,
1987-05-19,,0.554,,,,
1987-05-20,18.63,0.543,,,,
1987-05-21,18.45,0.550,,,,
1987-05-22,18.55,0.552,,,,
1987-05-25,18.60,,,,,
1987-05-26,18.63,0.551,,,,
1987-05-27,18.60,0.551,,,,
1987-05-28,18.60,0.551,,,,
1987-05-29,18.58,0.552,,,,
1987-06-01,18.65,0.548,,,,
1987-06-02,18.68,0.552,,,,
1987-06-03,18.75,0.559,,,,
1987-06-04,18.78,0.557,,,,
1987-06-05,18.65,0.559,,,,
1987-06-08,18.75,0.566,,,,
1987-06-09,18.78,0.568,,,,
1987-06-10,18.78,0.569,,,,
1987-06-11,18.68,0.562,,,,
1987-06-12,18.78,0.561,,,,
1987-06-15,,0.563,,,,
1987-06-16,18.90,0.563,,,,
1987-06-17,19.03,0.559,,,,
1987-06-18,19.05,0.561,,,,
1987-06-19,19.05,0.558,,,,
1987-06-22,19.10,0.545,,,,
1987-06-23,18.90,0.544,,,,
1987-06-24,18.75,0.547,,,,
1987-06-25,18.70,0.545,,,,
1987-06-26,19.08,0.562,,,,
1987-06-29,19.15,0.559,,,,
1987-06-30,19.08,0.555,,,,
1987-07-01,18.98,0.553,,,,
1987-07-02,19.25,0.556,,,,
1987-07-03,19.33,,,,,
1987-07-06,19.48,0.559,,,,
1987-07-07,19.50,0.553,,,,
1987-07-08,19.48,0.554,,,,
1987-07-09,19.68,0.557,,,,
1987-07-10,19.73,0.558,,,,
1987-07-13,19.83,0.551,,,,
1987-07-14,19.88,0.558,,,,
1987-07-15,20.28,0.567,,,,
1987-07-16,20.40,0.565,,,,
1987-07-17,20.63,0.571,,,,
1987-07-20,20.55,0.571,,,,
1987-07-21,20.35,0.556,,,,
1987-07-22,20.33,0.556,,,,
1987-07-23,20.15,0.555,,,,
1987-07-24,19.58,0.545,,,,
1987-07-27,19.30,0.544,,,,
1987-07-28,19.78,0.558,,,,
1987-07-29,19.98,0.557,,,,
1987-07-30,20.20,0.549,,,,
1987-07-31,20.03,0.544,,,,
1987-08-03,20.95,0.555,,,,
1987-08-04,20.65,0.557,,,,
1987-08-05,19.80,0.548,,,,
1987-08-06,19.75,0.545,,,,
1987-08-07,19.65,0.544,,,,
1987-08-10,19.43,0.541,,,,
1987-08-11,19.45,0.546,,,,
1987-08-12,19.50,0.543,,,,
1987-08-13,19.40,0.539,,,,
1987-08-14,19.25,0.530,,,,
1987-08-17,18.85,0.515,,,,
1987-08-18,18.75,0.513,,,,
1987-08-19,18.50,0.506,,,,
1987-08-20,18.30,0.503,,,,
1987-08-21,18.10,0.496,,,,
1987-08-24,17.48,0.491,,,,
1987-08-25,17.55,0.489,,,,
1987-08-26,18.10,0.507,,,,
1987-08-27,18.28,0.511,,,,
1987-08-28,18.20,0.504,,,,
1987-08-31,18.63,0.504,,,,
1987-09-01,18.43,0.494,,,,
1987-09-02,18.40,0.506,,,,
1987-09-03,18.18,0.510,,,,
1987-09-04,18.13,0.508,,,,
1987-09-07,17.60,,,,,
1987-09-08,17.68,0.500,,,,
1987-09-09,17.90,0.512,,,,
1987-09-10,18.30,0.519,,,,
1987-09-11,18.18,0.513,,,,
1987-09-14,18.15,0.522,,,,
1987-09-15,18.53,0.525,,,,
1987-09-16,18.53,0.536,,,,
1987-09-17,18.43,0.531,,,,
1987-09-18,18.30,0.528,,,,
1987-09-21,18.28,0.525,,,,
1987-09-22,18.48,0.524,,,,
1987-09-23,18.48,0.526,,,,
1987-09-24,18.68,0.524,,,,
1987-09-25,18.60,0.524,,,,
1987-09-28,18.65,0.521,,,,
1987-09-29,18.50,0.525,,,,
1987-09-30,18.48,0.513,,,,
1987-10-01,18.50,0.517,,,,
1987-10-02,18.65,0.524,,,,
1987-10-05,18.78,0.523,,,,
1987-10-06,18.60,0.513,,,,
1987-10-07,18.58,0.519,,,,
1987-10-08,18.63,0.522,,,,
1987-10-09,18.60,0.529,,,,
1987-10-12,18.55,0.521,,,,
1987-10-13,18.55,0.532,,,,
1987-10-14,18.68,0.539,,,,
1987-10-15,18.68,0.541,,,,
1987-10-16,19.00,0.545,,,,
1987-10-19,19.10,0.539,,,,
1987-10-20,18.78,0.547,,,,
1987-10-21,18.93,0.556,,,,
1987-10-22,19.13,0.566,,,,
1987-10-23,18.98,0.581,,,,
1987-10-26,18.75,0.568,,,,
1987-10-27,18.80,0.574,,,,
1987-10-28,18.85,0.554,,,,
1987-10-29,18.75,0.551,,,,
1987-10-30,18.80,0.541,,,,
1987-11-02,18.63,0.531,,,,
1987-11-03,18.38,0.534,,,,
1987-11-04,17.93,0.530,,,,
1987-11-05,17.85,0.528,,,,
1987-11-06,17.95,0.529,,,,
1987-11-09,17.50,0.522,,,,
1987-11-10,17.75,0.529,,,,
1987-11-11,17.80,0.527,,,,
1987-11-12,17.85,0.526,,,,
1987-11-13,17.80,0.519,,,,
1987-11-16,17.68,0.510,,,,
1987-11-17,17.40,0.501,,,,
1987-11-18,17.18,0.508,,,,
1987-11-19,17.48,0.503,,,,
1987-11-20,17.60,0.506,,,,
1987-11-23,17.90,0.506,,,,
1987-11-24,17.83,0.507,,,,
1987-11-25,17.68,0.503,,,,
1987-11-26,17.73,,,,,
1987-11-27,17.78,0.503,,,,
1987-11-30,17.70,0.496,,,,
1987-12-01,17.65,0.490,,,,
1987-12-02,17.70,0.492,,,,
1987-12-03,17.93,0.493,,,,
1987-12-04,18.00,0.488,,,,
1987-12-07,17.78,0.480,,,,
1987-12-08,17.58,0.470,,,,
1987-12-09,17.43,0.474,,,,
1987-12-10,17.55,0.474,,,,
1987-12-11,17.73,0.474,,,,
1987-12-14,16.80,0.455,,,,
1987-12-15,16.20,0.440,,,,
1987-12-16,15.93,0.423,,,,
1987-12-17,15.03,0.423,,,,
1987-12-18,15.60,0.419,,,,
1987-12-21,15.40,0.422,,,,
1987-12-22,16.70,0.449,,,,
1987-12-23,17.25,0.442,,,,
1987-12-24,17.10,0.442,,,,
1987-12-25,,,,,,
1987-12-28,17.00,0.433,,,,
1987-12-29,17.38,0.441,,,,
1987-12-30,17.85,0.439,,,,
1987-12-31,17.60,0.439,,,,
1988-01-01,,,,,,
1988-01-04,17.95,0.464,,,,
1988-01-05,17.08,0.461,,,,
1988-01-06,17.90,0.464,,,,
1988-01-07,,0.459,,,,
1988-01-08,16.88,0.454,,,,
1988-01-11,16.65,0.439,,,,
1988-01-12,15.95,0.434,,,,
1988-01-13,16.38,0.434,,,,
1988-01-14,16.55,0.449,,,,
1988-01-15,16.65,0.447,,,,
1988-01-18,16.83,0.457,,,,
1988-01-19,17.10,0.457,,,,
1988-01-20,16.83,0.451,,,,
1988-01-21,17.08,0.444,,,,
1988-01-22,16.70,0.439,,,,
1988-01-25,16.45,0.445,,,,
1988-01-26,,0.446,,,,
1988-01-27,16.13,0.437,,,,
1988-01-28,16.10,0.448,,,,
1988-01-29,16.28,0.448,,,,
1988-02-01,16.10,0.451,,,,
1988-02-02,16.18,0.466,,,,
1988-02-03,16.15,0.475,,,,
1988-02-04,16.18,0.477,,,,
1988-02-05,16.10,0.474,,,,
1988-02-08,16.50,0.480,,,,
1988-02-09,16.40,0.463,,,,
1988-02-10,16.13,,,,,
1988-02-11,16.10,0.457,,,,
1988-02-12,15.75,0.455,,,,
1988-02-15,15.68,,,,,
1988-02-16,15.63,0.461,,,,
1988-02-17,15.85,0.460,,,,
1988-02-18,15.48,0.450,,,,
1988-02-19,15.55,0.458,,,,
1988-02-22,15.38,0.453,,,,
1988-02-23,15.58,0.466,,,,
1988-02-24,15.35,0.458,,,,
1988-02-25,14.85,0.448,,,,
1988-02-26,14.65,0.448,,,,
1988-02-29,14.73,0.452,,,,
1988-03-01,14.18,0.448,,,,
1988-03-02,13.80,0.444,,,,
1988-03-03,14.00,0.441,,,,
1988-03-04,14.00,0.441,,,,
1988-03-07,13.90,0.427,,,,
1988-03-08,13.80,0.426,,,,
1988-03-09,13.98,0.428,,,,
1988-03-10,14.48,0.442,,,,
1988-03-11,14.88,0.447,,,,
1988-03-14,14.28,0.434,,,,
1988-03-15,14.30,0.446,,,,
1988-03-16,14.45,0.445,,,,
1988-03-17,14.43,0.449,,,,
1988-03-18,14.93,0.451,,,,
1988-03-21,15.38,0.452,,,,
1988-03-22,15.03,0.456,,,,
1988-03-23,15.40,0.466,,,,
1988-03-24,15.65,0.467,,,,
1988-03-25,15.45,0.473,,,,
1988-03-28,15.55,0.473,,,,
1988-03-29,15.60,0.483,,,,
1988-03-30,15.70,0.481,,,,
1988-03-31,15.65,0.480,,,,
1988-04-01,,,,,,
1988-04-04,,0.482,,,,
1988-04-05,15.50,0.473,,,,
1988-04-06,15.38,0.473,,,,
1988-04-07,15.53,0.480,,,,
1988-04-08,15.55,0.484,,,,
1988-04-11,16.20,0.506,,,,
1988-04-12,16.48,0.519,,,,
1988-04-13,16.55,0.523,,,,
1988-04-14,16.65,0.520,,,,
1988-04-15,16.85,0.522,,,,
1988-04-18,17.45,0.529,,,,
1988-04-19,17.05,0.513,,,,
1988-04-20,16.78,0.508,,,,
1988-04-21,17.00,0.519,,,,
1988-04-22,17.15,0.517,,,,
1988-04-25,17.13,0.511,,,,
1988-04-26,17.18,0.523,,,,
1988-04-27,17.40,0.516,,,,
1988-04-28,16.88,0.512,,,,
1988-04-29,16.60,0.511,,,,
1988-05-02,15.95,0.492,,,,
1988-05-03,16.08,0.503,,,,
1988-05-04,16.15,0.497,,,,
1988-05-05,16.15,0.510,,,,
1988-05-06,16.45,0.519,,,,
1988-05-09,16.50,0.520,,,,
1988-05-10,16.38,0.526,,,,
1988-05-11,16.48,0.529,,,,
1988-05-12,16.40,0.529,,,,
1988-05-13,16.50,0.530,,,,
1988-05-16,16.60,0.534,,,,
1988-05-17,16.60,0.531,,,,
1988-05-18,16.40,0.530,,,,
1988-05-19,16.25,0.531,,,,
1988-05-20,16.45,0.530,,,,
1988-05-23,16.23,0.520,,,,
1988-05-24,16.30,0.521,,,,
1988-05-25,16.18,0.523,,,,
1988-05-26,16.18,0.530,,,,
1988-05-27,16.25,0.532,,,,
1988-05-30,16.23,,,,,
1988-05-31,16.20,0.534,,,,
1988-06-01,16.33,0.529,,,,
1988-06-02,16.33,0.526,,,,
1988-06-03,16.45,0.516,,,,
1988-06-06,16.25,0.509,,,,
1988-06-07,16.23,0.511,,,,
1988-06-08,16.28,0.515,,,,
1988-06-09,16.30,0.513,,,,
1988-06-10,15.85,0.508,,,,
1988-06-13,15.53,0.501,,,,
1988-06-14,15.85,0.513,,,,
1988-06-15,15.70,0.506,,,,
1988-06-16,15.43,0.516,,,,
1988-06-17,15.48,0.514,,,,
1988-06-20,15.00,0.509,,,,
1988-06-21,15.00,0.512,,,,
1988-06-22,15.13,0.520,,,,
1988-06-23,15.18,0.526,,,,
1988-06-24,15.15,0.521,,,,
1988-06-27,14.93,0.523,,,,
1988-06-28,14.83,0.537,,,,
1988-06-29,14.55,0.535,,,,
1988-06-30,14.18,0.529,,,,
1988-07-01,13.95,0.524,,,,
1988-07-04,14.05,,,,,
1988-07-05,13.98,0.539,,,,
1988-07-06,14.50,0.554,,,,
1988-07-07,15.50,0.582,,,,
1988-07-08,15.05,0.591,,,,
1988-07-11,14.63,0.579,,,,
1988-07-12,14.00,0.594,,,,
1988-07-13,14.10,0.584,,,,
1988-07-14,14.10,0.564,,,,
1988-07-15,14.25,0.555,,,,
1988-07-18,15.00,0.567,,,,
1988-07-19,14.93,0.557,,,,
1988-07-20,15.48,0.560,,,,
1988-07-21,15.63,0.571,,,,
1988-07-22,15.83,0.552,,,,
1988-07-25,15.80,0.544,,,,
1988-07-26,15.38,0.523,,,,
1988-07-27,15.45,0.512,,,,
1988-07-28,15.70,0.519,,,,
1988-07-29,15.75,0.516,,,,
1988-08-01,15.60,0.521,,,,
1988-08-02,15.35,0.510,,,,
1988-08-03,15.00,0.481,,,,
1988-08-04,14.50,0.476,,,,
1988-08-05,14.85,0.479,,,,
1988-08-08,15.48,0.476,,,,
1988-08-09,15.40,0.478,,,,
1988-08-10,15.10,0.477,,,,
1988-08-11,15.13,0.484,,,,
1988-08-12,14.98,0.467,,,,
1988-08-15,14.80,0.478,,,,
1988-08-16,14.85,0.475,,,,
1988-08-17,14.75,0.480,,,,
1988-08-18,14.78,0.486,,,,
1988-08-19,14.85,0.490,,,,
1988-08-22,15.03,0.484,,,,
1988-08-23,14.80,0.482,,,,
1988-08-24,14.85,0.484,,,,
1988-08-25,14.63,0.473,,,,
1988-08-26,14.50,0.476,,,,
1988-08-29,14.48,0.481,,,,
1988-08-30,14.45,0.491,,,,
1988-08-31,14.40,0.470,,,,
1988-09-01,14.15,0.476,,,,
1988-09-02,14.00,0.469,,,,
1988-09-05,13.68,,,,,
1988-09-06,13.35,0.449,,,,
1988-09-07,13.18,0.449,,,,
1988-09-08,13.30,0.450,,,,
1988-09-09,13.25,0.441,,,,
1988-09-12,12.70,0.446,,,,
1988-09-13,13.40,0.457,,,,
1988-09-14,13.90,0.489,,,,
1988-09-15,13.50,0.475,,,,
1988-09-16,13.23,0.459,,,,
1988-09-19,12.85,0.460,,,,
1988-09-20,13.15,0.469,,,,
1988-09-21,13.05,,,,,
1988-09-22,13.20,0.475,,,,
1988-09-23,13.20,0.464,,,,
1988-09-26,13.10,0.466,,,,
1988-09-27,12.58,0.470,,,,
1988-09-28,12.75,0.473,,,,
1988-09-29,12.50,0.480,,,,
1988-09-30,11.93,0.494,,,,
1988-10-03,11.60,0.475,,,,
1988-10-04,11.65,0.465,,,,
1988-10-05,11.20,0.444,,,,
1988-10-06,11.30,0.444,,,,
1988-10-07,11.35,0.450,,,,
1988-10-10,12.20,0.468,,,,
1988-10-11,12.35,0.467,,,,
1988-10-12,12.45,0.475,,,,
1988-10-13,12.55,0.490,,,,
1988-10-14,13.20,0.503,,,,
1988-10-17,13.55,0.509,,,,
1988-10-18,12.90,0.510,,,,
1988-10-19,13.35,0.536,,,,
1988-10-20,13.50,0.542,,,,
1988-10-21,13.48,0.581,,,,
1988-10-24,12.20,0.569,,,,
1988-10-25,12.08,0.581,,,,
1988-10-26,12.08,0.566,,,,
1988-10-27,12.33,0.556,,,,
1988-10-28,12.60,0.561,,,,
1988-10-31,12.60,0.544,,,,
1988-11-01,12.18,0.507,,,,
1988-11-02,12.35,0.506,,,,
1988-11-03,12.50,0.531,,,,
1988-11-04,12.75,0.545,,,,
1988-11-07,12.75,0.554,,,,
1988-11-08,12.60,0.547,,,,
1988-11-09,12.70,0.567,,,,
1988-11-10,13.03,0.563,,,,
1988-11-11,13.03,0.540,,,,
1988-11-14,13.00,0.555,,,,
1988-11-15,13.00,0.544,,,,
1988-11-16,12.70,0.531,,,,
1988-11-17,12.05,0.510,,,,
1988-11-18,12.08,0.505,,,,
1988-11-21,12.13,0.487,,,,
1988-11-22,13.35,0.485,,,,
1988-11-23,13.33,0.484,,,,
1988-11-24,12.98,,,,,
1988-11-25,14.70,0.504,,,,
1988-11-28,14.73,0.491,,,,
1988-11-29,14.25,0.478,,,,
1988-11-30,14.35,0.499,,,,
1988-12-01,14.93,0.499,,,,
1988-12-02,14.80,0.495,,,,
1988-12-05,14.73,0.474,,,,
1988-12-06,14.40,0.464,,,,
1988-12-07,14.70,0.464,,,,
1988-12-08,15.05,0.459,,,,
1988-12-09,14.90,0.471,,,,
1988-12-12,15.20,0.469,,,,
1988-12-13,15.18,0.450,,,,
1988-12-14,15.35,0.461,,,,
1988-12-15,15.58,0.450,,,,
1988-12-16,15.60,0.463,,,,
1988-12-19,15.30,0.465,,,,
1988-12-20,15.28,0.471,,,,
1988-12-21,15.33,0.469,,,,
1988-12-22,15.25,0.476,,,,
1988-12-23,15.38,0.480,,,,
1988-12-26,,,,,,
1988-12-27,16.25,0.486,,,,
1988-12-28,16.10,0.483,,,,
1988-12-29,15.90,0.479,,,,
1988-12-30,16.23,0.488,,,,
1989-01-02,,,,,,
1989-01-03,16.40,0.484,,,,
1989-01-04,16.53,0.480,,,,
1989-01-05,16.58,0.483,,,,
1989-01-06,16.85,0.487,,,,
1989-01-09,17.00,0.490,,,,
1989-01-10,16.75,0.495,,,,
1989-01-11,16.90,0.496,,,,
1989-01-12,16.85,0.501,,,,
1989-01-13,17.40,0.506,,,,
1989-01-16,17.50,0.510,,,,
1989-01-17,17.78,0.510,,,,
1989-01-18,17.95,0.526,,,,
1989-01-19,18.10,0.527,,,,
1989-01-20,18.15,0.523,,,,
1989-01-23,16.98,0.500,,,,
1989-01-24,17.05,0.509,,,,
1989-01-25,17.70,0.525,,,,
1989-01-26,17.73,0.504,,,,
1989-01-27,17.18,0.494,,,,
1989-01-30,16.85,0.490,,,,
1989-01-31,16.38,0.476,,,,
1989-02-01,16.40,0.495,,,,
1989-02-02,16.95,0.495,,,,
1989-02-03,16.75,0.490,,,,
1989-02-06,16.50,0.481,,,,
1989-02-07,16.60,0.480,,,,
1989-02-08,16.75,0.484,,,,
1989-02-09,16.58,0.469,,,,
1989-02-10,16.40,0.461,,,,
1989-02-13,16.50,0.468,,,,
1989-02-14,16.83,0.467,,,,
1989-02-15,16.75,0.471,,,,
1989-02-16,17.15,0.479,,,,
1989-02-17,17.15,0.476,,,,
1989-02-20,17.38,,,,,
1989-02-21,17.20,0.467,,,,
1989-02-22,16.95,0.479,,,,
1989-02-23,17.10,0.494,,,,
1989-02-24,17.05,0.497,,,,
1989-02-27,17.55,0.505,,,,
1989-02-28,17.23,0.508,,,,
1989-03-01,17.25,0.504,,,,
1989-03-02,17.45,0.514,,,,
1989-03-03,17.73,0.506,,,,
1989-03-06,17.73,0.507,,,,
1989-03-07,17.55,0.502,,,,
1989-03-08,17.55,0.509,,,,
1989-03-09,17.80,0.510,,,,
1989-03-10,17.63,0.511,,,,
1989-03-13,18.10,0.524,,,,
1989-03-14,18.63,0.533,,,,
1989-03-15,19.08,0.551,,,,
1989-03-16,18.95,0.550,,,,
1989-03-17,19.30,0.551,,,,
1989-03-20,19.18,0.534,,,,
1989-03-21,19.63,0.547,,,,
1989-03-22,19.60,0.561,,,,
1989-03-23,19.93,0.571,,,,
1989-03-24,,,,,,
1989-03-27,,0.591,,,,
1989-03-28,19.73,0.581,,,,
1989-03-29,19.45,0.594,,,,
1989-03-30,20.00,0.631,,,,
1989-03-31,20.45,0.654,,,,
1989-04-03,19.65,0.664,,,,
1989-04-04,19.90,0.694,,,,
1989-04-05,19.75,0.651,,,,
1989-04-06,19.08,0.636,,,,
1989-04-07,19.40,0.641,,,,
1989-04-10,19.60,0.672,,,,
1989-04-11,19.95,0.694,,,,
1989-04-12,19.85,0.695,,,,
1989-04-13,19.95,0.682,,,,
1989-04-14,19.63,0.694,,,,
1989-04-17,19.88,0.715,,,,
1989-04-18,20.20,0.735,,,,
1989-04-19,21.50,0.728,,,,
1989-04-20,22.25,0.732,,,,
1989-04-21,21.60,0.731,,,,
1989-04-24,21.20,0.705,,,,
1989-04-25,21.15,0.730,,,,
1989-04-26,21.05,0.755,,,,
1989-04-27,20.65,0.739,,,,
1989-04-28,20.15,0.701,,,,
1989-05-01,,0.760,,,,
1989-05-02,19.15,0.744,,,,
1989-05-03,18.88,0.728,,,,
1989-05-04,19.70,0.720,,,,
1989-05-05,19.40,0.695,,,,
1989-05-08,18.80,0.669,,,,
1989-05-09,19.03,0.669,,,,
1989-05-10,18.88,0.665,,,,
1989-05-11,19.30,0.687,,,,
1989-05-12,19.20,0.684,,,,
1989-05-15,19.20,0.670,,,,
1989-05-16,19.80,0.659,,,,
1989-05-17,18.58,0.637,,,,
1989-05-18,18.60,0.651,,,,
1989-05-19,18.30,0.658,,,,
1989-05-22,17.40,0.640,,,,
1989-05-23,17.70,0.651,,,,
1989-05-24,18.15,0.675,,,,
1989-05-25,18.20,0.671,,,,
1989-05-26,17.65,0.668,,,,
1989-05-29,17.73,,,,,
1989-05-30,18.03,0.667,,,,
1989-05-31,18.25,0.673,,,,
1989-06-01,18.08,0.663,,,,
1989-06-02,18.15,0.687,,,,
1989-06-05,18.55,0.697,,,,
1989-06-06,18.50,0.670,,,,
1989-06-07,18.15,0.656,,,,
1989-06-08,17.80,0.664,,,,
1989-06-09,17.95,0.658,,,,
1989-06-12,17.18,0.636,,,,
1989-06-13,16.80,0.620,,,,
1989-06-14,16.90,0.617,,,,
1989-06-15,16.95,0.611,,,,
1989-06-16,16.65,0.600,,,,
1989-06-19,16.85,0.604,,,,
1989-06-20,16.88,0.603,,,,
1989-06-21,17.13,0.610,,,,
1989-06-22,17.30,0.624,,,,
1989-06-23,18.03,0.645,,,,
1989-06-26,18.23,0.653,,,,
1989-06-27,18.20,0.646,,,,
1989-06-28,18.00,0.623,,,,
1989-06-29,18.20,0.625,,,,
1989-06-30,18.28,0.601,,,,
1989-07-03,18.40,0.605,,,,
1989-07-04,18.60,,,,,
1989-07-05,18.75,0.594,,,,
1989-07-06,18.30,0.586,,,,
1989-07-07,17.85,0.590,,,,
1989-07-10,17.83,0.588,,,,
1989-07-11,17.63,0.596,,,,
1989-07-12,17.65,0.593,,,,
1989-07-13,17.60,0.593,,,,
1989-07-14,17.90,0.585,,,,
1989-07-17,18.05,0.582,,,,
1989-07-18,18.05,0.559,,,,
1989-07-19,17.85,0.553,,,,
1989-07-20,17.98,0.542,,,,
1989-07-21,17.83,0.544,,,,
1989-07-24,17.30,0.530,,,,
1989-07-25,17.05,0.522,,,,
1989-07-26,16.50,0.511,,,,
1989-07-27,16.28,0.519,,,,
1989-07-28,16.38,0.525,,,,
1989-07-31,16.30,0.534,,,,
1989-08-01,16.23,0.516,,,,
1989-08-02,16.10,0.517,,,,
1989-08-03,16.40,0.515,,,,
1989-08-04,16.15,0.511,,,,
1989-08-07,16.05,0.503,,,,
1989-08-08,16.28,0.506,,,,
1989-08-09,16.45,0.512,,,,
1989-08-10,16.93,0.518,,,,
1989-08-11,17.00,0.518,,,,
1989-08-14,16.85,0.525,,,,
1989-08-15,17.00,0.529,,,,
1989-08-16,17.00,0.532,,,,
1989-08-17,16.95,0.525,,,,
1989-08-18,16.83,0.529,,,,
1989-08-21,16.90,0.529,,,,
1989-08-22,17.10,0.536,,,,
1989-08-23,17.08,0.543,,,,
1989-08-24,17.05,0.545,,,,
1989-08-25,16.95,0.534,,,,
1989-08-28,16.98,0.538,,,,
1989-08-29,17.10,0.544,,,,
1989-08-30,17.13,0.549,,,,
1989-08-31,17.20,0.551,,,,
1989-09-01,17.33,0.549,,,,
1989-09-04,17.43,,,,,
1989-09-05,17.45,0.554,,,,
1989-09-06,17.80,0.577,,,,
1989-09-07,17.80,0.573,,,,
1989-09-08,17.83,0.587,,,,
1989-09-11,17.98,0.587,,,,
1989-09-12,17.90,0.582,,,,
1989-09-13,18.05,0.586,,,,
1989-09-14,17.90,0.575,,,,
1989-09-15,17.88,0.585,,,,
1989-09-18,18.05,0.588,,,,
1989-09-19,17.90,0.585,,,,
1989-09-20,17.80,0.606,,,,
1989-09-21,17.85,0.631,,,,
1989-09-22,17.53,0.639,,,,
1989-09-25,17.45,0.627,,,,
1989-09-26,17.45,0.627,,,,
1989-09-27,17.55,0.591,,,,
1989-09-28,17.93,0.613,,,,
1989-09-29,18.23,0.605,,,,
1989-10-02,18.58,0.605,,,,
1989-10-03,18.73,0.580,,,,
1989-10-04,18.78,0.565,,,,
1989-10-05,18.43,0.562,,,,
1989-10-06,18.45,0.557,,,,
1989-10-09,18.25,0.563,,,,
1989-10-10,18.55,0.574,,,,
1989-10-11,18.85,0.571,,,,
1989-10-12,19.23,0.568,,,,
1989-10-13,19.60,0.570,,,,
1989-10-16,19.38,0.565,,,,
1989-10-17,19.53,0.562,,,,
1989-10-18,19.43,0.550,,,,
1989-10-19,19.33,0.553,,,,
1989-10-20,19.20,0.546,,,,
1989-10-23,18.88,0.540,,,,
1989-10-24,18.80,0.532,,,,
1989-10-25,18.88,0.533,,,,
1989-10-26,18.48,0.535,,,,
1989-10-27,18.70,0.543,,,,
1989-10-30,18.98,0.531,,,,
1989-10-31,18.93,0.522,,,,
1989-11-01,19.23,0.525,,,,
1989-11-02,19.20,0.516,,,,
1989-11-03,19.00,0.515,,,,
1989-11-06,18.95,0.518,,,,
1989-11-07,18.90,0.518,,,,
1989-11-08,18.90,0.518,,,,
1989-11-09,18.85,0.504,,,,
1989-11-10,19.05,0.512,,,,
1989-11-13,18.85,0.504,,,,
1989-11-14,18.70,0.502,,,,
1989-11-15,18.65,0.500,,,,
1989-11-16,18.65,0.507,,,,
1989-11-17,18.75,0.512,,,,
1989-11-20,18.80,0.513,,,,
1989-11-21,18.68,0.511,,,,
1989-11-22,18.60,0.511,,,,
1989-11-23,18.40,,,,,
1989-11-24,18.48,0.510,,,,
1989-11-27,18.50,0.502,,,,
1989-11-28,18.23,0.491,,,,
1989-11-29,18.15,0.490,,,,
1989-11-30,18.48,0.503,,,,
1989-12-01,18.68,0.510,,,,
1989-12-04,19.28,0.514,,,,
1989-12-05,19.18,0.514,,,,
1989-12-06,19.28,0.520,,,,
1989-12-07,19.33,0.517,,,,
1989-12-08,19.15,0.515,,,,
1989-12-11,19.45,0.513,,,,
1989-12-12,19.53,0.509,,,,
1989-12-13,19.78,0.506,,,,
1989-12-14,19.68,0.507,,,,
1989-12-15,19.68,0.517,,,,
1989-12-18,19.98,0.536,,,,
1989-12-19,20.28,0.531,,,,
1989-12-20,20.23,0.528,,,,
1989-12-21,20.13,0.557,,,,
1989-12-22,20.50,0.555,,,,
1989-12-25,,,,,,
1989-12-26,,0.615,,,,
1989-12-27,20.90,0.614,,,,
1989-12-28,20.85,0.606,,,,
1989-12-29,21.05,0.638,,,,
1990-01-01,,,,,,
1990-01-02,21.20,,,,,
1990-01-03,22.65,0.691,,,,
1990-01-04,22.50,0.671,,,,
1990-01-05,23.13,0.642,,,,
1990-01-08,21.38,0.608,,,,
1990-01-09,21.03,0.642,,,,
1990-01-10,21.95,0.671,,,,
1990-01-11,21.88,0.678,,,,
1990-01-12,22.13,0.679,,,,
1990-01-15,21.60,0.659,,,,
1990-01-16,21.15,0.661,,,,
1990-01-17,20.45,0.633,,,,
1990-01-18,20.78,0.621,,,,
1990-01-19,21.28,0.629,,,,
1990-01-22,20.88,0.619,,,,
1990-01-23,20.23,0.604,,,,
1990-01-24,20.18,0.603,,,,
1990-01-25,20.55,0.615,,,,
1990-01-26,20.63,0.627,,,,
1990-01-29,20.73,0.632,,,,
1990-01-30,20.73,0.616,,,,
1990-01-31,20.50,0.616,,,,
1990-02-01,20.58,0.618,,,,
1990-02-02,20.73,0.635,,,,
1990-02-05,20.73,0.618,,,,
1990-02-06,20.60,0.607,,,,
1990-02-07,20.15,0.606,,,,
1990-02-08,20.05,0.605,,,,
1990-02-09,19.75,0.588,,,,
1990-02-12,19.68,0.597,,,,
1990-02-13,20.03,0.591,,,,
1990-02-14,19.60,0.590,,,,
1990-02-15,19.90,0.595,,,,
1990-02-16,19.88,0.589,,,,
1990-02-19,19.95,,,,,
1990-02-20,19.68,0.588,,,,
1990-02-21,19.50,0.582,,,,
1990-02-22,19.35,0.588,,,,
1990-02-23,18.78,0.585,,,,
1990-02-26,18.90,0.585,,,,
1990-02-27,19.23,0.564,,,,
1990-02-28,19.20,0.544,,,,
1990-03-01,19.33,0.541,,,,
1990-03-02,19.18,0.547,,,,
1990-03-05,19.15,0.573,,,,
1990-03-06,19.18,0.562,,,,
1990-03-07,18.95,0.545,,,,
1990-03-08,18.73,0.542,,,,
1990-03-09,18.68,0.533,,,,
1990-03-12,18.30,0.525,,,,
1990-03-13,18.53,0.534,,,,
1990-03-14,18.33,0.541,,,,
1990-03-15,18.48,0.562,,,,
1990-03-16,18.40,0.553,,,,
1990-03-19,17.83,0.547,,,,
1990-03-20,17.75,0.563,,,,
1990-03-21,17.78,0.571,,,,
1990-03-22,17.83,0.562,,,,
1990-03-23,17.88,0.565,,,,
1990-03-26,18.23,0.566,,,,
1990-03-27,18.10,0.566,,,,
1990-03-28,18.03,0.570,,,,
1990-03-29,17.90,0.570,,,,
1990-03-30,17.95,0.597,,,,
1990-04-02,18.18,0.619,,,,0.550
1990-04-03,18.20,0.617,,,,0.555
1990-04-04,17.95,0.595,,,,0.560
1990-04-05,17.55,0.588,,,,0.540
1990-04-06,17.10,0.586,,,,0.536
1990-04-09,16.53,0.577,,,,0.536
1990-04-10,15.93,0.550,,,,0.540
1990-04-11,15.30,0.561,,,,0.551
1990-04-12,15.80,0.548,,,,0.548
1990-04-13,,,,,,0.528
1990-04-16,,0.605,,,,0.562
1990-04-17,15.70,0.605,,,,0.553
1990-04-18,15.33,0.596,,,,0.532
1990-04-19,16.13,0.621,,,,0.531
1990-04-20,16.35,0.620,,,,0.538
1990-04-23,16.95,0.636,,,,0.536
1990-04-24,16.75,0.645,,,,0.530
1990-04-25,16.50,0.625,,,,0.522
1990-04-26,16.60,0.611,,,,0.528
1990-04-27,16.43,0.608,,,,0.535
1990-04-30,16.35,0.600,,,,0.525
1990-05-01,16.43,0.611,,,,0.545
1990-05-02,16.58,0.611,,,,0.529
1990-05-03,15.93,0.601,,,,0.507
1990-05-04,15.58,0.617,,,,0.506
1990-05-07,15.65,0.627,,,,0.502
1990-05-08,16.18,0.640,,,,0.533
1990-05-09,16.45,0.658,,,,0.521
1990-05-10,16.70,0.665,,,,0.527
1990-05-11,16.73,0.645,,,,0.513
1990-05-14,17.40,0.650,,,,0.529
1990-05-15,17.40,0.656,,,,0.519
1990-05-16,17.25,0.660,,,,0.516
1990-05-17,17.05,0.665,,,,0.519
1990-05-18,17.08,0.666,,,,0.518
1990-05-21,16.65,0.649,,,,0.514
1990-05-22,16.48,0.646,,,,0.516
1990-05-23,15.70,0.634,,,,0.507
1990-05-24,15.80,0.638,,,,0.509
1990-05-25,15.95,0.638,,,,0.496
1990-05-28,,,,,,
1990-05-29,15.48,0.663,,,,0.503
1990-05-30,15.98,0.665,,,,0.511
1990-05-31,15.30,0.647,,,,0.504
1990-06-01,15.43,0.646,,,,0.498
1990-06-04,15.35,0.644,,,,0.490
1990-06-05,14.78,0.633,,,,0.475
1990-06-06,14.80,0.652,,,,0.490
1990-06-07,15.03,0.642,,,,0.487
1990-06-08,14.68,0.631,,,,0.492
1990-06-11,14.73,0.623,,,,0.487
1990-06-12,14.95,0.644,,,,0.498
1990-06-13,14.90,0.649,,,,0.502
1990-06-14,15.30,0.659,,,,0.499
1990-06-15,15.15,0.675,,,,0.498
1990-06-18,14.83,0.677,,,,0.493
1990-06-19,14.75,0.657,,,,0.484
1990-06-20,14.75,0.660,,,,0.492
1990-06-21,14.75,0.651,,,,0.492
1990-06-22,15.40,0.664,,,,0.500
1990-06-25,15.58,0.658,,,,0.503
1990-06-26,15.58,0.639,,,,0.496
1990-06-27,15.33,0.614,,,,0.496
1990-06-28,15.40,0.622,,,,0.504
1990-06-29,15.73,0.636,,,,0.497
1990-07-02,15.40,0.632,,,,0.497
1990-07-03,15.48,0.626,,,,0.493
1990-07-04,15.48,,,,,
1990-07-05,15.23,0.617,,,,0.492
1990-07-06,15.35,0.619,,,,0.488
1990-07-09,14.98,0.631,,,,0.490
1990-07-10,15.58,0.641,,,,0.496
1990-07-11,15.70,0.629,,,,0.502
1990-07-12,15.88,0.661,,,,0.547
1990-07-13,17.03,0.670,,,,0.537
1990-07-16,17.70,0.692,,,,0.556
1990-07-17,17.58,0.671,,,,0.554
1990-07-18,17.70,0.657,,,,0.554
1990-07-19,17.85,0.661,,,,0.557
1990-07-20,18.00,0.656,,,,0.549
1990-07-23,18.73,0.656,,,,0.556
1990-07-24,19.08,0.666,,,,0.561
1990-07-25,19.00,0.653,,,,0.555
1990-07-26,18.73,0.680,,,,0.561
1990-07-27,19.03,0.667,,,,0.557
1990-07-30,18.98,0.672,,,,0.571
1990-07-31,19.23,0.661,,,,0.571
1990-08-01,19.93,0.673,,,,0.596
1990-08-02,22.25,0.712,,,,0.620
1990-08-03,24.13,0.765,,,,0.640
1990-08-06,27.28,0.858,,,,0.736
1990-08-07,27.35,0.914,,,,0.774
1990-08-08,25.15,0.802,,,,0.674
1990-08-09,25.90,0.804,,,,0.690
1990-08-10,26.30,0.837,,,,0.741
1990-08-13,26.63,0.866,,,,0.769
1990-08-14,27.10,0.875,,,,0.755
1990-08-15,26.53,0.874,,,,0.751
1990-08-16,27.20,0.903,,,,0.772
1990-08-17,28.45,0.986,,,,0.827
1990-08-20,28.90,1.025,,,,0.862
1990-08-21,29.05,1.028,,,,0.870
1990-08-22,30.45,1.059,,,,0.976
1990-08-23,32.35,1.103,,,,1.058
1990-08-24,31.65,1.057,,,,0.990
1990-08-27,27.65,0.879,,,,0.842
1990-08-28,27.65,0.894,,,,0.850
1990-08-29,27.65,0.853,,,,0.789
1990-08-30,27.50,0.897,,,,0.808
1990-08-31,27.80,0.968,,,,0.814
1990-09-03,30.53,,,,,
1990-09-04,30.08,1.040,,,,0.873
1990-09-05,31.23,1.030,,,,0.881
1990-09-06,32.15,1.048,,,,0.950
1990-09-07,31.45,1.033,,,,0.913
1990-09-10,31.45,1.043,,,,0.938
1990-09-11,32.10,1.016,,,,0.898
1990-09-12,31.28,1.026,,,,0.904
1990-09-13,31.88,0.979,,,,0.923
1990-09-14,33.35,0.939,,,,0.918
1990-09-17,34.90,0.932,,,,0.940
1990-09-18,35.95,0.924,,,,0.955
1990-09-19,35.08,0.908,,,,0.963
1990-09-20,35.65,0.924,,,,1.001
1990-09-21,36.95,0.985,,,,1.067
1990-09-24,40.75,1.050,,,,1.167
1990-09-25,39.90,1.021,,,,1.187
1990-09-26,40.85,1.005,,,,1.211
1990-09-27,41.45,1.027,,,,1.239
1990-09-28,41.00,1.018,,,,1.300
1990-10-01,38.95,0.969,,,,1.240
1990-10-02,35.45,0.900,,,,1.160
1990-10-03,37.55,0.962,,,,1.220
1990-10-04,37.20,0.939,,,,1.264
1990-10-05,39.05,0.957,,,,1.327
1990-10-08,39.20,0.965,,,,1.320
1990-10-09,40.90,1.005,,,,1.387
1990-10-10,40.20,0.969,,,,1.346
1990-10-11,41.15,1.000,,,,1.401
1990-10-12,39.90,0.997,,,,1.431
1990-10-15,38.28,0.982,,,,1.393
1990-10-16,38.93,1.017,,,,1.335
1990-10-17,35.33,0.972,,,,1.238
1990-10-18,35.65,0.968,,,,1.145
1990-10-19,33.20,0.922,,,,1.019
1990-10-22,27.45,0.830,,,,0.895
1990-10-23,28.95,0.867,,,,0.946
1990-10-24,30.10,0.917,,,,0.991
1990-10-25,32.90,0.994,,,,1.104
1990-10-26,33.73,0.972,,,,1.073
1990-10-29,34.65,0.956,,,,1.124
1990-10-30,35.50,0.973,,,,1.113
1990-10-31,34.30,0.987,,,,1.037
1990-11-01,35.65,0.991,,,,1.039
1990-11-02,35.05,0.955,,,,1.009
1990-11-05,33.80,0.953,,,,0.980
1990-11-06,33.20,0.949,,,,0.989
1990-11-07,34.55,0.986,,,,1.042
1990-11-08,34.85,0.968,,,,1.088
1990-11-09,34.25,0.940,,,,1.023
1990-11-12,32.85,0.883,,,,0.980
1990-11-13,33.65,0.881,,,,0.993
1990-11-14,31.95,0.843,,,,0.962
1990-11-15,32.20,0.839,,,,0.919
1990-11-16,30.55,0.804,,,,0.897
1990-11-19,30.85,0.829,,,,0.916
1990-11-20,30.10,0.801,,,,0.890
1990-11-21,30.65,0.812,,,,
1990-11-22,31.40,,,,,
1990-11-23,32.05,0.847,,,,0.917
1990-11-26,35.10,0.855,,,,0.972
1990-11-27,34.83,0.857,,,,0.968
1990-11-28,34.10,0.848,,,,0.967
1990-11-29,34.65,0.837,,,,0.953
1990-11-30,31.20,0.775,,,,0.914
1990-12-03,31.25,0.751,,,,0.884
1990-12-04,31.50,0.740,,,,0.882
1990-12-05,30.20,0.695,,,,0.850
1990-12-06,27.35,0.675,,,,0.830
1990-12-07,28.30,0.668,,,,0.818
1990-12-10,28.75,0.679,,,,0.820
1990-12-11,28.03,0.669,,,,0.782
1990-12-12,27.28,0.641,,,,0.737
1990-12-13,27.80,0.653,,,,0.733
1990-12-14,28.45,0.656,,,,0.751
1990-12-17,28.20,0.657,,,,0.753
1990-12-18,27.55,0.658,,,,0.757
1990-12-19,28.13,0.673,,,,0.778
1990-12-20,27.55,0.663,,,,0.788
1990-12-21,26.90,0.659,,,,0.797
1990-12-24,27.70,0.684,,,,0.822
1990-12-25,,,,,,
1990-12-26,27.70,0.678,,,,0.820
1990-12-27,27.05,0.683,,,,0.817
1990-12-28,27.43,0.689,,,,0.814
1990-12-31,28.35,0.703,,,,0.829
1991-01-01,,,,,,
1991-01-02,26.78,0.672,,,,0.773
1991-01-03,25.05,0.650,,,,0.730
1991-01-04,24.08,0.637,,,,0.696
1991-01-07,25.93,0.709,,,,0.774
1991-01-08,25.73,0.703,,,,0.765
1991-01-09,22.35,0.732,,,,0.791
1991-01-10,26.58,0.745,,,,0.799
1991-01-11,26.05,0.735,,,,0.799
1991-01-14,29.55,0.840,,,,0.945
1991-01-15,29.25,0.796,,,,0.882
1991-01-16,30.28,0.832,,,,0.919
1991-01-17,21.10,0.616,,,,0.630
1991-01-18,19.10,0.586,,,,0.618
1991-01-21,19.25,0.610,,,,0.668
1991-01-22,20.73,0.668,,,,0.718
1991-01-23,22.15,0.651,,,,0.714
1991-01-24,20.90,0.644,,,,0.696
1991-01-25,20.80,0.642,,,,0.694
1991-01-28,20.40,0.637,,,,0.683
1991-01-29,20.75,0.666,,,,0.705
1991-01-30,20.95,0.665,,,,0.655
1991-01-31,20.70,0.700,,,,0.661
1991-02-01,20.80,0.659,,,,0.650
1991-02-04,20.45,0.649,,,,0.647
1991-02-05,20.20,0.652,,,,0.669
1991-02-06,20.93,0.669,,,,0.695
1991-02-07,20.90,0.659,,,,0.680
1991-02-08,20.65,0.665,,,,0.693
1991-02-11,21.23,0.676,,,,0.724
1991-02-12,21.10,0.684,,,,0.718
1991-02-13,21.00,0.672,,,,0.671
1991-02-14,20.50,0.659,,,,0.660
1991-02-15,18.35,0.625,,,,0.626
1991-02-18,17.68,0.625,,,,0.626
1991-02-19,17.85,0.632,,,,0.604
1991-02-20,18.75,0.655,,,,0.645
1991-02-21,18.55,0.635,,,,0.604
1991-02-22,17.80,0.630,,,,0.577
1991-02-25,17.83,0.643,,,,0.590
1991-02-26,18.00,0.682,,,,0.565
1991-02-27,18.65,0.702,,,,0.549
1991-02-28,19.50,0.707,,,,0.547
1991-03-01,19.33,0.697,,,,0.543
1991-03-04,20.20,0.737,,,,0.559
1991-03-05,20.05,0.762,,,,0.571
1991-03-06,19.85,0.757,,,,0.559
1991-03-07,19.65,0.754,,,,0.557
1991-03-08,19.10,0.743,,,,0.558
1991-03-11,18.60,0.752,,,,0.548
1991-03-12,18.43,0.752,,,,0.563
1991-03-13,20.33,0.733,,,,0.563
1991-03-14,19.98,0.733,,,,0.561
1991-03-15,19.05,0.701,,,,0.552
1991-03-18,18.30,0.699,,,,0.549
1991-03-19,18.95,0.724,,,,0.573
1991-03-20,18.98,0.729,,,,0.564
1991-03-21,18.80,0.722,,,,0.572
1991-03-22,18.95,0.695,,,,0.570
1991-03-25,18.60,0.680,,,,0.552
1991-03-26,18.35,0.693,,,,0.556
1991-03-27,18.15,0.706,,,,0.549
1991-03-28,18.00,0.690,,,,0.552
1991-03-29,,,,,,
1991-04-01,18.00,0.696,,,,0.536
1991-04-02,17.63,0.715,,,,0.538
1991-04-03,17.75,0.691,,,,0.529
1991-04-04,18.00,0.701,,,,0.541
1991-04-05,18.35,0.706,,,,0.545
1991-04-08,18.58,0.707,,,,0.547
1991-04-09,18.60,0.716,,,,0.552
1991-04-10,19.25,0.724,,,,0.561
1991-04-11,19.50,0.717,,,,0.555
1991-04-12,19.93,0.723,,,,0.562
1991-04-15,20.23,0.737,,,,0.570
1991-04-16,19.90,0.733,,,,0.552
1991-04-17,19.85,0.747,,,,0.557
1991-04-18,19.40,0.743,,,,0.550
1991-04-19,19.18,0.740,,,,0.554
1991-04-22,19.78,0.745,,,,0.569
1991-04-23,19.60,0.721,,,,0.566
1991-04-24,19.55,0.719,,,,0.563
1991-04-25,19.60,0.716,,,,0.556
1991-04-26,19.63,0.724,,,,0.554
1991-04-29,19.95,0.719,,,,0.552
1991-04-30,19.70,0.701,,,,0.534
1991-05-01,19.70,0.722,,,,0.554
1991-05-02,19.70,0.723,,,,0.549
1991-05-03,19.55,0.729,,,,0.554
1991-05-06,19.80,0.736,,,,0.562
1991-05-07,19.85,0.724,,,,0.565
1991-05-08,19.80,0.732,,,,0.563
1991-05-09,20.08,0.744,,,,0.574
1991-05-10,19.53,0.720,,,,0.567
1991-05-13,19.25,0.720,,,,0.561
1991-05-14,18.95,0.704,,,,0.563
1991-05-15,18.80,0.697,,,,0.573
1991-05-16,18.75,0.692,,,,0.575
1991-05-17,18.75,0.694,,,,0.578
1991-05-20,18.90,0.691,,,,0.577
1991-05-21,19.03,0.685,,,,0.575
1991-05-22,18.58,0.671,,,,0.574
1991-05-23,18.78,0.670,,,,0.579
1991-05-24,18.83,0.671,,,,0.573
1991-05-27,,,,,,
1991-05-28,19.00,0.678,,,,0.576
1991-05-29,18.75,0.667,,,,0.570
1991-05-30,18.73,0.682,,,,0.583
1991-05-31,19.00,0.669,,,,0.578
1991-06-03,19.00,0.669,,,,0.572
1991-06-04,18.83,0.663,,,,0.564
1991-06-05,18.63,0.647,,,,0.552
1991-06-06,18.03,0.651,,,,0.551
1991-06-07,18.28,0.649,,,,0.547
1991-06-10,18.00,0.641,,,,0.534
1991-06-11,17.85,0.642,,,,0.538
1991-06-12,17.73,0.639,,,,0.547
1991-06-13,18.00,0.629,,,,0.541
1991-06-14,17.70,0.629,,,,0.543
1991-06-17,17.85,0.635,,,,0.543
1991-06-18,18.00,0.627,,,,0.540
1991-06-19,17.88,0.625,,,,0.540
1991-06-20,18.15,0.618,,,,0.549
1991-06-21,18.43,0.615,,,,0.547
1991-06-24,18.18,0.611,,,,0.541
1991-06-25,18.15,0.614,,,,0.540
1991-06-26,18.10,0.618,,,,0.543
1991-06-27,18.08,0.636,,,,0.554
1991-06-28,18.48,0.634,,,,0.562
1991-07-01,18.53,0.638,,,,0.565
1991-07-02,18.55,0.646,,,,0.569
1991-07-03,18.50,0.632,,,,0.565
1991-07-04,18.48,0.632,,,,0.565
1991-07-05,18.70,0.640,,,,0.571
1991-07-08,18.98,0.644,,,,0.578
1991-07-09,19.03,0.651,,,,0.574
1991-07-10,19.23,0.653,,,,0.585
1991-07-11,19.20,0.650,,,,0.583
1991-07-12,19.78,0.654,,,,0.601
1991-07-15,19.60,0.642,,,,0.592
1991-07-16,19.83,0.642,,,,0.591
1991-07-17,20.13,0.650,,,,0.600
1991-07-18,20.28,0.650,,,,0.588
1991-07-19,20.28,0.661,,,,0.593
1991-07-22,20.08,0.660,,,,0.590
1991-07-23,19.58,0.658,,,,0.578
1991-07-24,19.33,0.668,,,,0.589
1991-07-25,19.60,0.666,,,,0.590
1991-07-26,19.73,0.661,,,,0.595
1991-07-29,19.58,0.651,,,,0.595
1991-07-30,19.48,0.673,,,,0.601
1991-07-31,19.65,0.686,,,,0.609
1991-08-01,19.73,0.685,,,,0.598
1991-08-02,19.40,0.697,,,,0.601
1991-08-05,19.50,0.707,,,,0.602
1991-08-06,19.45,0.695,,,,0.587
1991-08-07,19.35,0.697,,,,0.591
1991-08-08,19.70,0.735,,,,0.599
1991-08-09,19.58,0.740,,,,0.607
1991-08-12,19.63,0.747,,,,0.610
1991-08-13,19.50,0.728,,,,0.610
1991-08-14,19.23,0.691,,,,0.607
1991-08-15,19.25,0.689,,,,0.616
1991-08-16,19.35,0.693,,,,0.619
1991-08-19,20.55,0.706,,,,0.658
1991-08-20,20.98,0.713,,,,0.674
1991-08-21,19.55,0.698,,,,0.631
1991-08-22,19.53,0.703,,,,0.635
1991-08-23,19.85,0.695,,,,0.634
1991-08-26,20.03,0.681,,,,0.637
1991-08-27,20.03,0.668,,,,0.631
1991-08-28,19.98,0.657,,,,0.644
1991-08-29,20.30,0.663,,,,0.652
1991-08-30,20.53,0.656,,,,0.660
1991-09-02,20.65,,,,,0.665
1991-09-03,20.55,0.646,,,,0.657
1991-09-04,20.25,0.633,,,,0.635
1991-09-05,20.10,0.626,,,,0.637
1991-09-06,20.13,0.622,,,,0.634
1991-09-09,19.85,0.622,,,,0.627
1991-09-10,19.93,0.612,,,,0.620
1991-09-11,20.00,0.623,,,,0.628
1991-09-12,20.25,0.622,,,,0.623
1991-09-13,20.35,0.628,,,,0.626
1991-09-16,20.53,0.624,,,,0.629
1991-09-17,20.30,0.618,,,,0.620
1991-09-18,20.53,0.622,,,,0.627
1991-09-19,20.43,0.611,,,,0.627
1991-09-20,20.55,0.608,,,,0.632
1991-09-23,20.83,0.612,,,,0.644
1991-09-24,20.75,0.612,,,,0.641
1991-09-25,20.65,0.614,,,,0.640
1991-09-26,21.00,0.619,,,,0.636
1991-09-27,21.48,0.628,,,,0.650
1991-09-30,21.43,0.620,,,,0.641
1991-10-01,21.15,0.615,,,,0.637
1991-10-02,21.30,0.622,,,,0.644
1991-10-03,21.75,0.631,,,,0.649
1991-10-04,21.83,0.626,,,,0.643
1991-10-07,21.98,0.633,,,,0.656
1991-10-08,21.95,0.635,,,,0.658
1991-10-09,22.43,0.634,,,,0.663
1991-10-10,22.13,0.627,,,,0.658
1991-10-11,22.08,0.626,,,,0.659
1991-10-14,22.60,0.633,,,,0.677
1991-10-15,22.83,0.636,,,,0.678
1991-10-16,22.60,0.639,,,,0.673
1991-10-17,22.73,0.649,,,,0.683
1991-10-18,23.00,0.659,,,,0.684
1991-10-21,22.95,0.656,,,,0.688
1991-10-22,22.65,0.656,,,,0.691
1991-10-23,22.48,0.641,,,,0.675
1991-10-24,22.25,0.656,,,,0.687
1991-10-25,22.35,0.651,,,,0.678
1991-10-28,21.90,0.670,,,,0.686
1991-10-29,21.85,0.670,,,,0.687
1991-10-30,21.95,0.683,,,,0.684
1991-10-31,22.00,0.676,,,,0.689
1991-11-01,22.53,0.683,,,,0.696
1991-11-04,22.73,0.692,,,,0.705
1991-11-05,22.53,0.700,,,,0.709
1991-11-06,22.00,0.691,,,,0.700
1991-11-07,21.85,0.672,,,,0.692
1991-11-08,21.80,0.670,,,,0.679
1991-11-11,21.45,0.640,,,,0.662
1991-11-12,21.20,0.634,,,,0.652
1991-11-13,21.50,0.632,,,,0.640
1991-11-14,21.00,0.642,,,,0.638
1991-11-15,21.63,0.651,,,,0.658
1991-11-18,21.35,0.645,,,,0.636
1991-11-19,21.08,0.636,,,,0.625
1991-11-20,20.48,0.643,,,,0.619
1991-11-21,20.73,0.647,,,,0.617
1991-11-22,20.15,0.632,,,,0.602
1991-11-25,19.78,0.628,,,,0.606
1991-11-26,19.78,0.618,,,,0.598
1991-11-27,19.65,0.625,,,,0.602
1991-11-28,19.98,0.625,,,,0.602
1991-11-29,20.08,0.627,,,,0.618
1991-12-02,19.60,0.615,,,,0.601
1991-12-03,19.20,0.590,,,,0.578
1991-12-04,19.18,0.599,,,,0.582
1991-12-05,19.15,0.580,,,,0.573
1991-12-06,19.05,0.567,,,,0.547
1991-12-09,18.25,0.546,,,,0.515
1991-12-10,18.10,0.543,,,,0.515
1991-12-11,18.28,0.543,,,,0.522
1991-12-12,18.58,0.551,,,,0.528
1991-12-13,19.05,0.554,,,,0.540
1991-12-16,18.55,0.554,,,,0.537
1991-12-17,18.13,0.550,,,,0.527
1991-12-18,18.15,0.548,,,,0.518
1991-12-19,18.15,0.542,,,,0.508
1991-12-20,18.55,0.530,,,,0.487
1991-12-23,17.60,0.535,,,,0.490
1991-12-24,17.78,0.545,,,,0.489
1991-12-25,,,,,,
1991-12-26,17.78,0.533,,,,0.474
1991-12-27,17.75,0.537,,,,0.475
1991-12-30,18.00,0.545,,,,0.470
1991-12-31,17.75,0.551,,,,0.480
1992-01-01,,,,,,
1992-01-02,18.45,0.560,,,,0.486
1992-01-03,18.50,0.554,,,,0.485
1992-01-06,18.75,0.550,,,,0.485
1992-01-07,18.40,0.524,,,,0.469
1992-01-08,17.30,0.504,,,,0.456
1992-01-09,17.18,0.492,,,,0.465
1992-01-10,17.23,0.510,,,,0.484
1992-01-13,18.08,0.520,,,,0.519
1992-01-14,18.23,0.513,,,,0.501
1992-01-15,18.38,0.522,,,,0.514
1992-01-16,18.68,0.533,,,,0.525
1992-01-17,18.48,0.540,,,,0.528
1992-01-20,18.45,0.531,,,,0.531
1992-01-21,17.85,0.519,,,,0.519
1992-01-22,17.83,0.526,,,,0.515
1992-01-23,18.10,0.518,,,,0.520
1992-01-24,18.33,0.524,,,,0.537
1992-01-27,18.55,0.536,,,,0.543
1992-01-28,18.43,0.528,,,,0.530
1992-01-29,18.15,0.540,,,,0.534
1992-01-30,18.10,0.551,,,,0.525
1992-01-31,18.15,0.555,,,,0.536
1992-02-03,18.35,0.564,,,,0.537
1992-02-04,18.40,0.577,,,,0.560
1992-02-05,18.48,0.585,,,,0.568
1992-02-06,18.53,0.579,,,,0.559
1992-02-07,18.58,0.583,,,,0.570
1992-02-10,18.95,0.576,,,,0.574
1992-02-11,18.48,0.563,,,,0.562
1992-02-12,18.33,0.566,,,,0.563
1992-02-13,18.53,0.569,,,,0.566
1992-02-14,18.63,0.554,,,,0.554
1992-02-17,17.65,0.554,,,,0.554
1992-02-18,17.70,0.527,,,,0.522
1992-02-19,17.50,0.537,,,,0.531
1992-02-20,17.85,0.534,,,,0.532
1992-02-21,18.00,0.525,,,,0.531
1992-02-24,17.40,0.516,,,,0.520
1992-02-25,17.43,0.521,,,,0.517
1992-02-26,17.28,0.536,,,,0.513
1992-02-27,17.55,0.553,,,,0.517
1992-02-28,17.45,0.544,,,,0.519
1992-03-02,17.35,0.575,,,,0.506
1992-03-03,17.05,0.578,,,,0.514
1992-03-04,17.28,0.581,,,,0.517
1992-03-05,17.43,0.574,,,,0.514
1992-03-06,17.30,0.556,,,,0.509
1992-03-09,17.35,0.553,,,,0.506
1992-03-10,17.35,0.568,,,,0.510
1992-03-11,17.20,0.563,,,,0.502
1992-03-12,17.35,0.572,,,,0.513
1992-03-13,17.73,0.579,,,,0.525
1992-03-16,17.73,0.586,,,,0.528
1992-03-17,17.88,0.585,,,,0.530
1992-03-18,17.65,0.572,,,,0.521
1992-03-19,17.65,0.577,,,,0.531
1992-03-20,17.75,0.559,,,,0.517
1992-03-23,17.58,0.559,,,,0.522
1992-03-24,17.65,0.561,,,,0.515
1992-03-25,17.70,0.561,,,,0.511
1992-03-26,17.98,0.569,,,,0.507
1992-03-27,17.85,0.574,,,,0.501
1992-03-30,17.98,0.573,,,,0.502
1992-03-31,19.09,0.578,,,,0.512
1992-04-01,18.38,0.602,,,,0.526
1992-04-02,18.53,0.596,,,,0.524
1992-04-03,18.63,0.605,,,,0.538
1992-04-06,18.93,0.612,,,,0.543
1992-04-07,18.93,0.604,,,,0.543
1992-04-08,19.18,0.603,,,,0.544
1992-04-09,18.95,0.595,,,,0.536
1992-04-10,19.05,0.590,,,,0.543
1992-04-13,19.03,0.569,,,,0.536
1992-04-14,18.85,0.554,,,,0.535
1992-04-15,18.60,0.562,,,,0.540
1992-04-16,18.95,0.585,,,,0.551
1992-04-17,,,,,,
1992-04-20,18.95,0.597,,,,0.553
1992-04-21,19.00,0.609,,,,0.560
1992-04-22,18.73,0.603,,,,0.544
1992-04-23,18.70,0.603,,,,0.540
1992-04-24,18.90,0.608,,,,0.539
1992-04-27,18.90,0.607,,,,0.539
1992-04-28,19.18,0.612,,,,0.548
1992-04-29,19.28,0.616,,,,0.558
1992-04-30,19.65,0.623,,,,0.565
1992-05-01,19.83,0.630,,,,0.571
1992-05-04,19.88,0.653,,,,0.579
1992-05-05,19.98,0.647,,,,0.574
1992-05-06,19.68,0.641,,,,0.577
1992-05-07,19.65,0.636,,,,0.583
1992-05-08,19.63,0.637,,,,0.585
1992-05-11,19.73,0.642,,,,0.591
1992-05-12,19.80,0.639,,,,0.587
1992-05-13,19.95,0.626,,,,0.576
1992-05-14,19.75,0.616,,,,0.570
1992-05-15,19.70,0.616,,,,0.573
1992-05-18,19.70,0.621,,,,0.572
1992-05-19,19.30,0.609,,,,0.564
1992-05-20,19.28,0.614,,,,0.554
1992-05-21,19.60,0.624,,,,0.562
1992-05-22,19.58,0.632,,,,0.564
1992-05-25,,,,,,
1992-05-26,20.50,0.655,,,,0.599
1992-05-27,20.80,0.647,,,,0.596
1992-05-28,20.73,0.646,,,,0.602
1992-05-29,20.70,0.655,,,,0.608
1992-06-01,20.90,0.650,,,,0.607
1992-06-02,20.85,0.654,,,,0.611
1992-06-03,21.23,0.664,,,,0.609
1992-06-04,21.08,0.663,,,,0.610
1992-06-05,21.35,0.664,,,,0.617
1992-06-08,21.25,0.664,,,,0.614
1992-06-09,21.13,0.656,,,,0.602
1992-06-10,21.05,0.664,,,,0.616
1992-06-11,21.33,0.654,,,,0.610
1992-06-12,21.28,0.653,,,,0.612
1992-06-15,21.30,0.650,,,,0.609
1992-06-16,21.13,0.644,,,,0.605
1992-06-17,21.03,0.647,,,,0.609
1992-06-18,21.23,0.643,,,,0.611
1992-06-19,21.13,0.645,,,,0.613
1992-06-22,20.83,0.641,,,,0.620
1992-06-23,21.35,0.644,,,,0.624
1992-06-24,21.55,0.645,,,,0.638
1992-06-25,21.50,0.623,,,,0.633
1992-06-26,21.30,0.620,,,,0.624
1992-06-29,21.08,0.607,,,,0.625
1992-06-30,20.60,0.599,,,,0.608
1992-07-01,20.25,0.608,,,,0.606
1992-07-02,20.53,0.613,,,,0.613
1992-07-03,20.65,0.613,,,,0.613
1992-07-06,20.45,0.605,,,,0.604
1992-07-07,19.80,0.590,,,,0.591
1992-07-08,19.70,0.574,,,,0.592
1992-07-09,19.78,0.577,,,,0.598
1992-07-10,20.00,0.569,,,,0.603
1992-07-13,19.83,0.571,,,,0.608
1992-07-14,19.98,0.582,,,,0.604
1992-07-15,19.85,0.592,,,,0.610
1992-07-16,20.23,0.605,,,,0.607
1992-07-17,20.20,0.595,,,,0.605
1992-07-20,19.95,0.597,,,,0.615
1992-07-21,20.03,0.603,,,,0.610
1992-07-22,20.23,0.604,,,,0.618
1992-07-23,20.48,0.612,,,,0.628
1992-07-24,20.60,0.621,,,,0.632
1992-07-27,20.58,0.619,,,,0.633
1992-07-28,20.78,0.616,,,,0.628
1992-07-29,20.68,0.620,,,,0.617
1992-07-30,20.48,0.610,,,,0.611
1992-07-31,20.38,0.607,,,,0.613
1992-08-03,20.33,0.601,,,,0.598
1992-08-04,19.85,0.600,,,,0.587
1992-08-05,19.68,0.595,,,,0.585
1992-08-06,19.78,0.609,,,,0.595
1992-08-07,19.75,0.607,,,,0.587
1992-08-10,19.55,0.604,,,,0.582
1992-08-11,19.48,0.610,,,,0.573
1992-08-12,19.65,0.615,,,,0.580
1992-08-13,19.83,0.623,,,,0.589
1992-08-14,19.88,0.620,,,,0.590
1992-08-17,19.95,0.628,,,,0.596
1992-08-18,19.90,0.636,,,,0.590
1992-08-19,19.80,0.623,,,,0.585
1992-08-20,19.63,0.628,,,,0.588
1992-08-21,19.68,0.617,,,,0.582
1992-08-24,19.65,0.639,,,,0.597
1992-08-25,19.68,0.635,,,,0.584
1992-08-26,19.63,0.632,,,,0.587
1992-08-27,19.50,0.625,,,,0.594
1992-08-28,19.65,0.639,,,,0.603
1992-08-31,19.65,0.650,,,,0.615
1992-09-01,19.88,0.652,,,,0.616
1992-09-02,20.00,0.648,,,,0.605
1992-09-03,19.95,0.650,,,,0.605
1992-09-04,20.03,0.650,,,,0.607
1992-09-07,20.13,0.650,,,,0.607
1992-09-08,20.30,0.646,,,,0.615
1992-09-09,20.33,0.637,,,,0.617
1992-09-10,20.30,0.617,,,,0.618
1992-09-11,20.35,0.618,,,,0.624
1992-09-14,20.68,0.627,,,,0.637
1992-09-15,20.50,0.617,,,,0.624
1992-09-16,20.43,0.623,,,,0.630
1992-09-17,20.35,0.617,,,,0.623
1992-09-18,20.30,0.602,,,,0.619
1992-09-21,20.15,0.593,,,,0.622
1992-09-22,20.33,0.593,,,,0.628
1992-09-23,20.53,0.598,,,,0.641
1992-09-24,20.43,0.595,,,,0.634
1992-09-25,20.33,0.594,,,,0.628
1992-09-28,20.28,0.598,,,,0.633
1992-09-29,20.18,0.583,,,,0.634
1992-09-30,20.18,0.586,,,,0.630
1992-10-01,20.28,0.590,,,,0.632
1992-10-02,20.40,0.597,,,,0.632
1992-10-05,20.20,0.597,,,,0.629
1992-10-06,20.23,0.598,,,,0.627
1992-10-07,20.28,0.601,,,,0.630
1992-10-08,20.48,0.614,,,,0.631
1992-10-09,20.48,0.614,,,,0.648
1992-10-12,20.80,0.618,,,,0.646
1992-10-13,20.83,0.603,,,,0.634
1992-10-14,20.68,0.600,,,,0.633
1992-10-15,20.73,0.612,,,,0.639
1992-10-16,20.78,0.601,,,,0.629
1992-10-19,20.73,0.598,,,,0.629
1992-10-20,20.68,0.602,,,,0.623
1992-10-21,20.28,0.598,,,,0.615
1992-10-22,20.13,0.600,,,,0.608
1992-10-23,20.03,0.608,,,,0.607
1992-10-26,19.78,0.609,,,,0.605
1992-10-27,19.78,0.609,,,,0.600
1992-10-28,19.65,0.610,,,,0.603
1992-10-29,19.40,0.605,,,,0.584
1992-10-30,19.13,0.633,,,,0.581
1992-11-02,19.25,0.636,,,,0.582
1992-11-03,19.35,0.642,,,,0.573
1992-11-04,19.03,0.619,,,,0.565
1992-11-05,19.20,0.632,,,,0.571
1992-11-06,19.13,0.621,,,,0.555
1992-11-09,19.10,0.623,,,,0.569
1992-11-10,19.53,0.601,,,,0.562
1992-11-11,19.40,0.590,,,,0.565
1992-11-12,19.18,0.557,,,,0.559
1992-11-13,19.05,0.550,,,,0.560
1992-11-16,19.20,0.562,,,,0.572
1992-11-17,19.15,0.562,,,,0.566
1992-11-18,19.10,0.560,,,,0.549
1992-11-19,19.48,0.566,,,,0.559
1992-11-20,19.48,0.571,,,,0.559
1992-11-23,19.15,0.558,,,,0.545
1992-11-24,19.18,0.546,,,,0.550
1992-11-25,19.28,0.549,,,,0.558
1992-11-26,18.93,,,,,
1992-11-27,19.08,0.549,,,,0.558
1992-11-30,19.25,0.551,,,,0.550
1992-12-01,18.65,0.528,,,,0.542
1992-12-02,18.38,0.526,,,,0.541
1992-12-03,18.20,0.517,,,,0.524
1992-12-04,18.35,0.515,,,,0.521
1992-12-07,18.25,0.521,,,,0.532
1992-12-08,18.08,0.510,,,,0.518
1992-12-09,17.80,0.505,,,,0.527
1992-12-10,18.28,0.518,,,,0.543
1992-12-11,18.20,0.515,,,,0.531
1992-12-14,18.03,0.521,,,,0.525
1992-12-15,17.80,0.522,,,,0.518
1992-12-16,17.90,0.547,,,,0.536
1992-12-17,18.18,0.557,,,,0.544
1992-12-18,18.30,0.562,,,,0.543
1992-12-21,18.33,0.551,,,,0.555
1992-12-22,18.08,0.544,,,,0.557
1992-12-23,18.23,0.549,,,,0.577
1992-12-24,18.28,0.549,,,,0.577
1992-12-25,,,,,,
1992-12-28,,0.542,,,,0.566
1992-12-29,17.93,0.539,,,,0.568
1992-12-30,17.83,0.538,,,,0.568
1992-12-31,17.85,0.539,,,,0.565
1993-01-01,,,,,,
1993-01-04,17.73,0.534,,,,0.545
1993-01-05,17.48,0.536,,,,0.548
1993-01-06,17.53,0.536,,,,0.539
1993-01-07,17.58,0.522,,,,0.533
1993-01-08,17.23,0.521,,,,0.534
1993-01-11,17.28,0.516,,,,0.537
1993-01-12,16.85,0.498,,,,0.517
1993-01-13,16.85,0.505,,,,0.516
1993-01-14,17.00,0.514,,,,0.526
1993-01-15,17.28,0.529,,,,0.527
1993-01-18,17.25,0.529,,,,0.527
1993-01-19,16.98,0.515,,,,0.521
1993-01-20,16.70,0.513,,,,0.512
1993-01-21,16.88,0.519,,,,0.516
1993-01-22,17.08,0.519,,,,0.519
1993-01-25,17.58,0.545,,,,0.544
1993-01-26,17.93,0.536,,,,0.554
1993-01-27,17.88,0.537,,,,0.544
1993-01-28,18.15,0.558,,,,0.568
1993-01-29,18.48,0.548,,,,0.562
1993-02-01,18.55,0.550,,,,0.564
1993-02-02,18.40,0.540,,,,0.552
1993-02-03,,,,,,
1993-02-04,18.65,0.548,,,,0.560
1993-02-05,18.70,0.544,,,,0.562
1993-02-08,18.55,0.532,,,,0.561
1993-02-09,18.33,0.532,,,,0.559
1993-02-10,18.48,0.531,,,,0.558
1993-02-11,18.43,0.525,,,,0.555
1993-02-12,18.48,0.510,,,,0.540
1993-02-15,17.98,,,,,
1993-02-16,18.20,0.496,,,,0.535
1993-02-17,17.93,0.493,,,,0.530
1993-02-18,17.83,0.494,,,,0.527
1993-02-19,18.30,0.506,,,,0.537
1993-02-22,18.63,0.526,,,,0.549
1993-02-23,18.88,0.531,,,,0.558
1993-02-24,18.88,0.523,,,,0.558
1993-02-25,18.83,0.520,,,,0.576
1993-02-26,18.83,0.521,,,,0.567
1993-03-01,19.03,0.539,,,,0.567
1993-03-02,18.83,0.535,,,,0.562
1993-03-03,18.93,0.541,,,,0.568
1993-03-04,19.35,0.559,,,,0.584
1993-03-05,19.60,0.556,,,,0.577
1993-03-08,19.28,0.548,,,,0.562
1993-03-09,19.23,0.550,,,,0.566
1993-03-10,19.08,0.540,,,,0.562
1993-03-11,18.70,0.530,,,,0.554
1993-03-12,18.83,0.542,,,,0.563
1993-03-15,18.88,0.536,,,,0.554
1993-03-16,18.55,0.535,,,,0.560
1993-03-17,18.60,0.541,,,,0.560
1993-03-18,18.70,0.538,,,,0.562
1993-03-19,18.58,0.530,,,,0.556
1993-03-22,18.18,0.516,,,,0.548
1993-03-23,18.23,0.527,,,,0.560
1993-03-24,18.53,0.531,,,,0.558
1993-03-25,18.60,0.533,,,,0.556
1993-03-26,18.55,0.544,,,,0.548
1993-03-29,18.65,0.552,,,,0.540
1993-03-30,18.45,0.546,,,,0.531
1993-03-31,18.70,0.557,,,,0.542
1993-04-01,18.98,0.596,,,,0.550
1993-04-02,18.88,0.595,,,,0.556
1993-04-05,18.95,0.591,,,,0.551
1993-04-06,18.65,0.587,,,,0.543
1993-04-07,18.70,0.592,,,,0.554
1993-04-08,18.53,0.587,,,,0.548
1993-04-09,,,,,,
1993-04-12,,0.589,,,,0.554
1993-04-13,18.80,0.590,,,,0.551
1993-04-14,18.73,0.593,,,,0.555
1993-04-15,18.63,0.593,,,,0.555
1993-04-16,18.50,0.596,,,,0.555
1993-04-19,18.48,0.598,,,,0.550
1993-04-20,18.53,0.599,,,,0.549
1993-04-21,18.68,0.592,,,,0.546
1993-04-22,18.48,0.590,,,,0.542
1993-04-23,18.63,0.592,,,,0.553
1993-04-26,18.63,0.589,,,,0.553
1993-04-27,18.58,0.588,,,,0.550
1993-04-28,18.48,,,,,
1993-04-29,18.80,0.607,,,,0.556
1993-04-30,18.85,0.612,,,,0.551
1993-05-03,,0.615,,,,0.558
1993-05-04,18.90,0.613,,,,0.560
1993-05-05,18.85,0.615,,,,0.561
1993-05-06,19.13,0.616,,,,0.560
1993-05-07,18.98,0.611,,,,0.565
1993-05-10,18.98,0.612,,,,0.568
1993-05-11,18.83,0.610,,,,0.563
1993-05-12,18.90,0.603,,,,0.555
1993-05-13,18.70,0.589,,,,0.544
1993-05-14,18.40,0.583,,,,0.540
1993-05-17,18.28,0.585,,,,0.547
1993-05-18,18.18,0.580,,,,0.547
1993-05-19,18.13,0.585,,,,0.548
1993-05-20,18.10,0.587,,,,0.557
1993-05-21,18.05,0.586,,,,0.553
1993-05-24,18.15,0.584,,,,0.545
1993-05-25,18.15,0.581,,,,0.548
1993-05-26,18.08,0.570,,,,0.547
1993-05-27,18.43,0.574,,,,0.551
1993-05-28,18.43,0.573,,,,0.552
1993-05-31,,,,,,
1993-06-01,18.48,0.583,,,,0.553
1993-06-02,18.48,0.575,,,,0.549
1993-06-03,18.15,0.564,,,,0.543
1993-06-04,18.25,0.563,,,,0.540
1993-06-07,18.00,0.554,,,,0.532
1993-06-08,18.23,0.551,,,,0.530
1993-06-09,18.23,0.549,,,,0.534
1993-06-10,18.20,0.540,,,,0.526
1993-06-11,17.63,0.537,,,,0.524
1993-06-14,17.58,0.537,,,,0.518
1993-06-15,17.30,0.532,,,,0.515
1993-06-16,17.33,0.540,,,,0.519
1993-06-17,17.23,0.544,,,,0.517
1993-06-18,17.13,0.542,,,,0.520
1993-06-21,17.18,0.540,,,,0.518
1993-06-22,17.18,0.533,,,,0.518
1993-06-23,17.18,0.536,,,,0.519
1993-06-24,17.23,0.545,,,,0.518
1993-06-25,17.23,0.545,,,,0.518
1993-06-28,17.23,0.547,,,,0.523
1993-06-29,17.48,0.547,,,,0.524
1993-06-30,17.43,0.544,,,,0.521
1993-07-01,16.98,0.535,,,,0.511
1993-07-02,16.63,0.526,,,,0.502
1993-07-05,16.88,,,,,
1993-07-06,17.13,0.532,,,,0.506
1993-07-07,16.90,0.522,,,,0.500
1993-07-08,16.55,0.516,,,,0.491
1993-07-09,16.53,0.521,,,,0.498
1993-07-12,16.78,0.523,,,,0.500
1993-07-13,16.95,0.523,,,,0.497
1993-07-14,16.50,0.511,,,,0.481
1993-07-15,16.48,0.516,,,,0.487
1993-07-16,16.60,0.506,,,,0.476
1993-07-19,16.58,0.519,,,,0.491
1993-07-20,16.58,0.514,,,,0.484
1993-07-21,16.73,0.519,,,,0.490
1993-07-22,16.65,0.510,,,,0.486
1993-07-23,16.85,0.513,,,,0.491
1993-07-26,16.85,0.513,,,,0.492
1993-07-27,16.85,0.527,,,,0.509
1993-07-28,17.13,0.521,,,,0.505
1993-07-29,17.08,0.517,,,,0.496
1993-07-30,16.85,0.513,,,,0.487
1993-08-02,16.85,0.513,,,,0.496
1993-08-03,16.53,0.508,,,,0.490
1993-08-04,16.63,0.511,,,,0.488
1993-08-05,16.60,0.515,,,,0.482
1993-08-06,16.38,0.516,,,,0.475
1993-08-09,16.45,0.536,,,,0.481
1993-08-10,16.30,0.534,,,,0.477
1993-08-11,16.58,0.554,,,,0.492
1993-08-12,16.78,0.562,,,,0.501
1993-08-13,16.93,0.560,,,,0.512
1993-08-16,16.80,0.553,,,,0.500
1993-08-17,16.88,0.552,,,,0.503
1993-08-18,16.63,0.536,,,,0.498
1993-08-19,16.63,0.529,,,,0.505
1993-08-20,16.68,0.533,,,,0.509
1993-08-23,16.83,0.536,,,,0.516
1993-08-24,16.93,0.534,,,,0.512
1993-08-25,16.68,0.525,,,,0.511
1993-08-26,16.75,0.526,,,,0.512
1993-08-27,17.05,0.533,,,,0.522
1993-08-30,,0.522,,,,0.524
1993-08-31,16.73,0.515,,,,0.515
1993-09-01,16.55,0.509,,,,0.520
1993-09-02,16.50,0.506,,,,0.523
1993-09-03,16.33,0.500,,,,0.523
1993-09-06,16.23,,,,,
1993-09-07,15.85,0.481,,,,0.505
1993-09-08,15.65,0.479,,,,0.507
1993-09-09,15.73,0.479,,,,0.513
1993-09-10,15.43,0.474,,,,0.512
1993-09-13,15.43,0.475,,,,0.513
1993-09-14,15.58,0.474,,,,0.514
1993-09-15,15.35,0.473,,,,0.518
1993-09-16,15.43,0.476,,,,0.515
1993-09-17,15.55,0.483,,,,0.523
1993-09-20,16.03,0.496,,,,0.550
1993-09-21,16.25,0.492,,,,0.553
1993-09-22,15.88,0.480,,,,0.547
1993-09-23,15.88,0.478,,,,0.554
1993-09-24,16.10,0.476,,,,0.560
1993-09-27,16.10,0.477,,,,0.560
1993-09-28,16.40,0.486,,,,0.558
1993-09-29,16.78,0.500,,,,0.575
1993-09-30,17.23,0.503,,,,0.586
1993-10-01,17.08,0.506,,,,0.576
1993-10-04,16.90,0.500,,,,0.566
1993-10-05,16.78,0.504,,,,0.565
1993-10-06,16.98,0.501,,,,0.569
1993-10-07,16.88,0.506,,,,0.574
1993-10-08,16.98,0.510,,,,0.577
1993-10-11,17.13,0.519,,,,0.580
1993-10-12,17.15,0.518,,,,0.578
1993-10-13,17.00,0.521,,,,0.575
1993-10-14,16.80,0.525,,,,0.576
1993-10-15,16.70,0.528,,,,0.564
1993-10-18,16.50,0.513,,,,0.560
1993-10-19,16.53,0.508,,,,0.565
1993-10-20,16.68,0.508,,,,0.568
1993-10-21,16.88,0.503,,,,0.566
1993-10-22,16.48,0.492,,,,0.563
1993-10-25,16.13,0.480,,,,0.561
1993-10-26,15.95,0.480,,,,0.559
1993-10-27,15.95,0.485,,,,0.565
1993-10-28,15.83,0.481,,,,0.562
1993-10-29,15.43,0.469,,,,0.550
1993-11-01,15.83,0.478,,,,0.555
1993-11-02,15.63,0.464,,,,0.546
1993-11-03,15.83,0.468,,,,0.553
1993-11-04,15.78,0.466,,,,0.547
1993-11-05,15.73,0.457,,,,0.528
1993-11-08,15.28,0.449,,,,0.523
1993-11-09,15.33,0.444,,,,0.522
1993-11-10,15.23,0.437,,,,0.523
1993-11-11,15.18,0.443,,,,0.539
1993-11-12,15.08,0.435,,,,0.537
1993-11-15,15.25,0.440,,,,0.536
1993-11-16,15.33,0.438,,,,0.531
1993-11-17,15.55,0.452,,,,0.544
1993-11-18,15.40,0.446,,,,0.542
1993-11-19,15.25,0.449,,,,0.542
1993-11-22,15.35,0.445,,,,0.549
1993-11-23,15.25,0.434,,,,0.526
1993-11-24,15.13,0.434,,,,0.527
1993-11-25,14.35,,,,,
1993-11-26,14.28,,,,,
1993-11-29,14.05,0.399,,,,0.492
1993-11-30,14.23,0.396,,,,0.493
1993-12-01,14.43,0.405,,,,0.491
1993-12-02,14.15,0.395,,,,0.469
1993-12-03,13.95,0.394,,,,0.460
1993-12-06,13.90,0.383,,,,0.447
1993-12-07,13.88,0.375,,,,0.434
1993-12-08,13.45,0.367,,,,0.419
1993-12-09,13.60,0.368,,,,0.423
1993-12-10,13.80,0.367,,,,0.442
1993-12-13,13.90,0.351,,,,0.427
1993-12-14,14.78,0.357,,,,0.427
1993-12-15,13.80,0.362,,,,0.433
1993-12-16,13.63,0.373,,,,0.443
1993-12-17,13.85,0.383,,,,0.446
1993-12-20,13.63,0.383,,,,0.451
1993-12-21,13.45,0.382,,,,0.446
1993-12-22,13.60,0.383,,,,0.452
1993-12-23,13.55,0.383,,,,0.450
1993-12-24,13.38,,,,,
1993-12-27,,0.358,,,,0.450
1993-12-28,,0.371,,,,0.446
1993-12-29,13.13,0.382,,,,0.458
1993-12-30,13.20,0.385,,,,0.456
1993-12-31,13.18,,,,,
1994-01-03,,0.399,,,,0.473
1994-01-04,13.43,0.409,,,,0.483
1994-01-05,14.10,0.429,,,,0.495
1994-01-06,14.55,0.430,,,,0.495
1994-01-07,14.63,0.437,,,,0.500
1994-01-10,14.15,0.414,,,,0.486
1994-01-11,14.10,0.425,,,,0.512
1994-01-12,13.90,0.415,,,,0.509
1994-01-13,13.75,0.418,,,,0.518
1994-01-14,14.10,0.423,,,,0.598
1994-01-17,14.40,0.417,,,,0.574
1994-01-18,14.10,0.409,,,,0.531
1994-01-19,14.25,0.410,,,,0.540
1994-01-20,14.10,0.413,,,,0.520
1994-01-21,14.23,0.414,,,,0.519
1994-01-24,14.35,0.427,,,,0.534
1994-01-25,14.63,0.441,,,,0.547
1994-01-26,14.80,0.445,,,,0.566
1994-01-27,14.78,0.438,,,,0.576
1994-01-28,14.65,0.431,,,,0.571
1994-01-31,14.83,0.423,,,,0.551
1994-02-01,15.03,0.418,,,,0.577
1994-02-02,15.40,0.461,,,,0.604
1994-02-03,15.48,0.461,,,,0.591
1994-02-04,14.93,0.457,,,,0.573
1994-02-07,14.60,0.441,,,,0.538
1994-02-08,14.13,0.448,,,,0.548
1994-02-09,13.53,0.431,,,,0.505
1994-02-10,13.58,0.429,,,,0.514
1994-02-11,13.70,0.430,,,,0.523
1994-02-14,13.40,0.415,,,,0.489
1994-02-15,13.13,0.417,,,,0.467
1994-02-16,13.08,0.417,,,,0.444
1994-02-17,13.28,0.428,,,,0.434
1994-02-18,13.00,0.430,,,,0.439
1994-02-21,13.05,,,,,
1994-02-22,13.20,0.436,,,,0.449
1994-02-23,13.20,0.432,,,,0.452
1994-02-24,13.40,0.445,,,,0.462
1994-02-25,13.33,0.439,,,,0.468
1994-02-28,13.59,0.438,,,,0.452
1994-03-01,13.45,0.445,,,,0.466
1994-03-02,13.50,0.443,,,,0.458
1994-03-03,13.55,0.439,,,,0.458
1994-03-04,13.43,0.435,,,,0.454
1994-03-07,13.13,0.420,,,,0.440
1994-03-08,13.15,0.425,,,,0.442
1994-03-09,13.30,0.424,,,,0.439
1994-03-10,13.23,0.423,,,,0.434
1994-03-11,13.70,0.437,,,,0.442
1994-03-14,14.03,0.435,,,,0.441
1994-03-15,14.28,0.447,,,,0.460
1994-03-16,14.30,0.454,,,,0.461
1994-03-17,14.25,0.448,,,,0.459
1994-03-18,14.05,0.447,,,,0.461
1994-03-21,14.55,0.455,,,,0.466
1994-03-22,14.80,0.457,,,,0.463
1994-03-23,14.50,0.455,,,,0.458
1994-03-24,14.53,0.455,,,,0.458
1994-03-25,14.58,0.453,,,,0.470
1994-03-28,13.75,0.421,,,,0.441
1994-03-29,13.38,0.438,,,,0.447
1994-03-30,13.23,0.439,,,,0.429
1994-03-31,13.25,0.436,,,,0.431
1994-04-01,,,,,,
1994-04-04,,0.485,,,,0.470
1994-04-05,14.33,0.485,,,,0.466
1994-04-06,14.33,0.489,,,,0.461
1994-04-07,14.40,0.484,,,,0.454
1994-04-08,14.30,0.480,,,,0.457
1994-04-11,14.73,0.485,,,,0.462
1994-04-12,14.80,0.479,,,,0.464
1994-04-13,15.00,0.483,,,,0.466
1994-04-14,15.28,0.493,,,,0.473
1994-04-15,15.23,0.501,,,,0.480
1994-04-18,15.48,0.495,,,,0.477
1994-04-19,15.13,0.482,,,,0.468
1994-04-20,15.30,0.482,,,,0.470
1994-04-21,15.63,0.486,,,,0.472
1994-04-22,16.28,0.504,,,,0.479
1994-04-25,16.38,0.509,,,,0.482
1994-04-26,16.05,0.500,,,,0.477
1994-04-27,15.75,0.502,,,,0.472
1994-04-28,15.65,0.482,,,,0.464
1994-04-29,15.35,0.488,,,,0.467
1994-05-02,,0.498,,,,0.468
1994-05-03,15.93,0.493,,,,0.458
1994-05-04,15.95,0.489,,,,0.456
1994-05-05,15.85,0.492,,,,0.463
1994-05-06,16.25,0.495,,,,0.475
1994-05-09,16.33,0.504,,,,0.477
1994-05-10,16.25,0.492,,,,0.470
1994-05-11,16.10,0.491,,,,0.475
1994-05-12,16.25,0.499,,,,0.476
1994-05-13,16.50,0.508,,,,0.478
1994-05-16,16.23,0.505,,,,0.472
1994-05-17,15.83,0.497,,,,0.464
1994-05-18,15.98,0.507,,,,0.471
1994-05-19,16.15,0.516,,,,0.473
1994-05-20,16.23,0.521,,,,0.478
1994-05-23,16.63,0.517,,,,0.474
1994-05-24,16.63,0.515,,,,0.472
1994-05-25,16.33,0.511,,,,0.474
1994-05-26,16.08,0.509,,,,0.474
1994-05-27,16.08,0.516,,,,0.480
1994-05-30,,,,,,
1994-05-31,16.18,0.532,,,,0.489
1994-06-01,16.40,0.539,,,,0.486
1994-06-02,16.35,0.535,,,,0.479
1994-06-03,16.13,0.531,,,,0.477
1994-06-06,16.18,0.526,,,,0.469
1994-06-07,15.95,0.511,,,,0.453
1994-06-08,15.65,0.515,,,,0.459
1994-06-09,16.13,0.513,,,,0.465
1994-06-10,16.38,0.511,,,,0.469
1994-06-13,16.23,0.515,,,,0.477
1994-06-14,16.40,0.516,,,,0.485
1994-06-15,16.73,0.535,,,,0.512
1994-06-16,16.88,0.530,,,,0.510
1994-06-17,17.13,0.548,,,,0.526
1994-06-20,17.38,0.543,,,,0.520
1994-06-21,17.63,0.537,,,,0.510
1994-06-22,17.48,0.531,,,,0.504
1994-06-23,17.30,0.540,,,,0.512
1994-06-24,17.40,0.535,,,,0.509
1994-06-27,17.40,0.524,,,,0.504
1994-06-28,16.98,0.533,,,,0.504
1994-06-29,17.23,0.519,,,,0.499
1994-06-30,17.45,0.526,,,,0.507
1994-07-01,17.65,0.532,,,,0.510
1994-07-04,17.50,,,,,
1994-07-05,17.13,0.532,,,,0.510
1994-07-06,16.90,0.523,,,,0.497
1994-07-07,16.78,0.515,,,,0.488
1994-07-08,17.00,0.521,,,,0.494
1994-07-11,17.48,0.530,,,,0.503
1994-07-12,18.25,0.537,,,,0.509
1994-07-13,18.25,0.539,,,,0.511
1994-07-14,18.33,0.543,,,,0.513
1994-07-15,18.15,0.542,,,,0.505
1994-07-18,17.50,0.533,,,,0.497
1994-07-19,17.20,0.537,,,,0.505
1994-07-20,17.35,0.538,,,,0.507
1994-07-21,17.45,0.549,,,,0.508
1994-07-22,17.58,0.553,,,,0.514
1994-07-25,17.35,0.561,,,,0.513
1994-07-26,17.43,0.568,,,,0.516
1994-07-27,17.83,0.576,,,,0.515
1994-07-28,18.00,0.572,,,,0.522
1994-07-29,18.48,0.591,,,,0.540
1994-08-01,19.03,0.601,,,,0.550
1994-08-02,18.48,0.606,,,,0.538
1994-08-03,18.48,0.610,,,,0.529
1994-08-04,18.43,0.607,,,,0.525
1994-08-05,17.78,0.588,,,,0.496
1994-08-08,17.93,0.589,,,,0.502
1994-08-09,17.68,0.593,,,,0.502
1994-08-10,17.33,0.589,,,,0.500
1994-08-11,17.50,0.578,,,,0.496
1994-08-12,17.10,0.557,,,,0.484
1994-08-15,16.75,0.554,,,,0.490
1994-08-16,16.68,0.554,,,,0.485
1994-08-17,16.28,0.569,,,,0.499
1994-08-18,16.30,0.568,,,,0.483
1994-08-19,16.13,0.546,,,,0.477
1994-08-22,15.25,0.518,,,,0.470
1994-08-23,15.30,0.510,,,,0.477
1994-08-24,15.80,0.507,,,,0.484
1994-08-25,15.75,0.495,,,,0.489
1994-08-26,15.85,0.501,,,,0.482
1994-08-29,,0.516,,,,0.497
1994-08-30,15.78,0.505,,,,0.493
1994-08-31,16.03,0.507,,,,0.499
1994-09-01,16.03,0.493,,,,0.499
1994-09-02,15.88,0.491,,,,0.503
1994-09-05,15.60,,,,,
1994-09-06,15.95,0.490,,,,0.506
1994-09-07,16.03,0.491,,,,0.503
1994-09-08,16.05,0.495,,,,0.501
1994-09-09,15.93,0.484,,,,0.497
1994-09-12,15.83,0.476,,,,0.492
1994-09-13,15.48,0.448,,,,0.480
1994-09-14,15.40,0.440,,,,0.469
1994-09-15,15.25,0.446,,,,0.466
1994-09-16,15.30,0.449,,,,0.469
1994-09-19,15.45,0.462,,,,0.486
1994-09-20,15.78,0.452,,,,0.482
1994-09-21,15.80,0.456,,,,0.484
1994-09-22,15.90,0.463,,,,0.493
1994-09-23,16.30,0.460,,,,0.492
1994-09-26,16.10,0.443,,,,0.488
1994-09-27,16.10,0.436,,,,0.484
1994-09-28,16.20,0.443,,,,0.490
1994-09-29,16.60,0.459,,,,0.502
1994-09-30,16.73,0.463,,,,0.512
1994-10-03,16.85,0.459,,,,0.505
1994-10-04,16.70,0.457,,,,0.499
1994-10-05,16.50,0.455,,,,0.505
1994-10-06,16.63,0.466,,,,0.508
1994-10-07,16.93,0.476,,,,0.514
1994-10-10,16.70,0.473,,,,0.507
1994-10-11,16.38,0.484,,,,0.496
1994-10-12,16.08,0.479,,,,0.479
1994-10-13,15.63,0.487,,,,0.480
1994-10-14,15.58,0.492,,,,0.483
1994-10-17,15.75,0.503,,,,0.493
1994-10-18,16.13,0.509,,,,0.507
1994-10-19,16.28,0.491,,,,0.516
1994-10-20,16.53,0.516,,,,0.536
1994-10-21,16.35,0.516,,,,0.519
1994-10-24,16.48,0.546,,,,0.529
1994-10-25,16.48,0.551,,,,0.531
1994-10-26,16.88,0.586,,,,0.533
1994-10-27,17.08,0.587,,,,0.522
1994-10-28,17.18,0.608,,,,0.521
1994-10-31,17.18,0.571,,,,0.517
1994-11-01,17.40,0.587,,,,0.532
1994-11-02,17.58,0.575,,,,0.527
1994-11-03,17.75,0.567,,,,0.526
1994-11-04,18.00,0.563,,,,0.523
1994-11-07,17.78,0.525,,,,0.513
1994-11-08,17.38,0.526,,,,0.519
1994-11-09,17.55,0.533,,,,0.517
1994-11-10,17.20,0.545,,,,0.522
1994-11-11,17.38,0.548,,,,0.522
1994-11-14,17.25,0.557,,,,0.505
1994-11-15,16.98,0.551,,,,0.507
1994-11-16,16.80,0.510,,,,0.496
1994-11-17,16.53,0.491,,,,0.496
1994-11-18,16.45,0.488,,,,0.495
1994-11-21,17.25,0.468,,,,0.500
1994-11-22,17.20,0.465,,,,0.506
1994-11-23,16.88,0.478,,,,0.522
1994-11-24,16.95,,,,,
1994-11-25,17.00,,,,,
1994-11-28,16.95,0.479,,,,0.520
1994-11-29,17.00,0.463,,,,0.508
1994-11-30,16.95,0.478,,,,0.501
1994-12-01,16.98,0.463,,,,0.499
1994-12-02,16.35,0.419,,,,0.480
1994-12-05,15.93,0.419,,,,0.479
1994-12-06,16.05,0.445,,,,0.482
1994-12-07,15.83,0.445,,,,0.480
1994-12-08,16.13,0.459,,,,0.495
1994-12-09,16.08,0.475,,,,0.499
1994-12-12,15.98,0.456,,,,0.492
1994-12-13,15.73,0.474,,,,0.495
1994-12-14,15.83,0.479,,,,0.498
1994-12-15,15.60,0.465,,,,0.488
1994-12-16,15.48,0.468,,,,0.482
1994-12-19,15.58,0.467,,,,0.474
1994-12-20,15.73,0.474,,,,0.473
1994-12-21,15.65,0.476,,,,0.475
1994-12-22,15.60,0.472,,,,0.473
1994-12-23,15.55,0.470,,,,0.475
1994-12-26,,,,,,
1994-12-27,,0.486,,,,0.486
1994-12-28,16.08,0.503,,,,0.496
1994-12-29,16.25,0.506,,,,0.501
1994-12-30,16.23,0.515,,,,0.506
1995-01-02,,,,,,
1995-01-03,15.88,0.499,,,,0.496
1995-01-04,15.93,0.499,,,,0.491
1995-01-05,16.13,0.500,,,,0.493
1995-01-06,16.35,0.499,,,,0.486
1995-01-09,16.08,0.500,,,,0.475
1995-01-10,16.00,0.502,,,,0.464
1995-01-11,16.40,0.505,,,,0.460
1995-01-12,16.48,0.508,,,,0.462
1995-01-13,16.20,0.511,,,,0.450
1995-01-16,16.38,0.529,,,,0.462
1995-01-17,16.78,0.548,,,,0.483
1995-01-18,16.95,0.558,,,,0.485
1995-01-19,17.08,0.526,,,,0.473
1995-01-20,17.23,0.518,,,,0.468
1995-01-23,17.00,0.503,,,,0.467
1995-01-24,17.15,0.514,,,,0.464
1995-01-25,16.98,0.501,,,,0.458
1995-01-26,16.73,0.506,,,,0.459
1995-01-27,16.38,0.496,,,,0.469
1995-01-30,16.68,0.493,,,,0.472
1995-01-31,16.80,0.514,,,,0.470
1995-02-01,17.05,0.513,,,,0.472
1995-02-02,17.00,0.507,,,,0.482
1995-02-03,17.40,0.517,,,,0.491
1995-02-06,17.08,0.512,,,,0.487
1995-02-07,17.05,0.505,,,,0.481
1995-02-08,17.03,0.495,,,,0.473
1995-02-09,16.85,0.490,,,,0.465
1995-02-10,16.85,0.490,,,,0.469
1995-02-13,16.88,0.491,,,,0.454
1995-02-14,17.00,0.499,,,,0.460
1995-02-15,17.10,0.497,,,,0.450
1995-02-16,17.13,0.516,,,,0.455
1995-02-17,17.40,0.524,,,,0.465
1995-02-20,17.43,,,,,
1995-02-21,17.18,0.530,,,,0.460
1995-02-22,17.08,0.535,,,,0.462
1995-02-23,17.10,0.521,,,,0.461
1995-02-24,17.10,0.526,,,,0.464
1995-02-27,17.35,0.531,,,,0.457
1995-02-28,17.23,0.518,,,,0.459
1995-03-01,16.85,0.505,,,,0.446
1995-03-02,16.55,0.492,,,,0.446
1995-03-03,16.68,0.490,,,,0.457
1995-03-06,16.75,0.495,,,,0.449
1995-03-07,16.85,0.499,,,,0.440
1995-03-08,16.73,0.495,,,,0.432
1995-03-09,16.65,0.480,,,,0.428
1995-03-10,16.50,0.461,,,,0.432
1995-03-13,16.30,0.472,,,,0.437
1995-03-14,16.33,0.458,,,,0.426
1995-03-15,16.38,0.477,,,,0.435
1995-03-16,16.50,0.502,,,,0.441
1995-03-17,16.55,0.507,,,,0.450
1995-03-20,16.83,0.519,,,,0.449
1995-03-21,16.80,0.523,,,,0.450
1995-03-22,17.08,0.528,,,,0.461
1995-03-23,17.48,0.523,,,,0.456
1995-03-24,17.65,0.526,,,,0.453
1995-03-27,17.83,0.530,,,,0.464
1995-03-28,17.85,0.524,,,,0.462
1995-03-29,18.05,0.536,,,,0.472
1995-03-30,17.98,0.543,,,,0.471
1995-03-31,17.98,0.512,,,,0.472
1995-04-03,17.88,0.550,,,,0.471
1995-04-04,18.03,0.570,,,,0.476
1995-04-05,18.35,0.588,,,,0.480
1995-04-06,18.50,0.596,,,,0.498
1995-04-07,18.45,0.596,,,,0.498
1995-04-10,18.15,0.598,,,,0.498
1995-04-11,18.63,0.603,,,,0.508
1995-04-12,18.73,0.605,,,,0.503
1995-04-13,17.98,0.595,,,,0.496
1995-04-14,,,,,,
1995-04-17,,0.609,,,,0.508
1995-04-18,18.55,0.622,,,,0.510
1995-04-19,18.73,0.630,,,,0.503
1995-04-20,19.15,0.631,,,,0.504
1995-04-21,19.18,0.630,,,,0.508
1995-04-24,19.05,0.620,,,,0.506
1995-04-25,19.35,0.625,,,,0.508
1995-04-26,18.90,0.628,,,,0.505
1995-04-27,19.08,0.646,,,,0.513
1995-04-28,18.98,0.650,,,,0.512
1995-05-01,19.38,0.654,,,,0.516
1995-05-02,18.83,0.656,,,,0.514
1995-05-03,18.33,0.642,,,,0.504
1995-05-04,18.68,0.652,,,,0.514
1995-05-05,18.85,0.654,,,,0.515
1995-05-08,18.78,0.657,,,,0.514
1995-05-09,18.12,0.641,,,,0.500
1995-05-10,18.10,0.637,,,,0.508
1995-05-11,18.08,0.632,,,,0.499
1995-05-12,18.23,0.637,,,,0.504
1995-05-15,18.43,0.648,,,,0.507
1995-05-16,18.53,0.659,,,,0.508
1995-05-17,18.50,0.667,,,,0.515
1995-05-18,18.23,0.665,,,,0.518
1995-05-19,18.43,0.662,,,,0.521
1995-05-22,18.38,0.662,,,,0.524
1995-05-23,18.48,0.660,,,,0.536
1995-05-24,18.55,0.643,,,,0.518
1995-05-25,18.00,0.653,,,,0.519
1995-05-26,17.80,0.636,,,,0.493
1995-05-29,,,,,,
1995-05-30,17.43,0.627,,,,0.496
1995-05-31,17.58,0.617,,,,0.500
1995-06-01,17.70,0.608,,,,0.499
1995-06-02,17.90,0.621,,,,0.498
1995-06-05,18.23,0.626,,,,0.497
1995-06-06,17.95,0.633,,,,0.490
1995-06-07,18.13,0.631,,,,0.488
1995-06-08,17.93,0.621,,,,0.483
1995-06-09,17.68,0.611,,,,0.477
1995-06-12,17.63,0.619,,,,0.481
1995-06-13,17.83,0.615,,,,0.479
1995-06-14,17.63,0.619,,,,0.486
1995-06-15,17.95,0.621,,,,0.483
1995-06-16,17.75,0.614,,,,0.479
1995-06-19,16.93,0.598,,,,0.465
1995-06-20,16.98,0.598,,,,0.467
1995-06-21,16.50,0.570,,,,0.462
1995-06-22,16.55,0.571,,,,0.463
1995-06-23,16.40,0.551,,,,0.459
1995-06-26,16.55,0.543,,,,0.465
1995-06-27,16.63,0.556,,,,0.479
1995-06-28,16.95,0.570,,,,0.479
1995-06-29,16.50,0.563,,,,0.472
1995-06-30,16.58,0.560,,,,0.465
1995-07-03,16.35,0.520,,,,0.465
1995-07-04,15.93,,,,,
1995-07-05,16.00,0.554,,,,0.462
1995-07-06,16.15,0.551,,,,0.467
1995-07-07,16.10,0.534,,,,0.457
1995-07-10,15.88,0.543,,,,0.465
1995-07-11,15.93,0.537,,,,0.463
1995-07-12,16.03,0.536,,,,0.467
1995-07-13,15.98,0.518,,,,0.462
1995-07-14,15.80,0.519,,,,0.466
1995-07-17,15.73,0.505,,,,0.464
1995-07-18,15.68,0.496,,,,0.466
1995-07-19,15.80,0.481,,,,0.462
1995-07-20,15.68,0.481,,,,0.457
1995-07-21,15.35,0.479,,,,0.459
1995-07-24,15.38,0.491,,,,0.463
1995-07-25,15.48,0.485,,,,0.470
1995-07-26,16.00,0.488,,,,0.480
1995-07-27,15.98,0.497,,,,0.482
1995-07-28,15.93,0.499,,,,0.480
1995-07-31,15.78,0.502,,,,0.480
1995-08-01,16.10,0.504,,,,0.483
1995-08-02,16.13,0.513,,,,0.489
1995-08-03,15.99,0.507,,,,0.487
1995-08-04,16.08,0.510,,,,0.487
1995-08-07,15.90,0.513,,,,0.488
1995-08-08,16.00,0.517,,,,0.492
1995-08-09,16.13,0.517,,,,0.493
1995-08-10,16.08,0.528,,,,0.492
1995-08-11,16.23,0.531,,,,0.492
1995-08-14,15.93,0.541,,,,0.485
1995-08-15,15.85,0.534,,,,0.487
1995-08-16,15.78,0.526,,,,0.493
1995-08-17,15.85,0.530,,,,0.494
1995-08-18,16.03,0.530,,,,0.497
1995-08-21,16.25,0.538,,,,0.508
1995-08-22,16.23,0.551,,,,0.511
1995-08-23,16.50,0.550,,,,0.509
1995-08-24,16.30,0.556,,,,0.503
1995-08-25,16.15,0.555,,,,0.501
1995-08-28,,0.551,,,,0.503
1995-08-29,16.23,0.555,,,,0.503
1995-08-30,16.18,0.559,,,,0.502
1995-08-31,16.20,0.554,,,,0.508
1995-09-01,16.25,0.565,,,,0.515
1995-09-04,16.62,,,,,
1995-09-05,16.68,0.575,,,,0.531
1995-09-06,16.63,0.562,,,,0.525
1995-09-07,16.60,0.559,,,,0.517
1995-09-08,16.93,0.561,,,,0.522
1995-09-11,16.75,0.557,,,,0.521
1995-09-12,16.90,0.566,,,,0.524
1995-09-13,16.85,0.561,,,,0.518
1995-09-14,17.00,0.581,,,,0.522
1995-09-15,17.18,0.580,,,,0.519
1995-09-18,17.23,0.594,,,,0.524
1995-09-19,17.23,0.588,,,,0.520
1995-09-20,17.00,0.575,,,,0.504
1995-09-21,16.60,0.559,,,,0.493
1995-09-22,16.40,0.541,,,,0.490
1995-09-25,16.18,0.541,,,,0.496
1995-09-26,16.15,0.532,,,,0.502
1995-09-27,16.28,0.534,,,,0.504
1995-09-28,16.65,0.544,,,,0.507
1995-09-29,16.58,0.551,,,,0.501
1995-10-02,16.55,0.547,,,,0.501
1995-10-03,16.58,0.528,,,,0.502
1995-10-04,16.40,0.511,,,,0.497
1995-10-05,15.85,0.489,,,,0.488
1995-10-06,15.75,0.482,,,,0.492
1995-10-09,16.00,0.491,,,,0.497
1995-10-10,15.95,0.485,,,,0.496
1995-10-11,16.05,0.501,,,,0.499
1995-10-12,15.90,0.487,,,,0.496
1995-10-13,15.98,0.497,,,,0.498
1995-10-16,16.15,0.498,,,,0.497
1995-10-17,16.03,0.491,,,,0.496
1995-10-18,15.98,0.482,,,,0.496
1995-10-19,15.85,0.469,,,,0.493
1995-10-20,15.80,0.468,,,,0.497
1995-10-23,15.88,0.467,,,,0.501
1995-10-24,16.08,0.465,,,,0.509
1995-10-25,15.98,0.463,,,,0.510
1995-10-26,16.30,0.469,,,,0.518
1995-10-27,16.35,0.469,,,,0.517
1995-10-30,16.45,0.476,,,,0.521
1995-10-31,16.58,0.477,,,,0.520
1995-11-01,16.53,0.467,,,,0.523
1995-11-02,16.83,0.486,,,,0.534
1995-11-03,16.88,0.485,,,,0.531
1995-11-06,16.78,0.486,,,,0.525
1995-11-07,16.70,0.493,,,,0.518
1995-11-08,16.75,0.495,,,,0.516
1995-11-09,16.90,0.492,,,,0.520
1995-11-10,16.83,0.486,,,,0.515
1995-11-13,16.63,0.474,,,,0.514
1995-11-14,16.58,0.480,,,,0.516
1995-11-15,16.73,0.476,,,,0.518
1995-11-16,16.78,0.486,,,,0.525
1995-11-17,17.03,0.506,,,,0.532
1995-11-20,16.80,0.510,,,,0.529
1995-11-21,16.60,0.520,,,,0.525
1995-11-22,16.90,0.537,,,,0.528
1995-11-23,16.88,,,,,
1995-11-24,16.93,,,,,
1995-11-27,17.20,0.549,,,,0.536
1995-11-28,17.25,0.561,,,,0.532
1995-11-29,17.30,0.557,,,,0.523
1995-11-30,17.13,0.557,,,,0.516
1995-12-01,17.18,0.545,,,,0.523
1995-12-04,17.35,0.551,,,,0.537
1995-12-05,17.53,0.547,,,,0.530
1995-12-06,17.55,0.550,,,,0.539
1995-12-07,17.48,0.543,,,,0.555
1995-12-08,17.73,0.544,,,,0.557
1995-12-11,17.68,0.538,,,,0.559
1995-12-12,17.48,0.540,,,,0.557
1995-12-13,17.70,0.531,,,,0.566
1995-12-14,17.90,0.535,,,,0.546
1995-12-15,18.15,0.541,,,,0.549
1995-12-18,18.33,0.545,,,,0.549
1995-12-19,18.03,0.529,,,,0.548
1995-12-20,18.05,0.514,,,,0.549
1995-12-21,18.10,0.502,,,,0.549
1995-12-22,18.18,0.507,,,,0.550
1995-12-25,,,,,,
1995-12-26,,0.523,,,,0.579
1995-12-27,18.73,0.538,,,,0.591
1995-12-28,18.78,0.531,,,,0.574
1995-12-29,18.65,0.526,,,,0.565
1996-01-01,,,,,,
1996-01-02,18.95,0.534,,,,0.586
1996-01-03,19.15,0.533,,,,0.574
1996-01-04,19.13,0.543,,,,0.577
1996-01-05,19.50,0.551,,,,0.608
1996-01-08,19.68,0.559,,,,0.645
1996-01-09,19.05,0.537,,,,0.623
1996-01-10,18.48,0.528,,,,0.599
1996-01-11,17.85,0.491,,,,0.560
1996-01-12,17.58,0.471,,,,0.536
1996-01-15,17.50,0.484,,,,0.531
1996-01-16,17.73,0.479,,,,0.524
1996-01-17,17.43,0.499,,,,0.537
1996-01-18,17.88,0.502,,,,0.540
1996-01-19,17.53,0.509,,,,0.541
1996-01-22,17.53,0.498,,,,0.534
1996-01-23,17.38,0.480,,,,0.526
1996-01-24,17.33,0.491,,,,0.529
1996-01-25,17.00,0.475,,,,0.496
1996-01-26,16.70,0.485,,,,0.500
1996-01-29,16.23,0.483,,,,0.500
1996-01-30,16.53,0.491,,,,0.509
1996-01-31,16.63,0.502,,,,0.515
1996-02-01,16.78,0.504,,,,0.527
1996-02-02,17.05,0.511,,,,0.534
1996-02-05,16.93,0.484,,,,0.515
1996-02-06,16.83,0.492,,,,0.517
1996-02-07,16.93,0.491,,,,0.521
1996-02-08,17.05,0.493,,,,0.525
1996-02-09,17.23,0.498,,,,0.531
1996-02-12,17.18,0.499,,,,0.531
1996-02-13,18.08,0.522,,,,0.573
1996-02-14,18.28,0.520,,,,0.578
1996-02-15,18.18,0.526,,,,0.558
1996-02-16,18.20,0.528,,,,0.548
1996-02-19,18.20,,,,,
1996-02-20,18.58,0.547,,,,0.535
1996-02-21,19.05,0.568,,,,0.557
1996-02-22,19.28,0.581,,,,0.569
1996-02-23,18.85,0.569,,,,0.567
1996-02-26,18.85,0.580,,,,0.586
1996-02-27,19.00,0.585,,,,0.649
1996-02-28,18.65,0.578,,,,0.608
1996-02-29,18.80,0.578,,,,0.618
1996-03-01,18.55,0.576,,,,0.535
1996-03-04,18.40,0.565,,,,0.518
1996-03-05,18.75,0.566,,,,0.529
1996-03-06,19.18,0.568,,,,0.542
1996-03-07,19.03,0.560,,,,0.542
1996-03-08,18.85,0.556,,,,0.543
1996-03-11,18.93,0.554,,,,0.568
1996-03-12,19.30,0.574,,,,0.560
1996-03-13,19.58,0.572,,,,0.547
1996-03-14,19.40,0.583,,,,0.552
1996-03-15,19.30,0.588,,,,0.596
1996-03-18,20.50,0.602,,,,0.624
1996-03-19,20.35,0.608,,,,0.645
1996-03-20,20.38,0.594,,,,0.655
1996-03-21,20.35,0.589,,,,0.612
1996-03-22,21.15,0.604,,,,0.634
1996-03-25,21.30,0.623,,,,0.640
1996-03-26,21.68,0.614,,,,0.664
1996-03-27,21.33,0.606,,,,0.613
1996-03-28,20.25,0.585,,,,0.590
1996-03-29,20.33,0.605,,,,0.591
1996-04-01,20.80,0.634,,,,0.609
1996-04-02,21.18,0.656,,,,0.632
1996-04-03,20.93,0.653,,,,0.630
1996-04-04,20.85,0.670,,,,0.643
1996-04-05,,,,,,
1996-04-08,,0.682,,,,0.651
1996-04-09,21.43,0.689,,,,0.674
1996-04-10,22.63,0.719,,,,0.693
1996-04-11,23.90,0.736,,,,0.701
1996-04-12,22.73,0.714,,,,0.653
1996-04-15,22.68,0.706,,,,0.644
1996-04-16,21.20,0.673,,,,0.608
1996-04-17,19.88,0.657,,,,0.594
1996-04-18,19.33,0.640,,,,0.563
1996-04-19,19.53,0.651,,,,0.560
1996-04-22,19.38,0.676,,,,0.559
1996-04-23,20.88,0.711,,,,0.582
1996-04-24,20.73,0.717,,,,0.591
1996-04-25,20.35,0.732,,,,0.594
1996-04-26,20.05,0.747,,,,0.598
1996-04-29,20.05,0.744,,,,0.598
1996-04-30,19.50,0.695,,,,0.575
1996-05-01,18.95,0.678,,,,0.568
1996-05-02,19.45,0.693,,,,0.566
1996-05-03,19.38,0.712,,,,0.574
1996-05-06,,0.700,,,,0.597
1996-05-07,20.08,0.692,,,,0.603
1996-05-08,19.85,0.689,,,,0.604
1996-05-09,19.35,0.676,,,,0.572
1996-05-10,19.23,0.684,,,,0.576
1996-05-13,19.48,0.690,,,,0.581
1996-05-14,19.63,0.681,,,,0.574
1996-05-15,19.50,0.668,,,,0.564
1996-05-16,18.63,0.623,,,,0.544
1996-05-17,18.05,0.613,,,,0.536
1996-05-20,18.63,0.642,,,,0.554
1996-05-21,18.70,0.626,,,,0.530
1996-05-22,19.40,0.619,,,,0.539
1996-05-23,19.53,0.621,,,,0.535
1996-05-24,19.73,0.625,,,,0.533
1996-05-27,,,,,,
1996-05-28,19.53,0.608,,,,0.534
1996-05-29,18.95,0.600,,,,0.534
1996-05-30,18.10,0.575,,,,0.521
1996-05-31,18.10,0.574,,,,0.516
1996-06-03,18.25,0.571,,,,0.519
1996-06-04,18.50,0.591,,,,0.524
1996-06-05,18.20,0.574,,,,0.510
1996-06-06,18.18,0.591,,,,0.512
1996-06-07,18.40,0.595,,,,0.519
1996-06-10,18.48,0.598,,,,0.510
1996-06-11,18.28,0.593,,,,0.507
1996-06-12,18.23,0.581,,,,0.508
1996-06-13,17.98,0.575,,,,0.506
1996-06-14,17.83,0.581,,,,0.514
1996-06-17,18.70,0.598,,,,0.532
1996-06-18,18.80,0.589,,,,0.521
1996-06-19,18.40,0.564,,,,0.506
1996-06-20,18.43,0.572,,,,0.511
1996-06-21,18.45,0.571,,,,0.511
1996-06-24,18.38,0.566,,,,0.512
1996-06-25,18.38,0.559,,,,0.506
1996-06-26,18.60,0.567,,,,0.521
1996-06-27,19.38,0.579,,,,0.538
1996-06-28,19.28,0.588,,,,0.536
1996-07-01,19.77,0.603,,,,0.548
1996-07-02,19.43,0.597,,,,0.541
1996-07-03,19.13,0.612,,,,0.547
1996-07-04,19.77,,,,,
1996-07-05,19.99,0.612,,,,0.547
1996-07-08,19.62,0.605,,,,0.549
1996-07-09,19.63,0.604,,,,0.552
1996-07-10,19.80,0.618,,,,0.555
1996-07-11,20.01,0.635,,,,0.566
1996-07-12,19.93,0.636,,,,0.565
1996-07-15,20.20,0.654,,,,0.576
1996-07-16,20.30,0.650,,,,0.569
1996-07-17,19.75,0.637,,,,0.559
1996-07-18,19.95,0.632,,,,0.564
1996-07-19,19.45,0.620,,,,0.556
1996-07-22,19.23,0.621,,,,0.555
1996-07-23,19.50,0.624,,,,0.556
1996-07-24,19.36,0.612,,,,0.556
1996-07-25,19.50,0.605,,,,0.556
1996-07-26,18.92,0.590,,,,0.544
1996-07-29,18.99,0.588,,,,0.546
1996-07-30,18.90,0.594,,,,0.553
1996-07-31,19.00,0.599,,,,0.570
1996-08-01,18.84,0.609,,,,0.575
1996-08-02,19.63,0.620,,,,0.589
1996-08-05,19.65,0.609,,,,0.584
1996-08-06,19.45,0.608,,,,0.576
1996-08-07,19.48,0.613,,,,0.583
1996-08-08,20.03,0.618,,,,0.594
1996-08-09,20.05,0.612,,,,0.594
1996-08-12,20.65,0.613,,,,0.607
1996-08-13,21.03,0.615,,,,0.614
1996-08-14,20.90,0.609,,,,0.618
1996-08-15,20.88,0.603,,,,0.616
1996-08-16,21.30,0.618,,,,0.635
1996-08-19,21.58,0.639,,,,0.647
1996-08-20,21.35,0.619,,,,0.633
1996-08-21,20.80,0.607,,,,0.627
1996-08-22,21.25,0.612,,,,0.642
1996-08-23,20.78,0.603,,,,0.635
1996-08-26,,0.590,,,,0.624
1996-08-27,20.45,0.585,,,,0.625
1996-08-28,20.68,0.587,,,,0.623
1996-08-29,21.00,0.610,,,,0.649
1996-08-30,20.98,0.602,,,,0.644
1996-09-02,22.23,,,,,
1996-09-03,21.90,0.608,,,,0.669
1996-09-04,22.20,0.621,,,,0.660
1996-09-05,22.15,0.638,,,,0.668
1996-09-06,22.43,0.648,,,,0.678
1996-09-09,22.25,0.635,,,,0.671
1996-09-10,22.68,0.643,,,,0.678
1996-09-11,23.30,0.653,,,,0.693
1996-09-12,23.35,0.653,,,,0.703
1996-09-13,23.83,0.640,,,,0.693
1996-09-16,22.60,0.620,,,,0.664
1996-09-17,21.70,0.619,,,,0.667
1996-09-18,22.38,0.619,,,,0.685
1996-09-19,22.08,0.598,,,,0.671
1996-09-20,21.78,0.597,,,,0.675
1996-09-23,22.15,0.587,,,,0.676
1996-09-24,22.78,0.618,,,,0.693
1996-09-25,23.05,0.620,,,,0.714
1996-09-26,23.35,0.616,,,,0.696
1996-09-27,22.90,0.635,,,,0.694
1996-09-30,24.15,0.616,,,,0.691
1996-10-01,23.18,0.618,,,,0.691
1996-10-02,23.13,0.613,,,,0.701
1996-10-03,23.63,0.626,,,,0.728
1996-10-04,23.88,0.623,,,,0.728
1996-10-07,24.28,0.650,,,,0.746
1996-10-08,24.55,0.651,,,,0.746
1996-10-09,24.58,0.642,,,,0.723
1996-10-10,23.63,0.624,,,,0.693
1996-10-11,23.85,0.644,,,,0.697
1996-10-14,24.75,0.666,,,,0.722
1996-10-15,24.58,0.660,,,,0.712
1996-10-16,24.50,0.643,,,,0.697
1996-10-17,24.83,0.654,,,,0.706
1996-10-18,25.18,0.666,,,,0.727
1996-10-21,25.08,0.668,,,,0.715
1996-10-22,25.40,0.677,,,,0.713
1996-10-23,24.60,0.668,,,,0.688
1996-10-24,24.28,0.681,,,,0.679
1996-10-25,24.13,0.687,,,,0.688
1996-10-28,24.45,0.687,,,,0.688
1996-10-29,23.30,0.675,,,,0.672
1996-10-30,23.15,0.683,,,,0.657
1996-10-31,22.80,0.649,,,,0.652
1996-11-01,22.30,0.651,,,,0.656
1996-11-04,22.10,0.663,,,,0.661
1996-11-05,21.85,0.662,,,,0.654
1996-11-06,21.85,0.661,,,,0.652
1996-11-07,21.75,0.667,,,,0.663
1996-11-08,22.40,0.683,,,,0.683
1996-11-11,22.70,0.681,,,,0.677
1996-11-12,22.38,0.689,,,,0.680
1996-11-13,22.88,0.711,,,,0.708
1996-11-14,23.18,0.738,,,,0.733
1996-11-15,23.28,0.708,,,,0.724
1996-11-18,22.75,0.683,,,,0.715
1996-11-19,23.13,0.694,,,,0.724
1996-11-20,23.40,0.673,,,,0.707
1996-11-21,22.90,0.689,,,,0.726
1996-11-22,23.86,0.699,,,,0.716
1996-11-25,23.22,0.704,,,,0.714
1996-11-26,22.78,0.721,,,,0.704
1996-11-27,23.07,0.722,,,,0.713
1996-11-28,23.00,,,,,
1996-11-29,23.17,0.722,,,,0.713
1996-12-02,23.50,0.754,,,,0.729
1996-12-03,24.12,0.727,,,,0.738
1996-12-04,24.21,0.715,,,,0.727
1996-12-05,24.49,0.731,,,,0.742
1996-12-06,24.56,0.707,,,,0.737
1996-12-09,24.18,0.692,,,,0.710
1996-12-10,23.74,0.652,,,,0.677
1996-12-11,22.95,0.634,,,,0.649
1996-12-12,22.65,0.648,,,,0.668
1996-12-13,22.83,0.657,,,,0.698
1996-12-16,23.98,0.681,,,,0.729
1996-12-17,24.05,0.679,,,,0.714
1996-12-18,23.69,0.693,,,,0.706
1996-12-19,24.18,0.693,,,,0.687
1996-12-20,23.96,0.685,,,,0.672
1996-12-23,23.51,0.672,,,,0.659
1996-12-24,23.66,0.677,,,,0.662
1996-12-25,,,,,,
1996-12-26,,0.679,,,,0.648
1996-12-27,23.55,0.681,,,,0.657
1996-12-30,23.95,0.677,,,,0.661
1996-12-31,23.90,0.688,,,,0.687
1997-01-01,,,,,,
1997-01-02,24.45,0.695,,,,0.707
1997-01-03,24.19,0.691,,,,0.694
1997-01-06,24.76,0.710,,,,0.715
1997-01-07,24.76,0.705,3.82,,,0.696
1997-01-08,24.78,0.703,3.80,,,0.705
1997-01-09,24.83,0.686,3.61,,,0.699
1997-01-10,24.22,0.682,3.92,,,0.692
1997-01-13,23.41,0.657,4.00,,,0.668
1997-01-14,,0.648,4.01,,,0.664
1997-01-15,23.31,0.661,4.34,,,0.684
1997-01-16,23.31,0.663,4.71,,,0.671
1997-01-17,22.87,0.658,3.91,,,0.657
1997-01-20,22.86,0.649,3.26,,,0.642
1997-01-21,22.98,0.657,2.99,,,0.633
1997-01-22,22.93,0.668,3.05,,,0.653
1997-01-23,22.93,0.675,2.96,,,0.649
1997-01-24,22.80,0.669,2.62,,,0.656
1997-01-27,22.56,0.667,2.98,,,0.664
1997-01-28,22.62,0.659,3.05,,,0.670
1997-01-29,23.01,0.671,2.91,,,0.710
1997-01-30,23.43,0.689,2.86,,,0.722
1997-01-31,23.28,0.668,2.77,,,0.700
1997-02-03,22.91,0.672,2.49,,,0.667
1997-02-04,22.65,0.669,2.59,,,0.673
1997-02-05,22.69,0.657,2.65,,,0.652
1997-02-06,21.86,0.634,2.51,,,0.626
1997-02-07,,0.614,2.39,,,0.620
1997-02-10,20.73,0.617,2.42,,,0.639
1997-02-11,21.25,0.624,2.34,,,0.640
1997-02-12,21.15,0.615,2.42,,,0.652
1997-02-13,20.47,0.618,2.22,,,0.633
1997-02-14,20.56,0.629,2.12,,,0.644
1997-02-17,20.48,,,,,
1997-02-18,20.56,0.629,1.84,,,0.623
1997-02-19,20.98,0.633,1.95,,,0.610
1997-02-20,20.57,0.612,1.92,,,0.589
1997-02-21,20.13,0.608,1.92,,,0.595
1997-02-24,19.87,0.589,1.92,,,0.571
1997-02-25,20.08,0.611,1.77,,,0.587
1997-02-26,19.82,0.610,1.81,,,0.596
1997-02-27,19.96,0.613,1.80,,,0.582
1997-02-28,19.44,0.601,1.78,,,0.565
1997-03-03,19.10,0.595,1.80,,,0.548
1997-03-04,19.40,0.606,1.87,,,0.542
1997-03-05,19.38,0.610,1.92,,,0.533
1997-03-06,19.55,0.616,1.82,,,0.548
1997-03-07,,0.630,1.89,,,0.555
1997-03-10,19.21,0.620,1.95,,,0.545
1997-03-11,18.57,0.608,1.92,,,0.545
1997-03-12,18.98,0.613,1.96,,,0.571
1997-03-13,19.30,0.609,1.98,,,0.569
1997-03-14,19.44,0.618,1.97,,,0.570
1997-03-17,18.98,0.614,2.01,,,0.559
1997-03-18,19.54,0.626,1.91,,,0.568
1997-03-19,20.00,0.631,1.88,,,0.567
1997-03-20,19.62,0.627,1.88,,,0.563
1997-03-21,19.39,0.625,1.87,,,0.565
1997-03-24,18.93,0.606,1.80,,,0.560
1997-03-25,18.77,0.606,1.85,,,0.571
1997-03-26,18.91,0.597,1.85,,,0.553
1997-03-27,18.53,0.589,1.84,,,0.559
1997-03-28,18.53,,,,,
1997-03-31,18.53,0.608,1.84,,,0.551
1997-04-01,18.15,0.603,1.95,,,0.547
1997-04-02,17.97,0.582,1.85,,,0.534
1997-04-03,17.28,0.577,1.87,,,0.541
1997-04-04,17.25,0.573,1.91,,,0.544
1997-04-07,16.92,0.573,1.99,,,0.550
1997-04-08,16.98,0.585,2.01,,,0.542
1997-04-09,17.02,0.580,1.96,,,0.547
1997-04-10,17.25,0.584,1.97,,,0.558
1997-04-11,17.54,0.583,1.98,,,0.550
1997-04-14,17.61,0.591,2.00,,,0.553
1997-04-15,17.53,0.590,2.00,,,0.555
1997-04-16,17.24,0.575,2.02,,,0.531
1997-04-17,17.00,0.578,2.08,,,0.536
1997-04-18,17.26,0.585,2.10,,,0.538
1997-04-21,17.74,0.597,2.09,,,0.539
1997-04-22,17.72,0.586,2.10,,,0.525
1997-04-23,17.46,0.581,2.22,,,0.530
1997-04-24,17.80,0.595,2.11,,,0.532
1997-04-25,18.07,0.589,2.16,,,0.532
1997-04-28,17.92,0.600,2.10,,,0.528
1997-04-29,18.27,0.605,2.09,,,0.541
1997-04-30,18.25,0.610,2.16,,,0.538
1997-05-01,18.24,0.615,2.19,,,0.531
1997-05-02,17.70,0.592,2.21,,,0.519
1997-05-05,17.72,0.587,2.23,,,0.522
1997-05-06,17.82,0.579,2.25,,,0.527
1997-05-07,17.84,0.584,2.34,,,0.522
1997-05-08,18.32,0.612,2.33,,,0.535
1997-05-09,18.62,0.617,2.30,,,0.536
1997-05-12,19.42,0.630,2.27,,,0.558
1997-05-13,19.40,0.634,2.18,,,0.556
1997-05-14,19.10,0.627,2.22,,,0.553
1997-05-15,19.40,0.623,2.25,,,0.554
1997-05-16,19.77,0.640,2.19,,,0.573
1997-05-19,19.92,0.631,2.25,,,0.567
1997-05-20,19.75,0.633,2.22,,,0.563
1997-05-21,19.70,0.644,2.21,,,0.562
1997-05-22,20.03,0.647,2.22,,,0.569
1997-05-23,20.15,0.647,2.20,,,0.568
1997-05-26,,,,,,
1997-05-27,19.33,0.630,2.29,,,0.546
1997-05-28,18.88,0.634,2.34,,,0.551
1997-05-29,19.38,0.624,2.29,,,0.557
1997-05-30,18.99,0.611,2.23,,,0.552
1997-06-02,19.17,0.614,2.20,,,0.556
1997-06-03,18.59,0.596,2.11,,,0.540
1997-06-04,18.36,0.583,2.19,,,0.535
1997-06-05,17.96,0.577,2.18,,,0.527
1997-06-06,17.43,0.550,2.19,,,0.509
1997-06-09,17.08,0.538,2.19,,,0.509
1997-06-10,17.01,0.540,2.16,,,0.510
1997-06-11,16.69,0.541,2.16,,,0.511
1997-06-12,16.79,0.546,2.14,,,0.512
1997-06-13,16.83,0.548,2.15,,,0.513
1997-06-16,17.15,0.554,2.20,,,0.516
1997-06-17,17.55,0.559,2.20,,,0.524
1997-06-18,17.22,0.540,2.22,,,0.516
1997-06-19,17.34,0.533,2.23,,,0.517
1997-06-20,17.09,0.525,2.25,,,0.516
1997-06-23,17.80,0.525,2.29,,,0.521
1997-06-24,17.65,0.528,2.32,,,0.519
1997-06-25,17.65,0.541,2.32,,,0.534
1997-06-26,17.60,0.538,2.23,,,0.523
1997-06-27,18.00,0.549,2.17,,,0.534
1997-06-30,18.22,0.551,2.17,,,0.539
1997-07-01,,0.557,2.16,,,0.549
1997-07-02,18.83,0.567,2.14,,,0.550
1997-07-03,18.18,0.555,2.11,,,0.529
1997-07-04,,,,,,
1997-07-07,18.28,0.556,2.13,,,0.529
1997-07-08,,0.568,2.13,,,0.531
1997-07-09,18.25,0.563,2.16,,,0.525
1997-07-10,18.16,0.570,2.15,,,0.519
1997-07-11,18.00,0.574,2.16,,,0.521
1997-07-14,17.79,0.561,2.18,,,0.514
1997-07-15,18.19,0.581,2.21,,,0.528
1997-07-16,18.27,0.584,2.24,,,0.528
1997-07-17,18.83,0.597,2.29,,,0.537
1997-07-18,18.21,0.575,2.26,,,0.522
1997-07-21,18.23,0.566,2.17,,,0.525
1997-07-22,18.47,0.571,2.18,,,0.533
1997-07-23,18.71,0.569,2.20,,,0.538
1997-07-24,18.66,0.572,2.24,,,0.537
1997-07-25,18.77,0.601,2.22,,,0.543
1997-07-28,18.76,0.611,2.19,,,0.549
1997-07-29,18.74,0.651,2.23,,,0.556
1997-07-30,19.02,0.682,2.19,,,0.567
1997-07-31,18.94,0.677,2.23,,,0.561
1997-08-01,19.33,0.677,2.24,,,0.568
1997-08-04,19.64,0.692,2.26,,,0.589
1997-08-05,19.51,0.706,2.33,,,0.588
1997-08-06,19.21,0.702,2.38,,,0.576
1997-08-07,18.94,0.696,2.50,,,0.561
1997-08-08,18.56,0.668,2.38,,,0.549
1997-08-11,18.21,0.660,2.53,,,0.550
1997-08-12,18.56,0.671,2.56,,,0.557
1997-08-13,18.63,0.712,2.45,,,0.567
1997-08-14,19.00,0.713,2.57,,,0.564
1997-08-15,18.77,0.727,2.53,,,0.559
1997-08-18,18.41,0.714,2.56,,,0.560
1997-08-19,18.88,0.744,2.61,,,0.565
1997-08-20,18.83,0.769,2.62,,,0.561
1997-08-21,18.26,0.743,2.45,,,0.547
1997-08-22,,0.739,2.47,,,0.546
1997-08-25,17.87,0.699,2.53,,,0.542
1997-08-26,17.58,0.678,2.58,,,0.538
1997-08-27,17.83,0.705,2.51,,,0.553
1997-08-28,17.91,0.708,2.57,,,0.548
1997-08-29,17.98,0.690,2.69,,,0.548
1997-09-01,,,,,,
1997-09-02,18.22,0.700,2.82,,,0.544
1997-09-03,18.12,0.693,2.86,,,0.534
1997-09-04,17.92,0.651,2.73,,,0.525
1997-09-05,18.15,0.651,2.67,,,0.537
1997-09-08,18.03,0.627,2.67,,,0.530
1997-09-09,18.18,0.625,2.74,,,0.522
1997-09-10,18.08,0.615,2.74,,,0.515
1997-09-11,18.21,0.614,2.78,,,0.518
1997-09-12,18.06,0.615,2.86,,,0.525
1997-09-15,18.05,0.610,2.88,,,0.524
1997-09-16,18.40,0.617,2.83,,,0.542
1997-09-17,18.21,0.604,2.75,,,0.535
1997-09-18,18.14,0.595,2.84,,,0.537
1997-09-19,18.32,0.599,2.94,,,0.537
1997-09-22,18.65,0.605,2.98,,,0.549
1997-09-23,18.57,0.600,3.09,,,0.540
1997-09-24,18.52,0.594,3.03,,,0.559
1997-09-25,19.05,0.597,3.05,,,0.564
1997-09-26,19.36,0.614,3.24,,,0.578
1997-09-29,19.48,0.630,3.09,,,0.579
1997-09-30,19.96,0.625,2.96,,,0.569
1997-10-01,19.87,0.615,3.08,,,0.567
1997-10-02,20.08,0.625,2.97,,,0.584
1997-10-03,21.29,0.637,2.91,,,0.610
1997-10-06,20.94,0.618,2.96,,,0.582
1997-10-07,20.71,0.614,2.81,,,0.580
1997-10-08,20.79,0.610,2.80,,,0.584
1997-10-09,20.60,0.589,2.80,,,0.582
1997-10-10,20.73,0.583,2.78,,,0.584
1997-10-13,20.08,0.575,2.87,,,0.566
1997-10-14,19.40,0.567,2.84,,,0.553
1997-10-15,19.27,0.559,2.84,,,0.552
1997-10-16,19.56,0.570,2.94,,,0.569
1997-10-17,19.43,0.572,2.97,,,0.560
1997-10-20,19.29,0.569,3.05,,,0.565
1997-10-21,19.30,0.566,3.13,,,0.564
1997-10-22,19.86,0.582,3.24,,,0.571
1997-10-23,19.89,0.576,3.34,,,0.572
1997-10-24,19.45,0.567,3.29,,,0.562
1997-10-27,19.63,0.573,3.46,,,0.563
1997-10-28,18.86,0.557,3.61,,,0.551
1997-10-29,19.00,0.570,3.45,,,0.561
1997-10-30,19.45,0.573,3.34,,,0.575
1997-10-31,19.42,0.564,3.22,,,0.573
1997-11-03,19.48,0.562,3.23,,,0.572
1997-11-04,19.10,0.552,3.15,,,0.562
1997-11-05,18.93,0.548,3.18,,,0.544
1997-11-06,18.97,0.553,3.20,,,0.552
1997-11-07,19.24,0.566,3.05,,,0.555
1997-11-10,19.14,0.561,3.20,,,0.554
1997-11-11,,0.559,3.26,,,0.558
1997-11-12,19.26,0.554,3.28,,,0.562
1997-11-13,19.71,0.562,3.27,,,0.567
1997-11-14,20.24,0.578,3.25,,,0.578
1997-11-17,19.54,0.568,3.10,,,0.558
1997-11-18,19.39,0.550,3.00,,,0.557
1997-11-19,19.41,0.551,2.97,,,0.546
1997-11-20,18.82,0.545,2.77,,,0.534
1997-11-21,18.83,0.549,2.59,,,0.532
1997-11-24,19.01,0.559,2.63,,,0.532
1997-11-25,19.14,0.561,2.51,,,0.527
1997-11-26,18.50,0.551,2.50,,,0.497
1997-11-27,18.64,,,,,
1997-11-28,18.96,,,,,
1997-12-01,18.01,0.536,2.52,,,0.489
1997-12-02,18.04,0.531,2.61,,,0.488
1997-12-03,17.94,0.534,2.53,,,0.494
1997-12-04,17.70,0.530,2.48,,,0.493
1997-12-05,17.91,0.530,2.42,,,0.501
1997-12-08,17.87,0.534,2.30,,,0.497
1997-12-09,17.57,0.520,2.35,,,0.496
1997-12-10,17.08,0.506,2.45,,,0.482
1997-12-11,16.98,0.501,2.30,,,0.490
1997-12-12,17.12,0.506,2.30,,,0.504
1997-12-15,16.89,0.509,2.25,,,0.502
1997-12-16,16.80,0.516,2.29,,,0.506
1997-12-17,16.98,0.519,2.38,,,0.504
1997-12-18,17.34,0.535,2.37,,,0.513
1997-12-19,17.20,0.526,2.39,,,0.504
1997-12-22,17.04,0.516,2.36,,,0.487
1997-12-23,17.09,0.515,2.24,,,0.499
1997-12-24,17.04,0.518,2.06,,,0.493
1997-12-25,,,,,,
1997-12-26,,0.519,2.18,,,0.486
1997-12-29,16.35,0.505,2.33,,,0.478
1997-12-30,16.01,0.497,2.27,,,0.500
1997-12-31,15.86,0.493,2.27,,,0.513
1998-01-01,,,,,,
1998-01-02,15.77,0.496,2.16,,,0.490
1998-01-05,15.29,0.482,2.05,,,0.476
1998-01-06,15.48,0.477,2.16,,,0.471
1998-01-07,15.33,0.483,2.13,,,0.480
1998-01-08,15.47,0.494,2.11,,,0.481
1998-01-09,15.33,0.496,2.09,,,0.470
1998-01-12,15.07,0.489,2.01,,,0.468
1998-01-13,15.08,0.479,2.03,,,0.466
1998-01-14,14.81,0.478,2.05,,,0.474
1998-01-15,14.75,0.471,2.07,,,0.472
1998-01-16,14.89,0.474,2.11,,,0.475
1998-01-19,15.38,,,,,
1998-01-20,14.95,0.470,2.12,,,0.470
1998-01-21,14.67,0.453,2.09,,,0.463
1998-01-22,14.35,0.450,2.10,,,0.461
1998-01-23,14.26,0.450,2.14,,,0.453
1998-01-26,14.79,0.475,2.09,,,0.485
1998-01-27,15.74,0.477,2.06,,,0.483
1998-01-28,15.64,0.482,2.09,,,0.491
1998-01-29,16.28,0.502,2.07,,,0.509
1998-01-30,15.59,0.479,2.09,,,0.492
1998-02-02,15.28,0.468,2.23,,,0.487
1998-02-03,14.87,0.448,2.27,,,0.468
1998-02-04,14.56,0.434,2.23,,,0.461
1998-02-05,14.83,0.435,2.31,,,0.465
1998-02-06,15.05,0.448,2.35,,,0.461
1998-02-09,14.77,0.450,2.25,,,0.457
1998-02-10,14.60,0.455,2.18,,,0.453
1998-02-11,14.35,0.453,2.21,,,0.453
1998-02-12,14.04,0.446,2.20,,,0.447
1998-02-13,14.05,0.447,2.22,,,0.445
1998-02-16,13.50,,,,,
1998-02-17,13.50,0.454,2.18,,,0.436
1998-02-18,13.46,0.450,2.19,,,0.450
1998-02-19,14.02,0.469,2.22,,,0.450
1998-02-20,13.91,0.463,2.20,,,0.445
1998-02-23,13.26,0.443,2.20,,,0.428
1998-02-24,13.08,0.433,2.19,,,0.430
1998-02-25,13.35,0.445,2.21,,,0.433
1998-02-26,13.38,0.447,2.28,,,0.434
1998-02-27,13.53,0.451,2.23,,,0.431
1998-03-02,13.37,0.451,2.26,,,0.426
1998-03-03,13.18,0.447,2.24,,,0.426
1998-03-04,13.09,0.441,2.19,,,0.425
1998-03-05,13.18,0.432,2.12,,,0.425
1998-03-06,12.85,0.414,2.10,,,0.416
1998-03-09,12.24,0.392,2.17,,,0.402
1998-03-10,12.36,0.395,2.25,,,0.406
1998-03-11,12.41,0.407,2.25,,,0.391
1998-03-12,12.30,0.410,2.23,,,0.388
1998-03-13,12.25,0.419,2.21,,,0.390
1998-03-16,11.74,0.406,2.20,,,0.372
1998-03-17,11.05,0.416,2.20,,,0.378
1998-03-18,12.21,0.453,2.21,,,0.404
1998-03-19,12.41,0.454,2.25,,,0.398
1998-03-20,12.35,0.461,2.28,,,0.398
1998-03-23,14.53,0.506,2.33,,,0.440
1998-03-24,14.02,0.472,2.29,,,0.427
1998-03-25,14.41,0.488,2.33,,,0.441
1998-03-26,15.18,0.503,2.29,,,0.444
1998-03-27,14.92,0.503,2.26,,,0.442
1998-03-30,14.35,0.484,2.32,,,0.425
1998-03-31,13.87,0.470,2.34,,,0.414
1998-04-01,13.72,0.479,2.45,,,0.425
1998-04-02,13.38,0.474,2.43,,,0.415
1998-04-03,13.63,0.480,2.51,,,0.423
1998-04-06,13.13,0.444,2.51,,,0.413
1998-04-07,12.82,0.451,2.51,,,0.413
1998-04-08,12.79,0.457,2.65,,,0.417
1998-04-09,13.23,0.452,2.61,,,0.415
1998-04-10,,,,,,
1998-04-13,,0.440,2.52,,,0.417
1998-04-14,13.15,0.445,2.42,,,0.414
1998-04-15,13.31,0.456,2.48,,,0.439
1998-04-16,13.68,0.478,2.48,,,0.447
1998-04-17,14.06,0.480,2.40,,,0.437
1998-04-20,13.82,0.490,2.40,,,0.430
1998-04-21,13.95,0.487,2.46,,,0.430
1998-04-22,13.71,0.473,2.46,,,0.428
1998-04-23,13.42,0.472,2.35,,,0.423
1998-04-24,13.32,0.469,2.31,,,0.423
1998-04-27,13.65,0.484,2.29,,,0.427
1998-04-28,13.88,0.502,2.27,,,0.439
1998-04-29,14.09,0.485,2.29,,,0.427
1998-04-30,13.79,0.481,2.18,,,0.439
1998-05-01,14.60,0.523,2.11,,,0.453
1998-05-04,,0.524,2.10,,,0.446
1998-05-05,14.13,0.511,2.19,,,0.433
1998-05-06,13.91,0.490,2.12,,,0.432
1998-05-07,13.81,0.487,2.16,,,0.428
1998-05-08,13.94,0.486,2.11,,,0.424
1998-05-11,14.41,0.492,2.19,,,0.423
1998-05-12,14.75,0.492,2.23,,,0.426
1998-05-13,14.15,0.489,2.24,,,0.422
1998-05-14,14.29,0.491,2.18,,,0.422
1998-05-15,14.33,0.481,2.18,,,0.411
1998-05-18,14.72,0.472,2.19,,,0.407
1998-05-19,14.87,0.468,2.17,,,0.403
1998-05-20,14.58,0.449,2.18,,,0.397
1998-05-21,14.29,0.456,2.11,,,0.409
1998-05-22,14.33,0.453,2.02,,,0.401
1998-05-25,,,,,,
1998-05-26,14.27,0.459,2.10,,,0.395
1998-05-27,14.78,0.477,2.10,,,0.395
1998-05-28,14.71,0.474,2.04,,,0.388
1998-05-29,14.03,0.478,2.10,,,0.404
1998-06-01,13.66,0.474,2.10,,,0.403
1998-06-02,13.62,0.469,2.20,,,0.396
1998-06-03,13.23,0.468,2.13,,,0.396
1998-06-04,13.71,0.469,2.04,,,0.397
1998-06-05,13.95,0.459,2.01,,,0.393
1998-06-08,13.56,0.444,2.00,,,0.389
1998-06-09,12.76,0.432,2.01,,,0.381
1998-06-10,12.23,0.428,1.98,,,0.388
1998-06-11,12.12,0.420,1.99,,,0.380
1998-06-12,11.62,0.426,2.01,,,0.381
1998-06-15,10.77,0.420,2.08,,,0.377
1998-06-16,10.77,0.427,2.10,,,0.378
1998-06-17,11.30,0.431,2.05,,,0.378
1998-06-18,10.88,0.420,2.14,,,0.377
1998-06-19,10.89,0.425,2.20,,,0.377
1998-06-22,11.23,0.434,2.35,,,0.393
1998-06-23,12.09,0.448,2.35,,,0.415
1998-06-24,12.50,0.443,2.40,,,0.408
1998-06-25,11.94,0.425,2.39,,,0.389
1998-06-26,12.04,0.426,2.40,,,0.390
1998-06-29,11.83,0.433,2.36,,,0.393
1998-06-30,11.84,0.436,2.39,,,0.387
1998-07-01,11.93,0.453,2.46,,,0.401
1998-07-02,11.95,0.463,2.36,,,0.400
1998-07-03,11.79,,,,,
1998-07-06,11.70,0.463,2.38,,,0.387
1998-07-07,11.66,0.452,2.35,,,0.391
1998-07-08,11.71,0.443,2.39,,,0.389
1998-07-09,11.61,0.448,2.38,,,0.386
1998-07-10,11.61,0.438,2.32,,,0.394
1998-07-13,11.56,0.443,2.30,,,0.396
1998-07-14,11.83,0.456,2.23,,,0.407
1998-07-15,11.79,0.455,2.21,,,0.410
1998-07-16,12.65,0.427,2.15,,,0.401
1998-07-17,12.38,0.420,2.15,,,0.391
1998-07-20,12.11,0.399,2.18,,,0.379
1998-07-21,12.01,0.399,2.09,,,0.374
1998-07-22,12.21,0.403,2.00,,,0.376
1998-07-23,12.23,0.390,2.00,,,0.376
1998-07-24,12.05,0.395,1.97,,,0.380
1998-07-27,12.53,0.405,2.00,,,0.377
1998-07-28,12.74,0.394,1.97,,,0.376
1998-07-29,12.60,0.384,1.99,,,0.369
1998-07-30,12.55,0.387,1.95,,,0.369
1998-07-31,12.63,0.393,1.85,,,0.373
1998-08-03,12.04,0.393,1.84,,,0.376
1998-08-04,12.03,0.401,1.90,,,0.373
1998-08-05,12.32,0.406,1.91,,,0.379
1998-08-06,12.08,0.422,1.85,,,0.387
1998-08-07,12.05,0.423,1.82,,,0.392
1998-08-10,11.62,0.394,1.87,,,0.375
1998-08-11,11.16,0.393,1.87,,,0.372
1998-08-12,11.24,0.405,1.85,,,0.368
1998-08-13,11.48,0.426,1.83,,,0.383
1998-08-14,11.46,0.422,1.83,,,0.378
1998-08-17,11.93,0.419,1.93,,,0.377
1998-08-18,11.87,0.410,1.94,,,0.363
1998-08-19,11.99,0.395,1.96,,,0.361
1998-08-20,12.21,0.406,1.90,,,0.374
1998-08-21,12.02,0.394,1.93,,,0.360
1998-08-24,12.15,0.388,1.90,,,0.366
1998-08-25,12.43,0.387,1.89,,,0.371
1998-08-26,12.24,0.397,1.83,,,0.363
1998-08-27,11.90,0.392,1.76,,,0.361
1998-08-28,12.06,0.400,1.66,,,0.367
1998-08-31,,0.391,1.61,,,0.372
1998-09-01,12.11,0.400,1.84,,,0.393
1998-09-02,12.05,0.395,1.72,,,0.390
1998-09-03,12.54,0.412,1.71,,,0.407
1998-09-04,12.96,0.406,1.71,,,0.398
1998-09-07,12.51,,,,,
1998-09-08,12.53,0.397,1.81,,,0.395
1998-09-09,12.53,0.386,1.78,,,0.400
1998-09-10,12.82,0.406,1.88,,,0.418
1998-09-11,12.66,0.407,1.86,,,0.418
1998-09-14,12.47,0.434,1.86,,,0.418
1998-09-15,12.61,0.427,1.94,,,0.417
1998-09-16,12.65,0.420,2.15,,,0.413
1998-09-17,12.97,0.425,2.12,,,0.429
1998-09-18,13.92,0.425,2.27,,,0.443
1998-09-21,14.31,0.448,2.18,,,0.443
1998-09-22,14.36,0.458,2.29,,,0.435
1998-09-23,14.67,0.453,2.19,,,0.430
1998-09-24,14.84,0.460,2.17,,,0.432
1998-09-25,14.55,0.458,2.38,,,0.430
1998-09-28,14.41,0.459,2.23,,,0.433
1998-09-29,14.38,0.460,2.06,,,0.432
1998-09-30,14.71,0.469,2.22,,,0.448
1998-10-01,14.46,0.456,2.33,,,0.430
1998-10-02,14.21,0.456,2.14,,,0.430
1998-10-05,14.10,0.470,2.09,,,0.449
1998-10-06,13.98,0.473,2.01,,,0.451
1998-10-07,13.88,0.448,2.05,,,0.436
1998-10-08,13.23,0.426,2.02,,,0.422
1998-10-09,12.87,0.423,1.80,,,0.420
1998-10-12,13.18,0.419,1.75,,,0.419
1998-10-13,12.73,0.423,1.70,,,0.418
1998-10-14,12.26,0.426,1.80,,,0.416
1998-10-15,11.98,0.425,1.75,,,0.415
1998-10-16,12.11,0.425,1.64,,,0.424
1998-10-19,11.60,0.407,1.74,,,0.407
1998-10-20,11.29,0.416,1.95,,,0.411
1998-10-21,11.94,0.435,2.04,,,0.417
1998-10-22,11.68,0.427,1.95,,,0.410
1998-10-23,12.18,0.427,1.84,,,0.412
1998-10-26,12.74,0.442,1.92,,,0.408
1998-10-27,12.46,0.430,1.85,,,0.410
1998-10-28,12.26,0.441,1.70,,,0.414
1998-10-29,12.31,0.439,2.00,,,0.412
1998-10-30,12.00,0.435,2.00,,,0.420
1998-11-02,12.43,0.443,1.84,,,0.414
1998-11-03,11.93,0.437,2.10,,,0.420
1998-11-04,11.88,0.430,2.11,,,0.412
1998-11-05,11.73,0.422,2.26,,,0.404
1998-11-06,11.51,0.418,2.25,,,0.398
1998-11-09,11.15,0.389,2.28,,,0.384
1998-11-10,11.18,0.393,2.30,,,0.391
1998-11-11,11.45,0.385,2.33,,,0.391
1998-11-12,11.56,0.391,2.21,,,0.390
1998-11-13,11.46,0.382,2.21,,,0.381
1998-11-16,11.10,0.367,2.19,,,0.364
1998-11-17,10.62,0.341,2.12,,,0.351
1998-11-18,10.25,0.330,2.10,,,0.351
1998-11-19,10.45,0.338,2.10,,,0.349
1998-11-20,10.40,0.344,2.07,,,0.351
1998-11-23,10.54,0.328,2.02,,,0.336
1998-11-24,10.58,0.314,2.08,,,0.324
1998-11-25,10.51,0.314,2.13,,,0.320
1998-11-26,10.41,,,,,
1998-11-27,10.77,,,,,
1998-11-30,9.91,0.303,1.63,,,0.314
1998-12-01,9.87,0.298,1.41,,,0.296
1998-12-02,9.71,0.301,1.40,,,0.306
1998-12-03,10.05,0.295,1.21,,,0.306
1998-12-04,9.73,0.291,1.05,,,0.299
1998-12-07,9.70,0.299,1.44,,,0.304
1998-12-08,9.68,0.294,1.79,,,0.299
1998-12-09,9.46,0.296,1.64,,,0.302
1998-12-10,9.10,0.291,1.59,,,0.299
1998-12-11,9.26,0.297,1.55,,,0.299
1998-12-14,9.45,0.310,1.80,,,0.309
1998-12-15,9.57,0.317,1.86,,,0.309
1998-12-16,10.87,0.345,1.95,,,0.329
1998-12-17,9.92,0.315,2.02,,,0.300
1998-12-18,9.62,0.312,2.02,,,0.300
1998-12-21,9.45,0.303,2.05,,,0.282
1998-12-22,9.83,0.295,1.96,,,0.298
1998-12-23,9.91,0.294,1.88,,,0.300
1998-12-24,9.91,0.293,1.89,,,0.298
1998-12-25,,,,,,
1998-12-28,,0.314,1.79,,,0.305
1998-12-29,10.23,0.336,1.82,,,0.312
1998-12-30,10.45,0.330,1.81,,,0.318
1998-12-31,10.54,0.332,1.95,,,0.324
1999-01-01,,,,,,
1999-01-04,10.94,0.352,2.10,,,0.349
1999-01-05,10.30,0.345,2.05,,,0.336
1999-01-06,10.67,0.363,2.04,,,0.351
1999-01-07,11.08,0.367,1.91,,,0.357
1999-01-08,11.70,0.363,1.90,,,0.367
1999-01-11,12.07,0.375,1.83,,,0.369
1999-01-12,11.78,0.358,1.82,,,0.356
1999-01-13,10.90,0.348,1.87,,,0.338
1999-01-14,11.10,0.341,1.77,,,0.322
1999-01-15,10.97,0.334,1.78,,,0.297
1999-01-18,10.81,,,,,
1999-01-19,11.19,0.328,1.77,,,0.319
1999-01-20,10.85,0.314,1.81,,,0.313
1999-01-21,11.14,0.324,1.85,,,0.324
1999-01-22,11.23,0.328,1.82,,,0.334
1999-01-25,11.21,0.325,1.76,,,0.325
1999-01-26,10.84,0.320,1.73,,,0.313
1999-01-27,11.03,0.333,1.75,,,0.325
1999-01-28,11.14,0.344,1.75,,,0.333
1999-01-29,11.34,0.353,1.83,,,0.329
1999-02-01,10.81,0.337,1.75,,,0.326
1999-02-02,10.39,0.338,1.78,,,0.328
1999-02-03,10.78,0.343,1.80,,,0.329
1999-02-04,10.42,0.325,1.79,,,0.309
1999-02-05,10.18,0.320,1.81,,,0.311
1999-02-08,9.97,0.317,1.81,,,0.300
1999-02-09,9.77,0.310,1.82,,,0.298
1999-02-10,9.88,0.308,1.80,,,0.303
1999-02-11,9.82,0.302,1.78,,,0.303
1999-02-12,9.97,0.300,1.82,,,0.299
1999-02-15,,,,,,
1999-02-16,9.98,0.290,1.79,,,0.290
1999-02-17,10.09,0.299,1.79,,,0.290
1999-02-18,9.93,0.306,1.80,,,0.302
1999-02-19,10.29,0.305,1.79,,,0.298
1999-02-22,10.24,0.311,1.77,,,0.302
1999-02-23,10.58,0.313,1.75,,,0.308
1999-02-24,10.64,0.316,1.73,,,0.324
1999-02-25,10.84,0.345,1.64,,,0.326
1999-02-26,10.58,0.336,1.63,,,0.319
1999-03-01,10.52,0.339,1.65,,,0.314
1999-03-02,10.41,0.349,1.67,,,0.321
1999-03-03,10.81,0.361,1.68,,,0.329
1999-03-04,11.20,0.373,1.72,,,0.336
1999-03-05,11.02,0.380,1.74,,,0.337
1999-03-08,11.49,0.389,1.87,,,0.356
1999-03-09,11.25,0.385,1.86,,,0.348
1999-03-10,11.46,0.408,1.94,,,0.374
1999-03-11,11.86,0.404,1.87,,,0.367
1999-03-12,12.30,0.416,1.81,,,0.377
1999-03-15,12.17,0.418,1.75,,,0.370
1999-03-16,12.11,0.418,1.75,,,0.371
1999-03-17,12.95,0.437,1.75,,,0.386
1999-03-18,13.35,0.437,1.75,,,0.388
1999-03-19,13.15,0.437,1.73,,,0.396
1999-03-22,13.37,0.446,1.74,,,0.396
1999-03-23,13.64,0.454,1.80,,,0.401
1999-03-24,13.37,0.442,1.79,,,0.394
1999-03-25,13.50,0.444,1.80,,,0.402
1999-03-26,13.97,0.472,1.83,,,0.421
1999-03-29,14.34,0.487,1.80,,,0.430
1999-03-30,14.50,0.510,1.89,,,0.438
1999-03-31,15.02,0.531,2.02,,,0.437
1999-04-01,14.60,0.519,1.95,,,0.436
1999-04-02,,,,,,
1999-04-05,,0.529,2.03,,,0.443
1999-04-06,14.53,0.524,1.98,,,0.440
1999-04-07,14.14,0.491,2.03,,,0.411
1999-04-08,13.72,0.497,2.07,,,
1999-04-09,14.11,0.485,2.10,,,0.424
1999-04-12,14.23,0.487,2.06,,,0.425
1999-04-13,14.68,0.492,2.14,,,0.427
1999-04-14,14.45,0.478,2.11,,,0.421
1999-04-15,14.82,0.493,2.14,,,0.425
1999-04-16,15.34,0.500,2.14,,,0.431
1999-04-19,16.01,0.500,2.10,,,0.433
1999-04-20,16.04,0.492,2.18,,,0.422
1999-04-21,15.96,0.489,2.17,,,0.433
1999-04-22,16.29,0.492,2.24,,,0.439
1999-04-23,16.07,0.492,2.23,,,0.428
1999-04-26,15.63,0.490,2.23,,,0.421
1999-04-27,15.91,0.501,2.32,,,0.425
1999-04-28,16.38,0.512,2.31,,,0.434
1999-04-29,16.53,0.527,2.37,,,0.440
1999-04-30,16.45,0.527,2.25,,,0.443
1999-05-03,,0.528,2.23,,,0.451
1999-05-04,16.98,0.536,2.32,,,0.450
1999-05-05,16.85,0.535,2.36,,,0.449
1999-05-06,16.44,0.518,2.32,,,0.428
1999-05-07,15.66,0.507,2.25,,,0.418
1999-05-10,15.72,0.517,2.25,,,0.426
1999-05-11,15.23,0.499,2.29,,,0.415
1999-05-12,14.74,0.492,2.19,,,0.415
1999-05-13,15.21,0.501,2.21,,,0.431
1999-05-14,15.18,0.495,2.28,,,0.426
1999-05-17,14.98,0.478,2.31,,,0.420
1999-05-18,14.43,0.461,2.30,,,0.397
1999-05-19,14.42,0.462,2.27,,,0.395
1999-05-20,14.44,0.469,2.26,,,0.398
1999-05-21,14.49,0.476,2.21,,,0.408
1999-05-24,14.83,0.461,2.19,,,0.397
1999-05-25,14.71,0.472,2.18,,,0.397
1999-05-26,15.18,0.481,2.22,,,0.397
1999-05-27,15.04,0.480,2.27,,,0.400
1999-05-28,14.75,0.470,2.29,,,0.393
1999-05-31,,,,,,
1999-06-01,14.22,0.448,2.34,,,0.390
1999-06-02,14.28,0.456,2.36,,,0.397
1999-06-03,14.26,0.458,2.35,,,0.399
1999-06-04,15.21,0.472,2.31,,,0.415
1999-06-07,15.98,0.484,2.41,,,0.427
1999-06-08,16.25,0.486,2.38,,,0.426
1999-06-09,16.19,0.487,2.39,,,0.437
1999-06-10,15.99,0.480,2.37,,,0.432
1999-06-11,16.25,0.501,2.30,,,0.454
1999-06-14,16.05,0.496,2.29,,,0.445
1999-06-15,16.33,0.509,2.28,,,0.460
1999-06-16,16.29,0.489,2.28,,,0.444
1999-06-17,16.00,0.499,2.24,,,0.456
1999-06-18,15.93,0.489,2.24,,,0.443
1999-06-21,15.64,0.479,2.22,,,0.437
1999-06-22,15.91,0.483,2.23,,,0.442
1999-06-23,16.04,0.498,2.25,,,0.457
1999-06-24,16.28,0.490,2.26,,,0.451
1999-06-25,16.27,0.502,2.27,,,0.452
1999-06-28,16.27,0.503,2.25,,,0.458
1999-06-29,16.38,0.518,2.33,,,0.467
1999-06-30,16.97,0.532,2.34,,,0.493
1999-07-01,17.25,0.540,2.29,,,0.489
1999-07-02,17.55,0.555,2.26,,,0.492
1999-07-05,,,,,,
1999-07-06,18.47,0.556,2.29,,,0.495
1999-07-07,18.36,0.580,2.20,,,0.513
1999-07-08,18.74,0.568,2.19,,,0.508
1999-07-09,18.90,0.575,2.17,,,0.512
1999-07-12,18.94,0.575,2.12,,,0.513
1999-07-13,19.49,0.581,2.14,,,0.523
1999-07-14,19.48,0.573,2.16,,,0.507
1999-07-15,18.90,0.595,2.12,,,0.519
1999-07-16,19.42,0.602,2.18,,,0.520
1999-07-19,19.75,0.594,2.20,,,0.517
1999-07-20,19.33,0.568,2.24,,,0.497
1999-07-21,18.62,0.569,2.25,,,0.500
1999-07-22,19.01,0.571,2.32,,,0.500
1999-07-23,19.69,0.601,2.42,,,0.522
1999-07-26,19.73,0.592,2.55,,,0.521
1999-07-27,19.46,0.594,2.55,,,0.521
1999-07-28,19.65,0.607,2.58,,,0.526
1999-07-29,19.97,0.627,2.67,,,0.539
1999-07-30,19.97,0.618,2.55,,,0.528
1999-08-02,19.21,0.629,2.51,,,0.536
1999-08-03,19.32,0.626,2.61,,,0.530
1999-08-04,19.38,0.641,2.64,,,0.536
1999-08-05,19.64,0.643,2.69,,,0.539
1999-08-06,19.66,0.655,2.69,,,0.548
1999-08-09,19.34,0.653,2.73,,,0.555
1999-08-10,20.18,0.646,2.77,,,0.560
1999-08-11,20.58,0.651,2.79,,,0.563
1999-08-12,20.32,0.634,2.73,,,0.563
1999-08-13,20.61,0.633,2.71,,,0.566
1999-08-16,20.68,0.625,2.73,,,0.562
1999-08-17,20.61,0.642,2.70,,,0.573
1999-08-18,20.69,0.632,2.75,,,0.573
1999-08-19,20.92,0.642,2.87,,,0.583
1999-08-20,21.11,0.641,2.97,,,0.582
1999-08-23,20.96,0.638,2.95,,,0.585
1999-08-24,20.48,0.630,3.01,,,0.576
1999-08-25,19.71,0.614,3.10,,,0.558
1999-08-26,19.80,0.625,2.97,,,0.570
1999-08-27,20.32,0.646,2.87,,,0.576
1999-08-30,,0.666,2.85,,,0.586
1999-08-31,21.08,0.654,2.84,,,0.592
1999-09-01,21.10,0.658,2.71,,,0.581
1999-09-02,20.66,0.644,2.56,,,0.576
1999-09-03,20.74,0.655,2.47,,,0.586
1999-09-06,21.14,,,,,
1999-09-07,21.71,0.668,2.56,,,0.601
1999-09-08,21.96,0.665,2.66,,,0.600
1999-09-09,22.51,0.683,2.75,,,0.621
1999-09-10,22.36,0.668,2.84,,,0.627
1999-09-13,22.98,0.702,2.80,,,0.630
1999-09-14,23.18,0.680,2.66,,,0.616
1999-09-15,23.25,0.691,2.52,,,0.617
1999-09-16,23.06,0.689,2.47,,,0.617
1999-09-17,22.93,0.686,2.45,,,0.616
1999-09-20,22.85,0.684,2.49,,,0.607
1999-09-21,22.68,0.683,2.33,,,0.600
1999-09-22,22.49,0.700,2.30,,,0.615
1999-09-23,23.41,0.710,2.45,,,0.632
1999-09-24,23.66,0.718,2.54,,,0.632
1999-09-27,23.60,0.727,2.51,,,0.634
1999-09-28,23.24,0.730,2.52,,,0.629
1999-09-29,23.46,0.730,2.57,,,0.627
1999-09-30,22.98,0.685,2.31,,,0.626
1999-10-01,22.98,0.707,2.39,,,0.626
1999-10-04,23.30,0.685,2.49,,,0.608
1999-10-05,22.64,0.669,2.45,,,0.595
1999-10-06,23.07,0.650,2.48,,,0.593
1999-10-07,22.33,0.618,2.49,,,0.572
1999-10-08,20.78,0.580,2.35,,,0.540
1999-10-11,20.84,0.600,2.53,,,0.558
1999-10-12,21.89,0.628,2.65,,,0.595
1999-10-13,22.26,0.620,2.81,,,0.594
1999-10-14,22.28,0.608,2.70,,,0.593
1999-10-15,21.65,0.622,2.66,,,0.607
1999-10-18,22.26,0.611,2.82,,,0.599
1999-10-19,21.59,0.611,2.89,,,0.594
1999-10-20,21.02,0.607,2.90,,,0.590
1999-10-21,21.68,0.621,2.99,,,0.602
1999-10-22,22.38,0.637,3.00,,,0.625
1999-10-25,22.45,0.623,2.98,,,0.613
1999-10-26,22.14,0.620,2.96,,,0.620
1999-10-27,22.18,0.620,3.02,,,0.612
1999-10-28,21.22,0.602,2.97,,,0.584
1999-10-29,21.11,0.621,2.76,,,0.584
1999-11-01,21.32,0.637,2.73,,,0.600
1999-11-02,21.98,0.627,2.81,,,0.601
1999-11-03,22.38,0.631,2.82,,,0.610
1999-11-04,22.64,0.642,2.75,,,0.623
1999-11-05,22.80,0.644,2.62,,,0.621
1999-11-08,23.62,0.652,2.59,,,0.622
1999-11-09,24.44,0.685,2.44,,,0.642
1999-11-10,25.42,0.701,2.39,,,0.654
1999-11-11,24.96,0.697,2.38,,,0.651
1999-11-12,25.39,0.703,2.16,,,0.672
1999-11-15,25.93,0.704,2.33,,,0.677
1999-11-16,24.88,0.709,2.23,,,0.688
1999-11-17,24.98,0.728,2.24,,,0.697
1999-11-18,25.02,0.708,2.22,,,0.679
1999-11-19,25.14,0.725,2.16,,,0.690
1999-11-22,25.86,0.747,2.05,,,0.709
1999-11-23,25.66,0.746,1.99,,,0.707
1999-11-24,25.77,0.758,1.96,,,0.716
1999-11-25,25.94,,,,,
1999-11-26,25.85,0.758,,,,
1999-11-29,25.67,0.730,2.25,,,0.690
1999-11-30,25.20,0.692,2.22,,,0.673
1999-12-01,24.20,0.659,2.17,,,0.665
1999-12-02,25.52,0.716,2.18,,,0.692
1999-12-03,26.17,0.701,2.16,,,0.690
1999-12-06,26.46,0.724,2.19,,,0.699
1999-12-07,26.10,0.726,2.16,,,0.688
1999-12-08,25.45,0.739,2.23,,,0.694
1999-12-09,25.85,0.714,2.20,,,0.671
1999-12-10,24.86,0.678,2.27,,,0.657
1999-12-13,24.31,0.682,2.35,,,0.664
1999-12-14,24.88,0.692,2.49,,,0.684
1999-12-15,25.68,0.701,2.54,,,0.697
1999-12-16,26.09,0.721,2.52,,,0.712
1999-12-17,26.22,0.737,2.55,,,0.720
1999-12-20,25.98,0.731,2.67,,,0.729
1999-12-21,25.51,0.728,2.59,,,0.737
1999-12-22,25.04,0.687,2.45,,,0.716
1999-12-23,25.11,0.696,2.42,,,0.711
1999-12-24,,,,,,
1999-12-27,,0.693,2.36,,,0.720
1999-12-28,,0.716,2.32,,,0.734
1999-12-29,25.63,0.678,2.34,,,0.729
1999-12-30,24.93,0.653,2.30,,,0.719
1999-12-31,,,,,,
2000-01-03,,,,,,
2000-01-04,23.95,0.658,2.16,,,0.729
2000-01-05,23.72,0.649,2.17,,,0.715
2000-01-06,23.55,0.659,2.18,,,0.734
2000-01-07,23.35,0.640,2.19,,,0.745
2000-01-10,22.77,0.646,2.20,,,0.734
2000-01-11,23.93,0.656,2.23,,,0.744
2000-01-12,24.62,0.686,2.25,,,0.732
2000-01-13,24.90,0.686,2.29,,,0.726
2000-01-14,25.50,0.721,2.28,,,0.764
2000-01-17,25.99,,,,,
2000-01-18,26.31,0.748,2.35,,,0.797
2000-01-19,26.17,0.748,2.40,,,0.842
2000-01-20,26.26,0.760,2.53,,,0.920
2000-01-21,27.18,0.749,2.55,,,0.912
2000-01-24,27.02,0.735,2.55,,,0.838
2000-01-25,27.24,0.748,2.66,,,0.822
2000-01-26,27.18,0.724,2.73,,,0.788
2000-01-27,26.91,0.718,2.76,,,0.764
2000-01-28,26.59,0.724,2.84,,,0.758
2000-01-31,27.08,0.736,2.69,,,0.769
2000-02-01,27.35,0.764,2.81,,,0.800
2000-02-02,27.15,0.750,2.91,,,0.794
2000-02-03,27.60,0.773,2.85,,,0.831
2000-02-04,27.48,0.783,2.78,,,0.836
2000-02-07,27.94,0.769,2.81,,,0.799
2000-02-08,27.61,0.761,2.60,,,0.718
2000-02-09,27.44,0.782,2.62,,,0.765
2000-02-10,27.32,0.802,2.65,,,0.757
2000-02-11,27.82,0.793,2.65,,,0.756
2000-02-14,28.03,0.836,2.61,,,0.769
2000-02-15,28.12,0.826,2.61,,,0.772
2000-02-16,28.11,0.826,2.65,,,0.779
2000-02-17,27.54,0.818,2.66,,,0.759
2000-02-18,27.26,0.807,2.65,,,0.762
2000-02-21,26.93,,,,,
2000-02-22,27.22,0.826,2.55,,,0.752
2000-02-23,27.92,0.829,2.50,,,0.763
2000-02-24,28.21,0.842,2.52,,,0.773
2000-02-25,28.53,0.860,2.51,,,0.803
2000-02-28,28.70,0.935,2.60,,,0.799
2000-02-29,29.01,0.940,2.65,,,0.806
2000-03-01,29.78,0.986,2.71,,,0.826
2000-03-02,30.12,0.984,2.80,,,0.851
2000-03-03,29.83,0.964,2.72,,,0.852
2000-03-06,30.08,0.954,2.76,,,0.857
2000-03-07,31.93,0.966,2.78,,,0.879
2000-03-08,31.41,0.907,2.74,,,0.817
2000-03-09,29.11,0.947,2.69,,,0.835
2000-03-10,28.97,0.949,,,,0.791
2000-03-13,29.25,0.936,2.79,,,0.799
2000-03-14,28.83,0.910,2.83,,,0.769
2000-03-15,28.03,0.867,2.76,,,0.730
2000-03-16,27.97,0.876,2.84,,,0.738
2000-03-17,27.87,0.866,2.81,,,0.739
2000-03-20,25.59,0.805,2.73,,,0.704
2000-03-21,24.93,0.806,2.74,,,0.683
2000-03-22,25.77,0.823,2.78,,,0.695
2000-03-23,25.32,0.831,2.76,,,0.700
2000-03-24,25.74,0.874,2.82,,,0.699
2000-03-27,25.16,0.863,2.82,,,0.723
2000-03-28,24.80,0.871,2.94,,,0.750
2000-03-29,23.77,0.829,2.92,,,0.744
2000-03-30,23.94,0.816,2.83,,,0.778
2000-03-31,23.98,0.816,2.88,,,0.774
2000-04-03,24.62,0.804,2.92,,,0.734
2000-04-04,23.26,0.761,2.87,,,0.683
2000-04-05,22.98,0.720,2.86,,,0.702
2000-04-06,22.90,0.718,2.98,,,0.699
2000-04-07,22.63,0.699,2.99,,,0.684
2000-04-10,21.08,0.658,2.97,,,0.672
2000-04-11,21.05,0.653,2.98,,,0.670
2000-04-12,21.40,0.700,3.05,,,0.705
2000-04-13,22.65,0.706,3.05,,,0.708
2000-04-14,22.13,0.704,3.11,,,0.704
2000-04-17,22.20,0.728,3.13,,,0.735
2000-04-18,22.67,0.738,3.12,,,0.736
2000-04-19,23.50,0.764,3.12,,,0.798
2000-04-20,23.57,0.777,3.07,,,0.777
2000-04-21,,,,,,
2000-04-24,,0.762,3.12,,,0.743
2000-04-25,23.36,0.739,3.18,,,0.730
2000-04-26,22.90,0.723,3.12,,,0.723
2000-04-27,23.07,0.743,3.06,,,0.735
2000-04-28,23.79,0.750,3.09,,,0.727
2000-05-01,,0.769,3.16,,,0.725
2000-05-02,24.73,0.827,3.20,,,0.742
2000-05-03,25.13,0.834,3.18,,,0.695
2000-05-04,25.06,0.857,3.09,,,0.706
2000-05-05,24.93,0.842,3.11,,,0.685
2000-05-08,26.03,0.877,3.12,,,0.710
2000-05-09,26.69,0.877,3.25,,,0.723
2000-05-10,26.59,0.820,3.20,,,0.742
2000-05-11,27.22,0.865,3.37,,,0.790
2000-05-12,27.98,0.883,3.35,,,0.789
2000-05-15,28.26,0.912,3.37,,,0.801
2000-05-16,28.78,0.918,3.45,,,0.801
2000-05-17,28.40,0.920,3.49,,,0.786
2000-05-18,28.90,0.928,3.73,,,0.812
2000-05-19,29.01,0.896,3.76,,,0.800
2000-05-22,28.45,0.867,3.95,,,0.772
2000-05-23,28.12,0.864,3.85,,,0.761
2000-05-24,28.97,0.915,3.94,,,0.798
2000-05-25,29.62,0.965,4.18,,,0.804
2000-05-26,30.09,0.941,4.29,,,0.781
2000-05-29,,,,,,
2000-05-30,29.89,0.998,4.35,,,0.778
2000-05-31,29.64,0.959,4.52,,,0.752
2000-06-01,29.69,0.963,4.39,,,0.767
2000-06-02,29.35,0.982,4.21,,,0.764
2000-06-05,28.27,0.963,4.17,,,0.755
2000-06-06,28.42,0.954,4.48,,,0.762
2000-06-07,28.32,0.938,4.23,,,0.757
2000-06-08,29.34,0.934,3.96,,,0.751
2000-06-09,29.00,0.943,4.14,,,0.752
2000-06-12,30.10,0.965,4.22,,,0.785
2000-06-13,30.40,0.985,4.27,,,0.795
2000-06-14,30.12,0.998,4.16,,,0.795
2000-06-15,29.77,1.006,4.38,,,0.781
2000-06-16,28.68,0.964,4.45,,,0.750
2000-06-19,27.69,0.946,4.38,,,0.744
2000-06-20,28.86,0.938,4.02,,,0.775
2000-06-21,30.71,0.923,4.14,,,0.787
2000-06-22,30.61,0.981,4.44,,,0.817
2000-06-23,31.02,0.987,4.42,,,0.805
2000-06-26,30.90,0.987,4.37,,,0.805
2000-06-27,30.47,0.987,4.55,,,0.823
2000-06-28,31.15,0.947,4.44,,,0.818
2000-06-29,31.05,0.966,4.25,,,0.848
2000-06-30,31.58,0.942,4.36,,,0.835
2000-07-03,32.15,,4.36,,,
2000-07-04,30.73,,,,,
2000-07-05,30.35,0.847,4.24,,,0.803
2000-07-06,30.67,0.818,4.02,,,0.791
2000-07-07,30.62,0.822,4.00,,,0.789
2000-07-10,30.58,0.898,4.19,,,0.780
2000-07-11,29.83,0.910,4.17,,,0.788
2000-07-12,30.27,0.911,4.29,,,0.803
2000-07-13,31.15,0.923,4.08,,,0.824
2000-07-14,30.82,0.913,4.17,,,0.818
2000-07-17,28.44,0.906,4.13,,,0.804
2000-07-18,28.46,0.929,3.99,,,0.824
2000-07-19,28.33,0.896,4.07,,,0.820
2000-07-20,27.85,0.866,3.86,,,0.816
2000-07-21,26.68,0.801,3.88,,,0.788
2000-07-24,26.84,0.753,3.74,,,0.773
2000-07-25,25.78,0.773,3.63,,,0.776
2000-07-26,25.92,0.798,3.59,,,0.785
2000-07-27,25.60,0.833,3.75,,,0.790
2000-07-28,25.96,0.861,3.89,,,0.787
2000-07-31,25.30,0.860,3.75,,,0.776
2000-08-01,25.24,0.873,3.78,,,0.800
2000-08-02,26.80,0.843,4.05,,,0.801
2000-08-03,27.04,0.840,4.23,,,0.821
2000-08-04,28.01,0.854,4.25,,,0.841
2000-08-07,27.56,0.778,4.39,,,0.806
2000-08-08,27.58,0.802,4.46,,,0.832
2000-08-09,28.13,0.811,4.48,,,0.855
2000-08-10,28.98,0.864,4.43,,,0.870
2000-08-11,29.44,0.859,4.44,,,0.865
2000-08-14,29.24,0.862,4.42,,,0.884
2000-08-15,30.00,0.854,4.24,,,0.865
2000-08-16,29.66,0.870,4.24,,,0.875
2000-08-17,30.71,0.892,4.35,,,0.895
2000-08-18,30.76,0.889,4.38,,,0.910
2000-08-21,31.34,0.906,4.60,,,0.931
2000-08-22,30.18,0.871,4.80,,,0.914
2000-08-23,32.38,0.877,4.67,,,0.967
2000-08-24,31.67,0.885,4.53,,,0.965
2000-08-25,33.26,0.893,4.55,,,0.984
2000-08-28,33.29,0.916,4.62,,,1.023
2000-08-29,34.03,0.905,4.60,,,1.021
2000-08-30,34.13,0.952,4.61,,,1.015
2000-08-31,35.08,0.960,4.76,,,0.958
2000-09-01,35.09,0.969,4.70,,,1.000
2000-09-04,36.02,,,,,
2000-09-05,35.72,0.987,4.81,,,1.005
2000-09-06,36.70,1.043,4.89,,,1.026
2000-09-07,37.43,1.036,4.85,,,1.061
2000-09-08,36.27,0.986,4.74,,,1.033
2000-09-11,36.87,0.999,4.85,,,1.098
2000-09-12,33.30,0.962,4.96,,,1.100
2000-09-13,31.08,0.947,5.06,,,1.039
2000-09-14,31.35,0.961,5.10,,,1.040
2000-09-15,33.68,0.976,5.28,,,1.055
2000-09-18,34.55,0.977,5.06,,,1.059
2000-09-19,33.48,0.972,5.22,,,1.049
2000-09-20,33.67,0.987,5.24,,,1.039
2000-09-21,32.18,0.983,5.16,,,1.008
2000-09-22,31.59,0.943,5.16,,,0.980
2000-09-25,30.01,0.928,5.12,,,0.957
2000-09-26,29.94,0.925,5.28,,,0.949
2000-09-27,29.78,0.906,5.34,,,0.965
2000-09-28,28.91,0.862,5.20,,,0.931
2000-09-29,28.42,0.865,5.10,,,0.941
2000-10-02,29.65,0.883,5.24,,,0.969
2000-10-03,30.64,0.878,5.29,,,0.984
2000-10-04,30.07,0.845,5.22,,,0.973
2000-10-05,29.19,0.840,5.21,,,0.945
2000-10-06,29.62,0.850,5.04,,,0.948
2000-10-09,29.99,0.882,5.09,,,0.979
2000-10-10,30.95,0.930,5.16,,,1.041
2000-10-11,31.25,0.932,5.10,,,1.022
2000-10-12,33.45,1.013,5.54,,,1.086
2000-10-13,33.50,0.971,5.43,,,1.025
2000-10-16,32.03,0.946,5.34,,,0.986
2000-10-17,30.38,0.948,5.27,,,0.969
2000-10-18,30.98,0.974,5.36,,,0.967
2000-10-19,31.29,0.984,5.04,,,0.949
2000-10-20,30.16,0.998,4.84,,,0.969
2000-10-23,30.98,1.010,4.82,,,1.002
2000-10-24,31.81,1.030,4.84,,,1.009
2000-10-25,31.17,1.030,4.64,,,0.966
2000-10-26,31.48,1.020,4.61,,,0.980
2000-10-27,31.31,0.997,4.48,,,0.949
2000-10-30,31.09,0.955,4.56,,,0.949
2000-10-31,30.15,0.945,4.37,,,0.952
2000-11-01,31.62,0.943,4.40,,,0.951
2000-11-02,30.81,0.948,4.50,,,0.942
2000-11-03,30.81,0.959,4.64,,,0.932
2000-11-06,31.00,0.966,4.60,,,0.936
2000-11-07,31.59,0.984,4.68,,,0.972
2000-11-08,31.30,0.924,4.92,,,0.997
2000-11-09,31.79,0.926,5.34,,,1.037
2000-11-10,32.26,0.918,5.24,,,1.041
2000-11-13,32.50,0.931,5.59,,,1.054
2000-11-14,33.05,0.935,5.81,,,1.084
2000-11-15,33.82,0.929,5.95,,,1.090
2000-11-16,34.16,0.978,5.94,,,1.041
2000-11-17,33.09,0.977,5.62,,,1.083
2000-11-20,34.23,0.975,6.23,,,1.096
2000-11-21,33.33,0.968,6.35,,,1.078
2000-11-22,33.11,0.986,6.30,,,1.098
2000-11-23,33.29,,,,,
2000-11-24,33.35,0.986,,,,1.098
2000-11-27,33.47,0.926,6.24,,,1.054
2000-11-28,32.59,0.880,5.90,,,0.991
2000-11-29,32.45,0.929,5.93,,,1.003
2000-11-30,32.53,0.869,6.31,,,1.017
2000-12-01,31.59,0.833,6.53,,,0.969
2000-12-04,30.37,0.793,7.41,,,1.010
2000-12-05,28.88,0.751,8.03,,,0.967
2000-12-06,27.47,0.766,8.75,,,1.018
2000-12-07,27.85,0.738,8.48,,,0.958
2000-12-08,26.85,0.708,8.13,,,0.907
2000-12-11,27.28,0.734,9.96,,,0.941
2000-12-12,26.81,0.728,8.58,,,0.932
2000-12-13,26.84,0.728,7.80,,,0.863
2000-12-14,24.32,0.709,7.48,,,0.842
2000-12-15,24.44,0.725,8.03,,,0.851
2000-12-18,25.11,0.740,9.28,,,0.850
2000-12-19,24.36,0.731,9.11,,,0.798
2000-12-20,23.29,0.695,9.95,,,0.716
2000-12-21,22.40,0.710,10.49,,,0.717
2000-12-22,22.23,0.708,10.48,,,0.782
2000-12-25,,,,,,
2000-12-26,,0.724,10.23,,,0.795
2000-12-27,22.58,0.724,9.58,,,0.791
2000-12-28,22.29,0.724,9.22,,,0.761
2000-12-29,22.58,0.764,10.48,,,0.790
2001-01-01,,,,,,
2001-01-02,23.43,0.768,9.97,,,0.868
2001-01-03,23.44,0.790,9.71,,,0.817
2001-01-04,24.57,0.787,9.45,,,0.828
2001-01-05,24.77,0.792,10.03,,,0.858
2001-01-08,24.75,0.811,10.31,,,0.821
2001-01-09,24.13,0.799,9.95,,,0.800
2001-01-10,24.98,0.855,9.91,,,0.860
2001-01-11,25.60,0.877,8.95,,,0.844
2001-01-12,25.63,0.887,8.75,,,0.854
2001-01-15,26.03,,,,,
2001-01-16,25.52,0.866,8.16,,,0.878
2001-01-17,24.27,0.830,7.85,,,0.873
2001-01-18,24.74,0.825,7.09,,,0.902
2001-01-19,26.29,0.855,7.61,,,0.915
2001-01-22,27.69,0.844,7.70,,,0.924
2001-01-23,27.02,0.841,7.02,,,0.918
2001-01-24,27.04,0.834,6.81,,,0.859
2001-01-25,26.94,0.840,6.81,,,0.890
2001-01-26,27.04,0.844,7.00,,,0.933
2001-01-29,26.95,0.833,6.76,,,0.901
2001-01-30,26.32,0.827,5.96,,,0.858
2001-01-31,26.59,0.802,5.83,,,0.868
2001-02-01,27.17,0.830,5.82,,,0.828
2001-02-02,28.90,0.866,6.76,,,0.878
2001-02-05,29.25,0.852,6.15,,,0.873
2001-02-06,29.10,0.857,5.59,,,0.880
2001-02-07,29.54,0.889,5.67,,,0.876
2001-02-08,30.68,0.891,6.24,,,0.880
2001-02-09,29.53,0.859,6.24,,,0.850
2001-02-12,29.32,0.849,5.74,,,0.814
2001-02-13,28.00,0.846,5.58,,,0.796
2001-02-14,27.89,0.830,5.89,,,0.788
2001-02-15,26.33,0.808,5.35,,,0.782
2001-02-16,26.61,0.813,5.57,,,0.778
2001-02-19,27.05,,,,,
2001-02-20,26.45,0.792,5.17,,,0.778
2001-02-21,26.10,0.785,5.20,,,0.771
2001-02-22,25.75,0.775,5.11,,,0.759
2001-02-23,26.12,0.797,5.05,,,0.781
2001-02-26,25.84,0.798,5.07,,,0.788
2001-02-27,25.28,0.801,5.07,,,0.800
2001-02-28,25.16,0.756,5.25,,,0.780
2001-03-01,24.76,0.772,5.25,,,0.765
2001-03-02,25.28,0.778,5.06,,,0.775
2001-03-05,25.98,0.765,5.32,,,0.794
2001-03-06,25.59,0.778,5.27,,,0.801
2001-03-07,25.91,0.813,5.22,,,0.797
2001-03-08,26.37,0.804,5.25,,,0.773
2001-03-09,25.78,0.784,5.13,,,0.755
2001-03-12,25.34,0.778,4.98,,,0.768
2001-03-13,24.80,0.770,5.08,,,0.747
2001-03-14,24.31,0.749,4.99,,,0.726
2001-03-15,23.37,0.748,5.27,,,0.730
2001-03-16,23.84,0.766,5.27,,,0.719
2001-03-19,23.19,0.752,5.27,,,0.704
2001-03-20,23.63,0.758,5.27,,,0.713
2001-03-21,23.21,0.789,5.16,,,0.737
2001-03-22,23.45,0.795,5.16,,,0.741
2001-03-23,23.94,0.829,5.16,,,0.741
2001-03-26,24.01,0.821,5.23,,,0.748
2001-03-27,24.41,0.826,5.47,,,0.754
2001-03-28,24.50,0.795,5.60,,,0.720
2001-03-29,23.77,0.798,5.31,,,0.730
2001-03-30,23.50,0.800,5.35,,,0.724
2001-04-02,23.31,0.816,5.25,,,0.693
2001-04-03,23.47,0.863,5.25,,,0.718
2001-04-04,24.35,0.910,5.24,,,0.738
2001-04-05,24.87,0.911,5.27,,,0.741
2001-04-06,24.02,0.908,5.33,,,0.732
2001-04-09,24.37,0.928,5.45,,,0.748
2001-04-10,25.64,0.966,5.55,,,0.790
2001-04-11,26.08,0.961,5.45,,,0.801
2001-04-12,27.12,0.975,5.32,,,0.804
2001-04-13,26.80,,,,,
2001-04-16,26.80,0.979,5.48,,,0.822
2001-04-17,26.99,0.977,5.36,,,0.806
2001-04-18,26.11,0.992,5.15,,,0.784
2001-04-19,25.86,0.965,5.06,,,0.793
2001-04-20,25.57,0.962,5.00,,,0.776
2001-04-23,25.42,0.963,5.09,,,0.761
2001-04-24,25.76,0.959,5.13,,,0.749
2001-04-25,25.49,0.958,4.98,,,0.774
2001-04-26,26.71,0.969,4.92,,,0.789
2001-04-27,26.85,0.988,4.83,,,0.786
2001-04-30,27.21,0.992,4.73,,,0.787
2001-05-01,27.31,0.985,4.55,,,0.815
2001-05-02,26.82,0.965,4.54,,,0.802
2001-05-03,27.46,1.004,4.46,,,0.842
2001-05-04,27.59,1.020,4.50,,,0.843
2001-05-07,27.71,0.988,4.33,,,0.824
2001-05-08,27.45,0.962,4.22,,,0.830
2001-05-09,27.46,0.995,4.15,,,0.848
2001-05-10,28.27,0.968,4.17,,,0.837
2001-05-11,27.97,0.934,4.25,,,0.833
2001-05-14,27.77,0.896,4.28,,,0.791
2001-05-15,27.88,0.859,4.46,,,0.796
2001-05-16,28.19,0.825,4.46,,,0.797
2001-05-17,28.57,0.875,4.20,,,0.807
2001-05-18,29.30,0.908,4.15,,,0.828
2001-05-21,29.80,0.942,4.14,,,0.838
2001-05-22,29.72,0.978,4.04,,,0.843
2001-05-23,29.51,0.978,4.11,,,0.845
2001-05-24,28.85,0.902,4.12,,,0.828
2001-05-25,28.69,0.896,3.83,,,0.817
2001-05-28,,,,,,
2001-05-29,29.11,0.862,3.86,,,0.800
2001-05-30,28.92,0.818,3.66,,,0.798
2001-05-31,28.55,0.829,3.73,,,0.791
2001-06-01,28.86,0.821,3.70,,,0.771
2001-06-04,28.95,0.798,3.98,,,0.767
2001-06-05,29.25,0.769,3.93,,,0.766
2001-06-06,28.73,0.740,3.76,,,0.774
2001-06-07,28.55,0.757,3.68,,,0.767
2001-06-08,28.88,0.755,3.62,,,0.776
2001-06-11,29.57,0.724,3.91,,,0.792
2001-06-12,29.03,0.735,4.05,,,0.816
2001-06-13,29.13,0.732,4.13,,,0.807
2001-06-14,28.50,0.743,3.92,,,0.837
2001-06-15,28.13,0.751,3.86,,,0.812
2001-06-18,27.61,0.742,3.91,,,0.775
2001-06-19,26.68,0.743,3.96,,,0.778
2001-06-20,26.24,0.691,3.83,,,0.746
2001-06-21,26.70,0.661,3.69,,,0.750
2001-06-22,26.86,0.667,3.68,,,0.741
2001-06-25,27.36,0.687,3.56,,,0.741
2001-06-26,27.66,0.669,3.46,,,0.737
2001-06-27,26.25,0.626,3.39,,,0.714
2001-06-28,25.68,0.640,3.20,,,0.713
2001-06-29,26.21,0.664,2.91,,,0.726
2001-07-02,25.73,0.641,2.92,,,0.726
2001-07-03,25.56,0.657,3.00,,,0.734
2001-07-04,25.97,,,,,
2001-07-05,25.69,0.664,3.09,,,0.730
2001-07-06,26.55,0.706,2.99,,,0.751
2001-07-09,25.59,0.704,3.10,,,0.740
2001-07-10,24.69,0.683,3.20,,,0.729
2001-07-11,24.44,0.665,3.21,,,0.704
2001-07-12,23.62,0.698,3.29,,,0.709
2001-07-13,24.02,0.681,3.15,,,0.690
2001-07-16,23.58,0.686,3.08,,,0.689
2001-07-17,23.90,0.678,3.14,,,0.678
2001-07-18,23.10,0.651,3.15,,,0.676
2001-07-19,23.35,0.652,3.01,,,0.669
2001-07-20,23.43,0.670,2.97,,,0.693
2001-07-23,24.44,0.673,3.02,,,0.696
2001-07-24,24.37,0.665,3.00,,,0.697
2001-07-25,24.90,0.710,3.06,,,0.718
2001-07-26,24.94,0.731,3.26,,,0.732
2001-07-27,24.82,0.717,3.06,,,0.729
2001-07-30,24.46,0.715,3.28,,,0.725
2001-07-31,24.35,0.701,3.31,,,0.728
2001-08-01,24.23,0.709,3.27,,,0.726
2001-08-02,25.49,0.742,3.15,,,0.754
2001-08-03,25.60,0.738,3.06,,,0.752
2001-08-06,25.39,0.742,3.07,,,0.744
2001-08-07,25.94,0.755,3.16,,,0.757
2001-08-08,25.61,0.752,3.11,,,0.752
2001-08-09,25.28,0.771,3.10,,,0.763
2001-08-10,25.78,0.790,2.99,,,0.771
2001-08-13,25.88,0.801,3.00,,,0.767
2001-08-14,25.71,0.815,3.05,,,0.781
2001-08-15,25.61,0.785,3.15,,,0.767
2001-08-16,25.18,0.767,3.46,,,0.766
2001-08-17,24.68,0.729,3.24,,,0.732
2001-08-20,24.35,0.723,3.17,,,0.744
2001-08-21,25.36,0.764,3.18,,,0.761
2001-08-22,25.71,0.763,3.20,,,0.759
2001-08-23,25.66,0.780,2.87,,,0.761
2001-08-24,26.33,0.832,2.77,,,0.774
2001-08-27,26.22,0.834,2.61,,,0.779
2001-08-28,26.46,0.850,2.57,,,0.803
2001-08-29,26.67,0.828,2.46,,,0.793
2001-08-30,26.70,0.795,2.47,,,0.778
2001-08-31,26.80,0.787,2.15,,,0.794
2001-09-03,26.52,,,,,
2001-09-04,26.27,0.768,2.23,,,0.786
2001-09-05,26.27,0.788,2.34,,,0.798
2001-09-06,26.61,0.817,2.43,,,0.803
2001-09-07,27.54,0.833,2.36,,,0.821
2001-09-10,27.59,0.826,2.38,,,0.816
2001-09-11,29.12,0.826,2.38,,,0.871
2001-09-12,28.24,0.844,2.44,,,0.800
2001-09-13,28.20,0.820,2.39,,,0.776
2001-09-14,29.22,0.879,2.41,,,0.822
2001-09-17,28.32,0.857,2.36,,,0.768
2001-09-18,27.54,0.803,2.18,,,0.709
2001-09-19,25.44,0.768,2.13,,,0.693
2001-09-20,25.57,0.733,2.06,,,0.684
2001-09-21,25.17,0.724,2.04,,,0.667
2001-09-24,20.63,0.637,1.99,,,0.667
2001-09-25,20.13,0.611,1.94,,,0.603
2001-09-26,20.67,0.613,1.88,,,0.638
2001-09-27,21.47,0.635,1.90,,,0.645
2001-09-28,21.87,0.670,1.80,,,0.650
2001-10-01,21.22,0.664,1.74,,,0.646
2001-10-02,21.29,0.656,1.83,,,0.633
2001-10-03,20.63,0.636,1.97,,,0.627
2001-10-04,20.94,0.640,2.13,,,0.643
2001-10-05,21.46,0.629,2.11,,,0.632
2001-10-08,20.91,0.634,2.02,,,0.633
2001-10-09,20.65,0.614,2.11,,,0.637
2001-10-10,21.02,0.617,2.22,,,0.637
2001-10-11,21.38,0.620,2.41,,,0.656
2001-10-12,20.57,0.595,2.28,,,0.656
2001-10-15,20.36,0.590,2.26,,,0.610
2001-10-16,20.47,0.586,2.51,,,0.609
2001-10-17,19.47,0.564,2.61,,,0.601
2001-10-18,19.21,0.556,2.39,,,0.591
2001-10-19,19.91,0.591,2.31,,,0.616
2001-10-22,20.38,0.589,2.61,,,0.607
2001-10-23,20.56,0.578,2.82,,,0.598
2001-10-24,20.37,0.592,2.67,,,0.619
2001-10-25,20.67,0.573,3.15,,,0.610
2001-10-26,20.31,0.573,3.06,,,0.612
2001-10-29,20.55,0.569,3.21,,,0.622
2001-10-30,20.41,0.555,3.11,,,0.616
2001-10-31,19.63,0.540,3.07,,,0.594
2001-11-01,19.39,0.520,2.99,,,0.576
2001-11-02,18.63,0.523,2.93,,,0.569
2001-11-05,18.78,0.518,2.87,,,0.561
2001-11-06,18.64,0.521,2.72,,,0.557
2001-11-07,18.86,0.527,2.73,,,0.559
2001-11-08,19.54,0.558,2.68,,,0.595
2001-11-09,20.72,0.585,2.61,,,0.614
2001-11-12,19.48,0.553,2.45,,,0.581
2001-11-13,20.47,0.552,2.38,,,0.592
2001-11-14,18.78,0.510,2.29,,,0.542
2001-11-15,16.51,0.468,1.99,,,0.501
2001-11-16,16.86,0.481,1.69,,,0.505
2001-11-19,16.55,0.481,2.08,,,0.506
2001-11-20,18.82,0.502,2.55,,,0.520
2001-11-21,18.44,0.502,1.91,,,0.520
2001-11-22,19.65,,,,,
2001-11-23,19.40,,,,,
2001-11-26,18.66,0.501,1.79,,,0.495
2001-11-27,19.09,0.516,1.87,,,0.524
2001-11-28,18.81,0.516,2.30,,,0.515
2001-11-29,18.54,0.498,2.19,,,0.503
2001-11-30,18.92,0.512,1.83,,,0.522
2001-12-03,20.00,0.541,2.10,,,0.534
2001-12-04,19.28,0.515,2.00,,,0.516
2001-12-05,19.27,0.510,1.89,,,0.506
2001-12-06,18.57,0.483,1.81,,,0.472
2001-12-07,17.81,0.492,2.11,,,0.482
2001-12-10,18.03,0.476,2.28,,,0.469
2001-12-11,17.61,0.469,2.58,,,0.456
2001-12-12,18.13,0.487,2.57,,,0.466
2001-12-13,17.80,0.493,2.40,,,0.473
2001-12-14,18.54,0.521,2.40,,,0.513
2001-12-17,18.58,0.515,2.40,,,0.517
2001-12-18,18.51,0.520,2.40,,,0.537
2001-12-19,19.03,0.528,2.40,,,0.546
2001-12-20,18.87,0.520,2.40,,,0.529
2001-12-21,18.73,0.530,2.40,,,0.532
2001-12-24,18.65,,,,,
2001-12-25,,,,,,
2001-12-26,,0.570,2.40,,,0.581
2001-12-27,18.87,0.569,2.40,,,0.570
2001-12-28,19.77,0.555,2.40,,,0.551
2001-12-31,19.35,0.536,2.40,,,0.535
2002-01-01,,,,,,
2002-01-02,20.13,0.577,2.55,,,0.563
2002-01-03,20.47,0.572,2.58,,,0.549
2002-01-04,21.20,0.601,2.58,,,0.569
2002-01-07,21.08,0.592,2.58,,,0.557
2002-01-08,21.03,0.584,2.39,,,0.555
2002-01-09,20.21,0.553,2.31,,,0.522
2002-01-10,19.71,0.557,2.32,,,0.547
2002-01-11,20.08,0.538,2.32,,,0.524
2002-01-14,18.89,0.515,2.32,,,0.505
2002-01-15,18.86,0.519,2.32,,,0.506
2002-01-16,18.50,0.525,2.38,,,0.520
2002-01-17,18.20,0.507,2.40,,,0.511
2002-01-18,18.17,0.509,2.28,,,0.509
2002-01-21,18.32,,,,,
2002-01-22,18.70,0.522,2.28,,,0.516
2002-01-23,18.89,0.531,2.28,,,0.526
2002-01-24,18.91,0.538,2.13,,,0.539
2002-01-25,19.04,0.550,2.03,,,0.544
2002-01-28,19.74,0.547,2.03,,,0.538
2002-01-29,19.26,0.536,2.03,,,0.526
2002-01-30,18.71,0.525,2.28,,,0.522
2002-01-31,19.07,0.531,2.28,,,0.538
2002-02-01,19.70,0.567,2.28,,,0.558
2002-02-04,20.26,0.557,2.28,,,0.543
2002-02-05,19.90,0.551,2.28,,,0.545
2002-02-06,19.97,0.536,2.14,,,0.532
2002-02-07,19.42,0.533,2.17,,,0.530
2002-02-08,20.01,0.547,2.21,,,0.541
2002-02-11,20.08,0.578,2.22,,,0.566
2002-02-12,21.75,0.559,2.39,,,0.547
2002-02-13,21.41,0.573,2.37,,,0.561
2002-02-14,20.97,0.566,2.26,,,0.559
2002-02-15,20.76,0.574,2.18,,,0.561
2002-02-18,20.12,,,,,
2002-02-19,20.18,0.551,2.32,,,0.545
2002-02-20,19.44,0.536,2.41,,,0.541
2002-02-21,20.21,0.544,2.40,,,0.555
2002-02-22,20.14,0.549,2.40,,,0.553
2002-02-25,19.78,0.523,2.40,,,0.536
2002-02-26,19.95,0.533,2.46,,,0.563
2002-02-27,20.73,0.566,2.49,,,0.562
2002-02-28,20.73,0.569,2.49,,,0.577
2002-03-01,21.83,0.595,2.51,,,0.591
2002-03-04,21.59,0.600,2.66,,,0.589
2002-03-05,22.25,0.629,2.63,,,0.606
2002-03-06,22.11,0.641,2.52,,,0.591
2002-03-07,23.10,0.665,2.73,,,0.606
2002-03-08,22.32,0.676,2.82,,,0.614
2002-03-11,23.14,0.703,2.90,,,0.627
2002-03-12,22.70,0.724,2.94,,,0.630
2002-03-13,23.60,0.716,2.97,,,0.637
2002-03-14,23.76,0.719,2.78,,,0.629
2002-03-15,23.90,0.726,2.99,,,0.636
2002-03-18,23.80,0.753,3.15,,,0.649
2002-03-19,24.51,0.742,3.33,,,0.652
2002-03-20,24.78,0.723,3.29,,,0.648
2002-03-21,24.25,0.739,3.20,,,0.657
2002-03-22,24.83,0.708,3.57,,,0.633
2002-03-25,24.75,0.696,3.46,,,0.629
2002-03-26,24.60,0.708,3.59,,,0.653
2002-03-27,25.13,0.746,3.35,,,0.663
2002-03-28,25.34,0.749,3.18,,,0.670
2002-03-29,25.34,,,,,
2002-04-01,26.06,0.783,3.43,,,0.690
2002-04-02,26.97,0.802,3.72,,,0.708
2002-04-03,26.72,0.764,3.68,,,0.705
2002-04-04,26.97,0.748,3.56,,,0.687
2002-04-05,25.39,0.737,3.31,,,0.681
2002-04-08,26.36,0.776,3.36,,,0.685
2002-04-09,25.48,0.751,3.25,,,0.671
2002-04-10,25.13,0.760,3.25,,,0.674
2002-04-11,24.22,0.725,3.14,,,0.647
2002-04-12,23.25,0.665,3.07,,,0.602
2002-04-15,23.39,0.730,3.27,,,0.632
2002-04-16,24.03,0.747,3.44,,,0.642
2002-04-17,25.26,0.747,3.40,,,0.650
2002-04-18,25.90,0.746,3.50,,,0.649
2002-04-19,25.86,0.740,3.40,,,0.656
2002-04-22,25.96,0.728,3.58,,,0.655
2002-04-23,26.26,0.741,3.63,,,0.664
2002-04-24,26.20,0.719,3.53,,,0.667
2002-04-25,26.47,0.725,3.46,,,0.677
2002-04-26,26.32,0.740,3.32,,,0.685
2002-04-29,26.85,0.750,3.44,,,0.692
2002-04-30,26.98,0.749,3.65,,,0.691
2002-05-01,26.67,0.728,3.79,,,0.671
2002-05-02,25.73,0.717,3.65,,,0.661
2002-05-03,25.80,0.708,3.71,,,0.663
2002-05-06,,0.691,3.61,,,0.647
2002-05-07,25.53,0.689,3.50,,,0.654
2002-05-08,26.09,0.688,3.74,,,0.665
2002-05-09,26.09,0.688,3.72,,,0.666
2002-05-10,26.89,0.703,3.70,,,0.675
2002-05-13,26.30,0.720,3.62,,,0.694
2002-05-14,27.12,0.729,3.75,,,0.709
2002-05-15,27.17,0.695,3.60,,,0.677
2002-05-16,25.71,0.704,3.45,,,0.680
2002-05-17,25.45,0.714,3.41,,,0.682
2002-05-20,25.97,0.713,3.44,,,0.680
2002-05-21,24.99,0.699,3.33,,,0.671
2002-05-22,24.32,0.727,3.39,,,0.680
2002-05-23,24.01,0.714,3.38,,,0.671
2002-05-24,23.76,0.708,3.21,,,0.660
2002-05-27,23.52,,,,,
2002-05-28,24.71,0.684,3.18,,,0.660
2002-05-29,24.18,0.695,3.30,,,0.642
2002-05-30,23.72,0.669,3.33,,,0.627
2002-05-31,23.87,0.685,3.15,,,0.628
2002-06-03,,0.689,3.18,,,0.628
2002-06-04,,0.705,3.31,,,0.634
2002-06-05,23.19,0.716,3.29,,,0.629
2002-06-06,22.79,0.714,3.29,,,0.626
2002-06-07,22.99,0.708,3.11,,,0.626
2002-06-10,22.83,0.688,3.14,,,0.620
2002-06-11,22.37,0.684,3.11,,,0.621
2002-06-12,23.09,0.692,3.15,,,0.640
2002-06-13,23.72,0.724,3.04,,,0.664
2002-06-14,23.97,0.737,3.13,,,0.668
2002-06-17,24.69,0.739,3.34,,,0.668
2002-06-18,24.64,0.732,3.23,,,0.657
2002-06-19,24.85,0.721,3.24,,,0.656
2002-06-20,24.42,0.716,3.33,,,0.667
2002-06-21,24.14,0.703,3.18,,,0.658
2002-06-24,24.99,0.735,3.33,,,0.684
2002-06-25,25.32,0.721,3.49,,,0.673
2002-06-26,24.75,0.736,3.92,,,0.670
2002-06-27,25.39,0.740,3.22,,,0.681
2002-06-28,25.33,0.738,3.20,,,0.684
2002-07-01,25.65,0.748,3.28,,,0.688
2002-07-02,25.64,0.741,3.17,,,0.693
2002-07-03,25.59,0.736,3.08,,,0.695
2002-07-04,25.51,,,,,
2002-07-05,25.75,,,,,
2002-07-08,25.08,0.696,3.06,,,0.675
2002-07-09,24.90,0.716,2.97,,,0.674
2002-07-10,25.82,0.743,3.04,,,0.674
2002-07-11,25.83,0.755,2.85,,,0.699
2002-07-12,26.11,0.782,2.87,,,0.709
2002-07-15,26.16,0.767,2.83,,,0.703
2002-07-16,25.94,0.800,2.89,,,0.715
2002-07-17,26.19,0.804,2.97,,,0.712
2002-07-18,26.72,0.783,2.85,,,0.702
2002-07-19,26.37,0.789,2.95,,,0.706
2002-07-22,25.70,0.761,3.01,,,0.675
2002-07-23,25.65,0.754,2.95,,,0.662
2002-07-24,25.43,0.775,2.91,,,0.681
2002-07-25,25.36,0.772,3.05,,,0.685
2002-07-26,25.10,0.773,2.94,,,0.687
2002-07-29,25.20,0.787,3.07,,,0.683
2002-07-30,25.95,0.811,2.97,,,0.708
2002-07-31,26.28,0.785,3.02,,,0.692
2002-08-01,25.79,0.757,3.07,,,0.673
2002-08-02,25.17,0.775,2.90,,,0.679
2002-08-05,25.20,0.763,2.81,,,0.668
2002-08-06,25.69,0.767,2.80,,,0.679
2002-08-07,25.70,0.750,2.73,,,0.674
2002-08-08,25.51,0.750,2.75,,,0.682
2002-08-09,25.49,0.754,2.83,,,0.681
2002-08-12,25.63,0.763,2.91,,,0.701
2002-08-13,26.11,0.770,3.01,,,0.704
2002-08-14,26.47,0.759,3.03,,,0.714
2002-08-15,26.66,0.778,2.92,,,0.737
2002-08-16,27.33,0.765,3.10,,,0.743
2002-08-19,27.44,0.765,3.10,,,0.742
2002-08-20,27.63,0.777,3.25,,,0.746
2002-08-21,27.53,0.782,3.22,,,0.762
2002-08-22,27.81,0.771,3.36,,,0.752
2002-08-23,27.51,0.769,3.48,,,0.746
2002-08-26,27.56,0.791,3.51,,,0.746
2002-08-27,27.89,0.789,3.47,,,0.760
2002-08-28,27.54,0.767,3.31,,,0.757
2002-08-29,27.11,0.779,3.25,,,0.774
2002-08-30,27.56,0.773,3.12,,,0.775
2002-09-02,27.45,,,,,
2002-09-03,26.58,0.712,3.10,,,0.728
2002-09-04,27.31,0.734,3.13,,,0.759
2002-09-05,27.54,0.752,3.20,,,0.773
2002-09-06,28.36,0.767,3.39,,,0.785
2002-09-09,28.67,0.772,3.24,,,0.796
2002-09-10,28.92,0.777,3.35,,,0.799
2002-09-11,28.68,0.776,3.33,,,0.800
2002-09-12,27.76,0.756,3.22,,,0.781
2002-09-13,28.53,0.778,3.37,,,0.801
2002-09-16,28.38,0.773,3.45,,,0.798
2002-09-17,27.76,0.775,3.46,,,0.801
2002-09-18,28.41,0.791,3.80,,,0.815
2002-09-19,28.45,0.793,3.90,,,0.812
2002-09-20,28.61,0.798,3.95,,,0.810
2002-09-23,29.36,0.800,3.87,,,0.820
2002-09-24,29.47,0.809,4.00,,,0.826
2002-09-25,29.11,0.806,3.76,,,0.834
2002-09-26,28.93,0.788,3.61,,,0.816
2002-09-27,29.00,0.801,3.76,,,0.820
2002-09-30,29.11,0.797,4.09,,,0.826
2002-10-01,29.42,0.830,4.41,,,0.851
2002-10-02,29.14,0.845,4.27,,,0.850
2002-10-03,28.46,0.803,4.23,,,0.814
2002-10-04,28.32,0.801,3.86,,,0.813
2002-10-07,28.38,0.808,3.77,,,0.814
2002-10-08,28.28,0.838,3.86,,,0.814
2002-10-09,28.29,0.822,3.91,,,0.812
2002-10-10,27.70,0.815,3.93,,,0.820
2002-10-11,28.18,0.828,3.80,,,0.811
2002-10-14,28.56,0.859,4.19,,,0.830
2002-10-15,28.66,0.845,4.19,,,0.821
2002-10-16,28.61,0.847,4.10,,,0.818
2002-10-17,28.22,0.858,4.10,,,0.811
2002-10-18,28.20,0.859,4.11,,,0.808
2002-10-21,27.01,0.805,4.23,,,0.771
2002-10-22,26.69,0.809,4.20,,,0.758
2002-10-23,26.68,0.814,4.24,,,0.755
2002-10-24,26.78,0.822,4.30,,,0.762
2002-10-25,25.96,0.855,4.12,,,0.740
2002-10-28,25.44,0.836,4.16,,,0.724
2002-10-29,25.71,0.801,4.20,,,0.714
2002-10-30,25.29,0.808,4.34,,,0.727
2002-10-31,25.51,0.797,4.39,,,0.737
2002-11-01,25.78,0.853,4.07,,,0.738
2002-11-04,25.21,0.899,3.94,,,0.730
2002-11-05,24.66,0.865,3.90,,,0.724
2002-11-06,23.73,0.806,3.92,,,0.703
2002-11-07,24.36,0.789,3.90,,,0.685
2002-11-08,23.54,0.795,3.76,,,0.681
2002-11-11,23.86,0.793,3.83,,,0.680
2002-11-12,24.01,0.782,3.83,,,0.680
2002-11-13,22.96,0.720,3.83,,,0.665
2002-11-14,22.82,0.722,3.90,,,0.671
2002-11-15,23.33,0.721,3.92,,,0.680
2002-11-18,23.41,0.742,4.18,,,0.719
2002-11-19,24.05,0.718,4.25,,,0.707
2002-11-20,24.05,0.729,4.27,,,0.729
2002-11-21,24.52,0.731,4.24,,,0.730
2002-11-22,24.79,0.747,4.32,,,0.747
2002-11-25,24.85,0.717,4.34,,,0.716
2002-11-26,24.56,0.726,4.23,,,0.722
2002-11-27,25.11,0.692,4.19,,,0.740
2002-11-28,25.70,,,,,
2002-11-29,25.74,,,,,
2002-12-02,25.73,0.728,4.23,,,0.755
2002-12-03,26.09,0.730,4.35,,,0.752
2002-12-04,25.99,0.716,4.24,,,0.722
2002-12-05,26.07,0.734,4.35,,,0.728
2002-12-06,25.67,0.722,4.39,,,0.725
2002-12-09,26.06,0.742,4.32,,,0.729
2002-12-10,26.35,0.763,4.40,,,0.742
2002-12-11,26.85,0.748,4.63,,,0.744
2002-12-12,27.29,0.777,4.81,,,0.771
2002-12-13,27.64,0.809,5.05,,,0.793
2002-12-16,28.73,0.846,5.31,,,0.831
2002-12-17,29.25,0.813,5.13,,,0.807
2002-12-18,29.95,0.831,4.98,,,0.827
2002-12-19,30.26,0.842,5.14,,,0.850
2002-12-20,29.59,0.846,5.05,,,0.850
2002-12-23,30.61,0.890,5.03,,,0.886
2002-12-24,30.93,0.899,5.03,,,0.913
2002-12-25,,,,,,
2002-12-26,,0.910,4.98,,,0.920
2002-12-27,31.49,0.908,4.81,,,0.925
2002-12-30,32.02,0.862,4.74,,,0.884
2002-12-31,30.12,0.851,4.59,,,0.879
2003-01-01,,,,,,
2003-01-02,30.32,0.868,4.93,,,0.888
2003-01-03,31.43,0.898,5.13,,,0.921
2003-01-06,31.43,0.863,4.94,,,0.892
2003-01-07,30.78,0.818,4.89,,,0.842
2003-01-08,29.30,0.803,5.07,,,0.818
2003-01-09,30.26,0.870,5.05,,,0.850
2003-01-10,30.07,0.845,5.19,,,0.842
2003-01-13,30.46,0.860,5.23,,,0.861
2003-01-14,31.36,0.862,5.25,,,0.877
2003-01-15,31.73,0.867,5.21,,,0.886
2003-01-16,32.29,0.872,5.50,,,0.875
2003-01-17,31.57,0.873,5.66,,,0.875
2003-01-20,32.23,,,,,
2003-01-21,31.72,0.868,5.47,,,0.877
2003-01-22,32.07,0.864,5.72,,,0.893
2003-01-23,31.40,0.868,6.55,,,0.869
2003-01-24,31.62,0.898,5.91,,,0.923
2003-01-27,31.02,0.884,5.91,,,0.904
2003-01-28,30.73,0.910,5.52,,,0.903
2003-01-29,31.26,0.956,5.61,,,0.939
2003-01-30,31.42,0.971,5.76,,,0.947
2003-01-31,31.57,0.956,5.58,,,0.939
2003-02-03,30.95,0.947,5.71,,,0.928
2003-02-04,31.13,0.988,6.26,,,0.978
2003-02-05,31.77,1.013,6.22,,,1.046
2003-02-06,31.81,1.010,6.08,,,1.081
2003-02-07,32.23,1.044,6.30,,,1.161
2003-02-10,32.47,1.005,6.35,,,1.059
2003-02-11,32.51,1.035,6.19,,,1.053
2003-02-12,32.46,1.009,6.19,,,1.012
2003-02-13,33.23,1.005,5.81,,,1.037
2003-02-14,33.26,0.985,5.88,,,1.037
2003-02-17,33.06,,,,,
2003-02-18,33.26,0.968,6.09,,,1.043
2003-02-19,33.16,0.970,6.10,,,1.076
2003-02-20,32.76,0.941,6.38,,,1.016
2003-02-21,32.76,0.988,6.73,,,1.070
2003-02-24,33.41,1.029,11.98,,,1.104
2003-02-25,33.64,0.985,18.48,,,1.064
2003-02-26,33.46,0.996,10.47,,,1.106
2003-02-27,34.09,0.994,8.42,,,1.077
2003-02-28,34.00,1.012,10.81,,,1.105
2003-03-03,33.40,1.021,8.51,,,1.086
2003-03-04,34.37,1.036,7.71,,,1.068
2003-03-05,33.92,1.021,7.80,,,1.065
2003-03-06,34.39,1.030,7.57,,,1.073
2003-03-07,34.47,1.078,7.42,,,1.110
2003-03-10,34.94,1.062,6.78,,,1.087
2003-03-11,34.06,1.037,6.25,,1.510,1.031
2003-03-12,34.16,1.051,5.80,,1.565,1.021
2003-03-13,33.98,0.994,5.71,,1.549,0.929
2003-03-14,31.48,0.988,5.17,,1.505,0.908
2003-03-17,30.35,0.960,5.32,,1.425,0.881
2003-03-18,28.55,0.911,5.13,,1.365,0.814
2003-03-19,28.40,0.894,5.20,,1.335,0.784
2003-03-20,28.00,0.859,5.20,,1.330,0.781
2003-03-21,25.59,0.801,5.05,,1.150,0.700
2003-03-24,26.54,0.846,5.07,,1.120,0.728
2003-03-25,27.28,0.833,5.07,,1.145,0.693
2003-03-26,25.98,0.888,4.90,,1.145,0.714
2003-03-27,27.29,0.928,4.87,,1.155,0.762
2003-03-28,27.66,0.911,5.06,,1.145,0.755
2003-03-31,28.05,0.909,5.01,,1.140,0.771
2003-04-01,27.94,0.862,4.90,,1.105,0.728
2003-04-02,26.29,0.819,4.89,,1.035,0.709
2003-04-03,26.75,0.818,4.91,,0.965,0.729
2003-04-04,25.62,0.814,4.86,,0.955,0.740
2003-04-07,25.27,0.781,4.98,,0.920,0.745
2003-04-08,24.88,0.788,5.21,,0.908,0.747
2003-04-09,25.11,0.835,5.11,,0.920,0.766
2003-04-10,25.16,0.785,5.18,,0.920,0.735
2003-04-11,24.39,0.805,5.28,,0.940,0.761
2003-04-14,24.72,0.795,5.29,,0.930,0.768
2003-04-15,24.74,0.817,5.53,,0.920,0.803
2003-04-16,24.86,0.814,5.62,,0.940,0.761
2003-04-17,25.36,0.847,5.54,,0.930,0.768
2003-04-18,25.76,,,,,
2003-04-21,25.76,0.840,5.55,,0.960,0.818
2003-04-22,25.72,0.810,5.58,,0.945,0.785
2003-04-23,24.56,0.784,5.58,,0.915,0.731
2003-04-24,24.06,0.791,5.46,,0.890,0.747
2003-04-25,24.29,0.784,5.39,,0.890,0.708
2003-04-28,23.42,0.740,5.30,,0.870,0.694
2003-04-29,23.23,0.731,5.12,,0.860,0.677
2003-04-30,23.60,0.728,5.25,,0.860,0.690
2003-05-01,23.79,0.702,5.32,,0.835,0.682
2003-05-02,23.73,0.685,5.24,,0.805,0.672
2003-05-05,23.59,0.710,5.36,,0.790,0.696
2003-05-06,23.91,0.691,5.64,,0.785,0.669
2003-05-07,24.01,0.706,5.49,,0.780,0.680
2003-05-08,24.48,0.733,5.65,,0.790,0.696
2003-05-09,25.55,0.753,5.73,,0.815,0.706
2003-05-12,25.69,0.739,5.91,,0.810,0.695
2003-05-13,25.45,0.768,5.98,,0.820,0.731
2003-05-14,25.98,0.796,6.17,,0.850,0.752
2003-05-15,26.77,0.778,6.24,,0.855,0.739
2003-05-16,27.18,0.791,5.96,,0.900,0.744
2003-05-19,27.23,0.758,6.08,,0.925,0.717
2003-05-20,26.69,0.757,5.93,,0.890,0.721
2003-05-21,27.58,0.774,6.08,,0.915,0.736
2003-05-22,27.32,0.826,6.09,,0.980,0.732
2003-05-23,27.14,0.833,5.92,,0.980,0.734
2003-05-26,26.78,,,,,
2003-05-27,26.55,0.811,5.84,,0.958,0.726
2003-05-28,26.48,0.780,5.71,,0.945,0.708
2003-05-29,26.39,0.767,5.76,,0.945,0.727
2003-05-30,26.58,0.795,5.99,,0.925,0.724
2003-06-02,27.56,0.887,6.22,,0.980,0.746
2003-06-03,27.99,0.821,6.25,,0.995,0.741
2003-06-04,27.49,0.784,6.40,,0.980,0.728
2003-06-05,28.16,0.817,6.17,,1.010,0.755
2003-06-06,28.38,0.821,6.25,,1.020,0.767
2003-06-09,28.62,0.830,6.25,,1.195,0.761
2003-06-10,28.44,0.861,6.08,,1.175,0.773
2003-06-11,28.97,0.874,6.06,,1.260,0.773
2003-06-12,28.48,0.838,5.86,,1.200,0.751
2003-06-13,27.39,0.814,5.44,,1.110,0.728
2003-06-16,27.50,0.793,5.45,,1.130,0.733
2003-06-17,27.14,0.794,5.66,,1.120,0.744
2003-06-18,26.43,0.770,5.53,,1.050,0.729
2003-06-19,26.21,0.766,5.53,,1.030,0.725
2003-06-20,27.13,0.788,5.68,,1.090,0.746
2003-06-23,27.13,0.772,5.89,,1.100,0.739
2003-06-24,26.96,0.761,5.84,,1.050,0.737
2003-06-25,27.34,0.791,5.64,,1.055,0.769
2003-06-26,27.06,0.773,5.49,,1.020,0.736
2003-06-27,27.45,0.800,5.19,,0.970,0.749
2003-06-30,28.88,0.824,5.31,,0.980,0.771
2003-07-01,28.33,0.833,5.22,,0.955,0.777
2003-07-02,28.20,0.832,5.05,,0.920,0.768
2003-07-03,28.63,0.837,4.96,,0.933,0.770
2003-07-04,27.97,,,,,
2003-07-07,27.23,0.841,5.20,,0.910,0.760
2003-07-08,27.95,0.881,5.40,,0.905,0.771
2003-07-09,28.21,0.923,5.56,,0.985,0.792
2003-07-10,29.37,0.919,5.40,,0.970,0.792
2003-07-11,29.36,0.934,5.22,,0.970,0.798
2003-07-14,28.52,0.911,5.15,,0.970,0.798
2003-07-15,28.87,0.905,5.17,,0.955,0.806
2003-07-16,28.51,0.848,5.00,,0.925,0.783
2003-07-17,28.59,0.848,4.96,,0.960,0.783
2003-07-18,29.20,0.870,5.01,,0.970,0.791
2003-07-21,28.01,0.896,5.11,,0.970,0.779
2003-07-22,28.40,0.854,5.04,,0.940,0.747
2003-07-23,27.67,0.862,4.88,,0.965,0.761
2003-07-24,27.73,0.865,4.86,,0.978,0.775
2003-07-25,28.30,0.864,4.68,,0.995,0.770
2003-07-28,27.71,0.860,4.68,,1.005,0.768
2003-07-29,28.27,0.857,4.72,,1.035,0.782
2003-07-30,28.31,0.880,4.68,,1.000,0.797
2003-07-31,28.68,0.888,4.63,,1.025,0.793
2003-08-01,29.63,0.931,4.71,,1.025,0.842
2003-08-04,29.91,0.927,4.81,,1.065,0.827
2003-08-05,30.37,0.963,4.71,,1.105,0.846
2003-08-06,30.01,0.953,4.74,,1.155,0.827
2003-08-07,30.06,0.965,4.85,,1.180,0.848
2003-08-08,30.59,0.955,5.02,,1.175,0.839
2003-08-11,30.05,0.950,5.08,,1.365,0.828
2003-08-12,30.13,0.974,5.06,,1.360,0.831
2003-08-13,29.66,0.981,5.17,,1.400,0.805
2003-08-14,28.96,1.032,5.10,,1.390,0.818
2003-08-15,29.18,1.038,4.83,,1.515,0.809
2003-08-18,29.88,1.021,4.94,,1.600,0.801
2003-08-19,29.18,1.022,4.99,,1.600,0.797
2003-08-20,29.28,1.036,5.03,,1.670,0.812
2003-08-21,29.95,1.121,5.14,,1.650,0.832
2003-08-22,30.22,1.110,5.24,,1.380,0.830
2003-08-25,29.98,1.108,5.26,,1.250,0.820
2003-08-26,30.08,1.057,5.09,,1.160,0.828
2003-08-27,30.05,1.025,5.11,,1.215,0.810
2003-08-28,30.10,0.991,4.94,,1.180,0.812
2003-08-29,30.38,0.994,4.86,,1.170,0.818
2003-09-01,29.64,,,,,
2003-09-02,28.08,0.923,4.62,,1.160,0.763
2003-09-03,27.89,0.890,4.68,,1.160,0.759
2003-09-04,27.49,0.913,4.70,,1.125,0.762
2003-09-05,27.72,0.924,4.76,,1.090,0.752
2003-09-08,28.47,0.944,4.82,,1.000,0.751
2003-09-09,27.64,0.963,4.70,,0.965,0.755
2003-09-10,27.76,0.943,4.78,,0.940,0.760
2003-09-11,27.48,0.885,4.85,,0.940,0.744
2003-09-12,26.52,0.903,4.66,,0.925,0.736
2003-09-15,26.38,0.908,4.66,,0.920,0.734
2003-09-16,26.28,0.891,4.67,,0.915,0.728
2003-09-17,25.76,0.831,4.61,,0.875,0.717
2003-09-18,25.56,0.895,4.52,,0.875,0.705
2003-09-19,25.51,0.860,4.33,,0.845,0.700
2003-09-22,25.82,0.870,4.38,,0.840,0.690
2003-09-23,25.74,0.875,4.51,,0.840,0.708
2003-09-24,26.81,0.923,4.58,,0.885,0.741
2003-09-25,27.04,0.957,4.55,,0.885,0.736
2003-09-26,27.02,0.955,4.42,,0.883,0.742
2003-09-29,27.77,0.850,4.57,,0.905,0.749
2003-09-30,28.09,0.872,4.66,,0.960,0.776
2003-10-01,27.98,0.837,4.47,,0.985,0.790
2003-10-02,28.90,0.873,4.42,,1.000,0.800
2003-10-03,29.14,0.877,4.34,,0.985,0.814
2003-10-06,29.75,0.879,4.40,,0.970,0.815
2003-10-07,29.35,0.876,4.66,,0.945,0.817
2003-10-08,28.96,0.871,4.84,,1.015,0.801
2003-10-09,30.21,0.918,4.78,,1.050,0.851
2003-10-10,31.13,0.934,4.92,,0.980,0.876
2003-10-13,31.00,0.904,4.96,,0.975,0.866
2003-10-14,31.45,0.921,4.84,,0.975,0.862
2003-10-15,31.23,0.910,4.93,,0.950,0.863
2003-10-16,31.05,0.905,4.92,,0.975,0.856
2003-10-17,30.27,0.889,4.53,,0.970,0.824
2003-10-20,29.78,0.892,4.30,,0.985,0.820
2003-10-21,29.61,0.881,4.64,,0.985,0.821
2003-10-22,29.25,0.853,4.89,,1.015,0.803
2003-10-23,29.63,0.847,4.90,,1.025,0.817
2003-10-24,30.01,0.841,4.78,,1.050,0.813
2003-10-27,29.38,0.840,4.56,,1.048,0.800
2003-10-28,28.99,0.831,4.45,,1.040,0.794
2003-10-29,28.56,0.857,4.51,,1.020,0.785
2003-10-30,27.47,0.855,4.40,,1.015,0.773
2003-10-31,27.88,0.831,3.98,,0.955,0.796
2003-11-03,27.78,0.816,4.12,,0.953,0.776
2003-11-04,27.32,0.819,4.01,,0.945,0.764
2003-11-05,27.90,0.831,4.46,,1.000,0.811
2003-11-06,28.52,0.819,4.74,,1.020,0.810
2003-11-07,28.73,0.833,4.48,,1.010,0.821
2003-11-10,28.82,0.845,4.42,,1.000,0.820
2003-11-11,28.88,0.883,4.52,,1.045,0.830
2003-11-12,28.58,0.895,4.77,,1.070,0.834
2003-11-13,29.01,0.896,4.60,,1.160,0.856
2003-11-14,29.78,0.923,4.62,,1.095,0.867
2003-11-17,28.98,0.909,4.49,,1.090,0.841
2003-11-18,29.26,0.956,4.35,,1.050,0.876
2003-11-19,30.13,0.964,4.46,,1.050,0.871
2003-11-20,29.88,0.926,4.35,,0.990,0.861
2003-11-21,29.79,0.915,4.15,,1.000,0.859
2003-11-24,27.99,0.882,4.57,,1.010,0.813
2003-11-25,27.62,0.863,4.49,,0.940,0.816
2003-11-26,28.23,0.894,4.86,,0.930,0.830
2003-11-27,28.90,,,,,
2003-11-28,28.95,,,,,
2003-12-01,28.17,0.838,5.02,,0.930,0.825
2003-12-02,29.10,0.859,5.45,,0.940,0.863
2003-12-03,29.26,0.857,5.45,,0.955,0.870
2003-12-04,29.25,0.868,5.70,,0.965,0.883
2003-12-05,28.87,0.846,6.27,,0.950,0.869
2003-12-08,30.52,0.869,6.06,,0.955,0.892
2003-12-09,30.27,0.842,6.52,,0.935,0.852
2003-12-10,30.02,0.849,6.67,,0.925,0.849
2003-12-11,29.79,0.857,6.56,,0.915,0.845
2003-12-12,30.24,0.889,6.73,,0.945,0.880
2003-12-15,30.89,0.900,6.63,,0.980,0.870
2003-12-16,30.64,0.893,6.58,,0.970,0.867
2003-12-17,31.01,0.913,6.56,,0.985,0.899
2003-12-18,30.79,0.919,6.98,,0.975,0.903
2003-12-19,31.03,0.895,6.92,,0.970,0.910
2003-12-22,28.78,0.866,6.32,,0.968,0.867
2003-12-23,28.30,0.891,5.58,,0.965,0.878
2003-12-24,29.45,0.914,5.50,,0.975,0.903
2003-12-25,,,,,,
2003-12-26,,,,,,
2003-12-29,29.17,0.915,5.46,,0.965,0.877
2003-12-30,30.10,0.958,5.96,,0.995,0.914
2003-12-31,30.30,0.945,5.76,,0.985,0.889
2004-01-01,,,,,,
2004-01-02,29.55,,,,,
2004-01-05,32.30,0.960,6.28,,1.025,0.961
2004-01-06,31.20,0.972,7.04,,1.025,0.982
2004-01-07,30.99,0.963,6.61,,1.000,0.970
2004-01-08,31.11,0.996,6.41,,1.030,0.991
2004-01-09,31.91,1.029,6.91,,1.048,1.018
2004-01-12,31.41,1.026,6.29,,1.045,1.027
2004-01-13,32.55,0.995,6.26,,1.048,1.027
2004-01-14,31.84,0.992,5.73,,1.023,0.982
2004-01-15,31.43,0.942,6.02,,0.995,0.942
2004-01-16,31.26,0.992,5.43,,1.095,0.988
2004-01-19,31.67,,,,,
2004-01-20,32.26,1.004,6.15,,1.115,1.035
2004-01-21,31.95,1.030,6.26,,1.115,1.063
2004-01-22,31.42,1.066,6.03,,1.130,1.066
2004-01-23,32.08,1.042,5.82,,1.155,1.032
2004-01-26,31.15,1.005,5.70,,1.135,1.032
2004-01-27,31.05,0.985,5.87,,1.135,0.995
2004-01-28,30.77,0.977,6.04,,1.135,0.974
2004-01-29,29.47,1.004,5.99,,1.128,0.950
2004-01-30,29.53,0.991,5.80,,1.125,0.935
2004-02-02,30.30,1.030,5.51,,1.215,0.937
2004-02-03,30.07,1.014,5.69,,1.215,0.950
2004-02-04,29.63,0.999,5.74,,1.215,0.908
2004-02-05,29.02,1.025,5.54,,1.210,0.899
2004-02-06,29.26,0.982,5.38,,1.205,0.879
2004-02-09,29.10,0.984,5.44,,1.190,0.886
2004-02-10,30.06,1.027,5.49,,1.240,0.903
2004-02-11,30.33,1.023,5.34,,1.250,0.916
2004-02-12,30.17,1.026,5.35,,1.265,0.916
2004-02-13,30.96,1.050,5.62,,1.285,0.953
2004-02-16,31.08,,,,,
2004-02-17,31.43,1.095,5.43,,1.345,0.982
2004-02-18,31.57,1.098,5.33,,1.515,0.990
2004-02-19,31.63,1.094,5.28,,1.575,0.947
2004-02-20,31.22,1.072,5.19,,1.515,0.905
2004-02-23,31.89,1.066,5.10,,1.485,0.909
2004-02-24,31.60,1.055,5.08,,1.475,0.914
2004-02-25,32.46,1.083,5.10,,1.485,0.963
2004-02-26,32.45,1.087,5.13,,1.470,0.998
2004-02-27,32.94,1.089,5.27,,1.380,0.983
2004-03-01,33.34,1.113,5.17,,1.420,1.005
2004-03-02,34.15,1.105,5.37,,1.375,0.989
2004-03-03,33.32,1.064,5.34,,1.330,0.944
2004-03-04,33.45,1.075,5.17,,1.310,0.970
2004-03-05,34.40,1.097,5.32,,1.330,0.960
2004-03-08,34.27,1.030,5.42,,1.295,0.856
2004-03-09,33.72,1.011,5.34,,1.275,0.926
2004-03-10,32.83,1.026,5.33,,1.230,0.913
2004-03-11,33.22,1.086,5.33,,1.265,0.921
2004-03-12,32.76,1.071,5.52,,1.250,0.914
2004-03-15,34.39,1.100,5.59,,1.265,0.946
2004-03-16,34.72,1.092,5.60,,1.260,0.943
2004-03-17,34.95,1.121,5.61,,1.270,0.985
2004-03-18,34.43,1.119,5.63,,1.285,0.977
2004-03-19,34.33,1.129,5.49,,1.300,0.972
2004-03-22,33.57,1.104,5.46,,1.275,0.962
2004-03-23,34.40,1.117,5.36,,1.345,0.975
2004-03-24,34.14,1.113,5.35,,1.370,0.950
2004-03-25,33.32,1.081,5.22,,1.315,0.936
2004-03-26,32.51,1.111,5.16,,1.360,0.938
2004-03-29,32.04,1.103,5.25,,1.400,0.918
2004-03-30,33.04,1.130,5.40,,1.420,0.939
2004-03-31,32.29,1.104,5.63,,1.490,0.936
2004-04-01,32.59,1.040,5.82,,1.540,0.881
2004-04-02,31.19,1.027,5.69,,1.520,0.884
2004-04-05,31.17,1.012,5.81,,1.495,0.882
2004-04-06,31.48,1.028,5.70,,1.445,0.908
2004-04-07,33.07,1.059,5.76,,1.310,0.936
2004-04-08,33.98,1.117,5.84,,1.375,0.963
2004-04-09,34.03,,,,,
2004-04-12,34.51,1.140,5.85,,1.415,0.995
2004-04-13,34.15,1.122,5.92,,1.410,0.979
2004-04-14,33.54,1.111,5.73,,1.390,0.991
2004-04-15,33.72,1.133,5.68,,1.398,1.025
2004-04-16,33.85,1.124,5.62,,1.395,1.017
2004-04-19,34.71,1.120,5.57,,1.375,0.993
2004-04-20,33.56,1.116,5.46,,1.365,0.979
2004-04-21,33.23,1.102,5.52,,1.345,0.975
2004-04-22,33.24,1.106,5.59,,1.385,0.994
2004-04-23,33.78,1.154,5.53,,1.405,0.984
2004-04-26,34.18,1.155,5.60,,1.420,1.008
2004-04-27,34.11,1.177,5.81,,1.480,0.994
2004-04-28,35.02,1.194,5.80,,1.490,0.999
2004-04-29,34.66,1.234,5.78,,1.480,1.019
2004-04-30,35.23,1.239,5.81,,1.505,1.024
2004-05-03,34.97,1.251,5.80,,1.685,1.050
2004-05-04,36.07,1.301,6.21,,1.710,1.058
2004-05-05,36.58,1.321,6.09,,1.685,1.088
2004-05-06,37.05,1.330,6.22,,1.675,1.081
2004-05-07,37.25,1.358,6.18,,1.645,1.121
2004-05-10,35.83,1.314,6.14,,1.610,1.106
2004-05-11,36.97,1.341,6.24,,1.600,1.146
2004-05-12,37.95,1.349,6.41,,1.610,1.149
2004-05-13,38.30,1.388,6.42,,1.700,1.169
2004-05-14,39.04,1.392,6.43,,1.720,1.185
2004-05-17,38.88,1.392,6.41,,1.730,1.156
2004-05-18,38.43,1.331,6.28,,1.715,1.112
2004-05-19,38.35,1.404,6.18,,1.715,1.106
2004-05-20,38.89,1.391,6.44,,1.685,1.080
2004-05-21,37.60,1.362,6.35,,1.675,1.054
2004-05-24,39.22,1.370,6.48,,1.600,1.094
2004-05-25,38.46,1.325,6.73,,1.560,1.060
2004-05-26,38.05,1.335,6.70,,1.555,1.020
2004-05-27,37.03,1.268,6.51,,1.555,0.989
2004-05-28,37.00,1.355,6.45,,1.550,1.013
2004-05-31,37.00,,,,,
2004-06-01,39.05,1.326,6.45,,1.605,1.071
2004-06-02,37.99,1.240,6.51,,1.605,1.019
2004-06-03,36.26,1.185,6.44,,1.530,1.023
2004-06-04,35.97,1.128,6.15,,1.495,1.008
2004-06-07,35.57,1.160,6.09,,1.470,1.024
2004-06-08,35.47,1.110,6.19,,1.370,0.992
2004-06-09,34.69,1.144,6.04,,1.390,1.007
2004-06-10,35.75,1.163,6.00,,1.400,1.025
2004-06-11,35.23,,,,,
2004-06-14,35.22,1.124,6.15,,1.395,1.007
2004-06-15,34.66,1.126,6.35,,1.340,1.014
2004-06-16,34.56,1.107,6.38,,1.313,1.012
2004-06-17,35.58,1.165,6.57,,1.325,1.056
2004-06-18,35.43,1.165,6.48,,1.375,1.047
2004-06-21,34.82,1.124,6.42,,1.480,1.018
2004-06-22,34.95,1.158,6.29,,1.505,1.044
2004-06-23,34.81,1.163,6.30,,1.550,1.043
2004-06-24,34.71,1.177,6.41,,1.580,1.066
2004-06-25,34.25,1.159,6.28,,1.535,1.063
2004-06-28,33.24,1.096,6.13,,1.465,1.043
2004-06-29,32.61,1.074,6.02,,1.435,1.028
2004-06-30,33.22,1.119,6.03,,1.435,1.063
2004-07-01,35.58,1.174,5.95,,1.500,1.120
2004-07-02,35.36,1.200,5.88,,1.485,1.127
2004-07-05,35.73,,,,,
2004-07-06,36.47,1.226,6.16,,1.585,1.139
2004-07-07,35.62,1.235,6.27,,1.530,1.124
2004-07-08,37.13,1.298,6.19,,1.520,1.142
2004-07-09,37.58,1.289,5.89,,1.530,1.121
2004-07-12,37.73,1.257,5.95,,1.565,1.088
2004-07-13,36.68,1.253,5.85,,1.520,1.098
2004-07-14,37.51,1.273,5.91,,1.520,1.126
2004-07-15,38.41,1.278,5.92,,1.515,1.128
2004-07-16,38.49,1.250,5.77,,1.495,1.132
2004-07-19,39.07,1.226,5.75,,1.465,1.142
2004-07-20,38.96,1.180,5.80,,1.425,1.115
2004-07-21,38.48,1.178,5.90,,1.420,1.126
2004-07-22,39.16,1.192,5.85,,1.395,1.170
2004-07-23,39.59,1.208,5.98,,1.410,1.187
2004-07-26,39.75,1.166,5.94,,1.400,1.174
2004-07-27,40.09,1.160,5.87,,1.370,1.179
2004-07-28,41.08,1.228,5.77,,1.370,1.194
2004-07-29,40.93,1.210,5.93,,1.378,1.190
2004-07-30,41.47,1.243,6.03,,1.405,1.218
2004-08-02,41.35,1.225,5.86,,1.390,1.208
2004-08-03,41.82,1.229,5.77,,1.400,1.225
2004-08-04,41.75,1.140,5.70,,1.360,1.187
2004-08-05,42.49,1.176,5.54,,1.375,1.222
2004-08-06,42.63,1.170,5.42,,1.360,1.207
2004-08-09,43.21,1.178,5.58,,1.360,1.224
2004-08-10,42.50,1.181,5.78,,1.360,1.198
2004-08-11,42.45,1.207,5.64,,1.335,1.189
2004-08-12,43.50,1.252,5.46,,1.400,1.224
2004-08-13,44.13,1.294,5.27,,1.385,1.254
2004-08-16,44.35,1.256,5.34,,1.370,1.239
2004-08-17,44.05,1.260,5.27,,1.405,1.252
2004-08-18,44.12,1.252,5.36,,1.440,1.259
2004-08-19,44.84,1.286,5.34,,1.475,1.309
2004-08-20,45.46,1.230,5.39,,1.470,1.271
2004-08-23,44.39,1.220,5.34,,1.438,1.250
2004-08-24,42.99,1.232,5.23,,1.445,1.252
2004-08-25,42.39,1.169,5.32,,1.395,1.209
2004-08-26,40.65,1.169,5.19,,1.360,1.200
2004-08-27,40.72,1.150,5.05,,1.370,1.220
2004-08-30,40.78,1.122,5.05,,1.330,1.200
2004-08-31,39.80,1.130,5.04,,1.305,1.195
2004-09-01,40.96,1.179,5.02,,1.355,1.252
2004-09-02,42.39,1.193,4.75,,1.345,1.265
2004-09-03,41.07,1.198,4.32,,1.348,1.257
2004-09-06,40.40,,,,,
2004-09-07,40.19,1.178,4.41,,1.320,1.255
2004-09-08,39.91,1.183,4.69,,1.325,1.253
2004-09-09,41.45,1.233,4.57,,1.400,1.301
2004-09-10,41.03,1.166,4.57,,1.405,1.233
2004-09-13,40.63,1.194,5.12,,1.415,1.282
2004-09-14,41.34,1.257,5.15,,1.470,1.334
2004-09-15,42.03,1.231,5.17,,1.485,1.343
2004-09-16,40.68,1.243,4.82,,1.460,1.353
2004-09-17,43.08,1.283,4.95,,1.485,1.386
2004-09-20,43.60,1.286,5.22,,1.515,1.371
2004-09-21,44.56,1.291,5.43,,1.530,1.395
2004-09-22,45.66,1.328,5.58,,1.545,1.431
2004-09-23,46.53,1.330,5.58,,1.555,1.443
2004-09-24,46.13,1.343,5.41,,1.570,1.456
2004-09-27,46.87,1.345,5.22,,1.610,1.494
2004-09-28,47.52,1.350,5.45,,1.655,1.504
2004-09-29,46.54,1.331,6.26,,1.685,1.510
2004-09-30,47.76,1.340,6.36,,1.620,1.491
2004-10-01,46.86,1.354,5.38,,1.625,1.513
2004-10-04,46.99,1.341,5.72,,1.665,1.492
2004-10-05,47.10,1.363,6.07,,1.775,1.490
2004-10-06,47.95,1.379,6.00,,1.780,1.488
2004-10-07,48.98,1.389,6.24,,1.785,1.473
2004-10-08,49.41,1.401,5.59,,1.800,1.496
2004-10-11,50.75,1.409,5.63,,1.790,1.507
2004-10-12,51.28,1.379,5.63,,1.735,1.484
2004-10-13,50.42,1.415,5.38,,1.770,1.558
2004-10-14,51.31,1.420,5.76,,1.680,1.603
2004-10-15,51.02,1.410,5.64,,1.680,1.606
2004-10-18,49.16,1.338,5.64,,1.570,1.550
2004-10-19,49.21,1.351,6.13,,1.550,1.521
2004-10-20,50.78,1.401,7.27,,1.565,1.566
2004-10-21,51.06,1.406,7.35,,1.530,1.585
2004-10-22,52.28,1.431,7.11,,1.565,1.592
2004-10-25,51.68,1.390,7.75,,1.545,1.551
2004-10-26,52.04,1.409,7.78,,1.585,1.560
2004-10-27,49.99,1.326,8.12,,1.510,1.463
2004-10-28,48.88,1.286,6.80,,1.485,1.409
2004-10-29,48.16,1.331,6.43,,1.488,1.420
2004-11-01,46.84,1.279,6.98,,1.430,1.357
2004-11-02,46.25,1.272,6.88,,1.430,1.338
2004-11-03,46.14,1.318,7.25,,1.555,1.379
2004-11-04,45.32,1.260,7.40,,1.468,1.319
2004-11-05,44.37,1.277,6.08,,1.475,1.330
2004-11-08,44.78,1.264,6.62,,1.475,1.321
2004-11-09,43.27,1.227,5.79,,1.425,1.309
2004-11-10,42.57,1.281,6.12,,1.455,1.385
2004-11-11,42.22,1.243,6.19,,1.425,1.317
2004-11-12,41.33,1.259,5.90,,1.420,1.322
2004-11-15,39.32,1.240,6.02,,1.380,1.297
2004-11-16,40.48,1.220,6.57,,1.340,1.281
2004-11-17,40.27,1.250,6.06,,1.350,1.356
2004-11-18,40.80,1.235,5.59,,1.295,1.372
2004-11-19,42.29,1.312,4.81,,1.385,1.427
2004-11-22,42.26,1.276,5.24,,1.345,1.380
2004-11-23,43.03,1.295,5.24,,1.375,1.364
2004-11-24,42.62,1.291,5.01,,1.370,1.394
2004-11-25,43.12,,,,,
2004-11-26,42.87,,,,,
2004-11-29,44.05,1.296,6.76,,1.355,1.385
2004-11-30,44.23,1.254,6.79,,1.318,1.320
2004-12-01,41.19,1.173,6.78,,1.225,1.226
2004-12-02,38.49,1.112,6.69,,1.190,1.192
2004-12-03,38.57,1.096,6.04,,1.140,1.149
2004-12-06,38.43,1.072,6.05,,1.130,1.134
2004-12-07,37.11,1.023,6.03,,1.105,1.113
2004-12-08,36.90,1.012,5.98,,1.110,1.148
2004-12-09,38.33,1.035,6.04,,1.170,1.202
2004-12-10,37.24,1.001,6.29,,1.115,1.134
2004-12-13,36.77,1.048,6.89,,1.160,1.203
2004-12-14,37.03,1.053,7.10,,1.180,1.263
2004-12-15,41.53,1.100,7.04,,1.215,1.360
2004-12-16,41.49,1.075,6.88,,1.190,1.317
2004-12-17,43.06,1.119,7.26,,1.240,1.346
2004-12-20,42.67,1.082,7.14,,1.205,1.295
2004-12-21,42.76,1.103,6.83,,1.250,1.302
2004-12-22,40.44,1.104,7.05,,1.235,1.272
2004-12-23,40.29,1.092,6.98,,1.255,1.283
2004-12-24,39.60,,,,,
2004-12-27,39.60,0.988,6.57,,1.155,1.149
2004-12-28,40.24,0.996,6.27,,1.150,1.161
2004-12-29,38.93,1.054,6.18,,1.220,1.228
2004-12-30,39.80,1.098,6.02,,1.238,1.210
2004-12-31,40.38,,,,,
2005-01-03,,1.117,5.53,,1.228,1.150
2005-01-04,40.75,1.148,5.71,,1.275,1.198
2005-01-05,41.00,1.149,5.84,,1.265,1.211
2005-01-06,43.25,1.205,5.79,,1.285,1.290
2005-01-07,43.28,1.204,5.82,,1.280,1.292
2005-01-10,44.71,1.203,6.21,,1.268,1.299
2005-01-11,43.45,1.215,5.96,,1.280,1.317
2005-01-12,43.75,1.206,5.89,,1.285,1.327
2005-01-13,45.76,1.242,6.06,,1.380,1.359
2005-01-14,45.26,1.253,6.45,,1.365,1.370
2005-01-17,45.10,,,,,
2005-01-18,45.18,1.238,6.69,,1.390,1.365
2005-01-19,45.16,1.235,6.19,,1.400,1.360
2005-01-20,44.06,1.241,6.27,,1.415,1.364
2005-01-21,45.88,1.276,6.43,,1.490,1.412
2005-01-24,45.74,1.278,6.41,,1.490,1.429
2005-01-25,46.14,1.323,6.44,,1.480,1.443
2005-01-26,45.94,1.355,6.44,,1.475,1.429
2005-01-27,46.51,1.340,6.50,,1.528,1.394
2005-01-28,44.75,1.291,6.23,,1.495,1.330
2005-01-31,44.51,1.300,6.14,,1.510,1.345
2005-02-01,45.12,1.284,6.28,,1.480,1.305
2005-02-02,44.17,1.259,6.38,,1.459,1.283
2005-02-03,43.13,1.223,6.32,,1.473,1.246
2005-02-04,43.26,1.208,6.12,,1.491,1.254
2005-02-07,42.70,1.152,6.02,,1.497,1.205
2005-02-08,42.79,1.155,5.95,,1.526,1.232
2005-02-09,42.49,1.180,6.20,,1.550,1.269
2005-02-10,44.04,1.243,6.21,,1.590,1.308
2005-02-11,44.41,1.235,6.02,,1.559,1.303
2005-02-14,44.51,1.235,5.95,,1.553,1.291
2005-02-15,44.91,1.209,6.01,,1.561,1.294
2005-02-16,45.42,1.236,6.10,,1.553,1.367
2005-02-17,45.42,1.192,6.05,,1.507,1.334
2005-02-18,45.86,1.219,5.88,,1.543,1.360
2005-02-21,46.09,,,,,
2005-02-22,47.60,1.263,5.92,,1.606,1.436
2005-02-23,48.16,1.268,6.02,,1.624,1.467
2005-02-24,49.24,1.235,6.33,,1.628,1.457
2005-02-25,50.05,1.213,6.24,,1.581,1.463
2005-02-28,50.13,1.247,6.62,,1.577,1.477
2005-03-01,50.47,1.253,6.63,,1.558,1.488
2005-03-02,51.05,1.361,6.61,,1.644,1.519
2005-03-03,52.89,1.386,6.71,,1.663,1.487
2005-03-04,52.10,1.394,6.51,,1.679,1.484
2005-03-07,51.87,1.409,6.66,,1.675,1.488
2005-03-08,53.29,1.446,6.81,,1.695,1.532
2005-03-09,54.11,1.426,6.99,,1.688,1.519
2005-03-10,53.04,1.394,6.91,,1.633,1.519
2005-03-11,53.15,1.419,6.73,,1.663,1.559
2005-03-14,53.68,1.407,6.86,,1.652,1.548
2005-03-15,53.97,1.405,7.16,,1.657,1.562
2005-03-16,54.61,1.452,7.08,,1.693,1.619
2005-03-17,56.03,1.462,7.25,,1.707,1.598
2005-03-18,55.97,1.497,7.12,,1.726,1.617
2005-03-21,55.79,1.515,7.16,,1.766,1.626
2005-03-22,55.39,1.482,7.24,,1.773,1.594
2005-03-23,51.52,1.505,7.11,,1.778,1.608
2005-03-24,52.35,1.480,7.07,,1.815,1.593
2005-03-25,,,,,,
2005-03-28,51.75,1.457,6.94,,1.790,1.584
2005-03-29,51.42,1.467,6.93,,1.790,1.551
2005-03-30,50.63,1.488,7.18,,1.856,1.603
2005-03-31,53.22,1.545,7.46,,1.895,1.669
2005-04-01,54.14,1.604,7.57,,1.991,1.739
2005-04-04,55.92,1.588,7.80,,2.024,1.696
2005-04-05,54.53,1.579,7.44,,1.985,1.679
2005-04-06,54.08,1.553,7.46,,1.939,1.641
2005-04-07,52.57,1.463,7.50,,1.845,1.583
2005-04-08,51.83,1.438,7.26,,1.828,1.562
2005-04-11,51.21,1.449,7.17,,1.830,1.549
2005-04-12,51.53,1.419,7.34,,1.830,1.517
2005-04-13,49.67,1.384,7.07,,1.823,1.520
2005-04-14,50.21,1.402,7.02,,1.823,1.552
2005-04-15,49.52,1.388,6.95,,1.790,1.536
2005-04-18,48.58,1.408,6.95,,1.725,1.505
2005-04-19,50.79,1.486,6.95,,1.765,1.538
2005-04-20,51.53,1.488,7.10,,1.790,1.557
2005-04-21,51.73,1.542,6.93,,1.835,1.592
2005-04-22,53.51,1.574,7.06,,1.825,1.608
2005-04-25,53.10,1.551,7.27,,1.850,1.572
2005-04-26,52.47,1.531,7.08,,1.830,1.562
2005-04-27,51.29,1.425,7.10,,1.695,1.515
2005-04-28,50.74,1.441,6.67,,1.710,1.538
2005-04-29,50.61,1.374,6.64,,1.670,1.469
2005-05-02,50.89,1.404,6.50,,1.720,1.515
2005-05-03,49.48,1.362,6.61,,1.705,1.508
2005-05-04,50.36,1.376,6.49,,1.680,1.532
2005-05-05,49.81,1.387,6.65,,1.655,1.518
2005-05-06,49.70,1.398,6.67,,1.645,1.504
2005-05-09,49.71,1.401,6.56,,1.615,1.501
2005-05-10,50.61,1.417,6.67,,1.640,1.531
2005-05-11,48.91,1.392,6.63,,1.595,1.484
2005-05-12,47.40,1.344,6.62,,1.560,1.450
2005-05-13,46.85,1.328,6.47,,1.545,1.434
2005-05-16,46.42,1.331,6.45,,1.528,1.411
2005-05-17,47.31,1.359,6.41,,1.600,1.427
2005-05-18,47.35,1.337,6.50,,1.580,1.412
2005-05-19,46.92,1.370,6.39,,1.588,1.438
2005-05-20,46.91,1.342,6.36,,1.560,1.414
2005-05-23,47.28,1.327,6.33,,1.520,1.408
2005-05-24,47.29,1.349,6.45,,1.515,1.434
2005-05-25,49.24,1.381,6.33,,1.575,1.471
2005-05-26,49.71,1.378,6.30,,1.605,1.493
2005-05-27,49.42,1.398,6.22,,1.595,1.500
2005-05-30,49.33,,,,,
2005-05-31,49.30,1.411,6.31,,1.575,1.517
2005-06-01,50.46,1.476,6.36,,1.650,1.602
2005-06-02,51.30,1.454,6.63,,1.635,1.614
2005-06-03,51.90,1.489,6.65,,1.695,1.676
2005-06-06,52.61,1.461,7.05,,1.675,1.657
2005-06-07,51.62,1.448,7.13,,1.665,1.644
2005-06-08,51.92,1.432,7.22,,1.625,1.593
2005-06-09,51.36,1.501,7.05,,1.685,1.665
2005-06-10,51.98,1.475,7.09,,1.670,1.652
2005-06-13,52.00,1.495,7.08,,1.685,1.707
2005-06-14,53.52,1.467,7.32,,1.676,1.666
2005-06-15,54.12,1.486,7.39,,1.710,1.648
2005-06-16,54.30,1.523,7.41,,1.755,1.659
2005-06-17,56.92,1.573,7.61,,1.800,1.691
2005-06-20,57.10,1.568,7.80,,1.800,1.694
2005-06-21,57.36,1.546,7.46,,1.845,1.654
2005-06-22,56.06,1.550,7.39,,1.815,1.643
2005-06-23,57.03,1.577,7.51,,1.860,1.694
2005-06-24,57.21,1.579,7.45,,1.860,1.676
2005-06-27,58.50,1.583,7.29,,1.925,1.686
2005-06-28,57.75,1.525,7.04,,1.805,1.628
2005-06-29,55.42,1.505,7.08,,1.785,1.616
2005-06-30,55.36,1.490,7.01,,1.775,1.619
2005-07-01,56.41,1.557,7.01,,1.865,1.706
2005-07-04,57.13,,,,,
2005-07-05,57.86,1.600,7.38,,1.895,1.726
2005-07-06,58.38,1.685,7.69,,1.970,1.795
2005-07-07,57.55,1.692,7.62,,1.970,1.749
2005-07-08,59.00,1.637,7.87,,1.915,1.701
2005-07-11,56.10,1.599,7.35,,1.875,1.663
2005-07-12,58.95,1.633,7.79,,1.903,1.719
2005-07-13,58.33,1.591,7.78,,1.895,1.678
2005-07-14,56.79,1.532,7.99,,1.830,1.634
2005-07-15,56.98,1.534,8.02,,1.810,1.645
2005-07-18,56.25,1.485,7.77,,1.775,1.608
2005-07-19,56.75,1.536,7.70,,1.800,1.624
2005-07-20,56.39,1.548,7.75,,1.845,1.598
2005-07-21,55.59,1.579,7.64,,1.870,1.572
2005-07-22,56.98,1.607,7.41,,1.885,1.635
2005-07-25,57.51,1.567,7.38,,1.895,1.641
2005-07-26,58.58,1.564,7.45,,1.880,1.644
2005-07-27,58.34,1.574,7.52,,1.910,1.637
2005-07-28,58.28,1.625,7.69,,1.915,1.658
2005-07-29,59.77,1.670,7.76,,1.935,1.665
2005-08-01,60.56,1.669,8.03,,1.945,1.704
2005-08-02,60.13,1.695,8.38,,1.945,1.701
2005-08-03,60.04,1.688,8.75,,1.965,1.664
2005-08-04,60.62,1.736,8.55,,2.075,1.700
2005-08-05,60.73,1.764,8.60,,2.080,1.723
2005-08-08,62.56,1.785,8.93,,2.095,1.796
2005-08-09,62.79,1.764,8.70,,2.010,1.776
2005-08-10,63.77,1.850,8.82,,2.060,1.856
2005-08-11,65.90,1.914,9.29,,2.090,1.928
2005-08-12,67.26,1.943,9.59,,2.120,1.945
2005-08-15,66.68,1.930,9.53,,2.103,1.906
2005-08-16,65.10,1.959,9.66,,2.118,1.896
2005-08-17,63.41,1.853,9.99,,2.008,1.796
2005-08-18,61.75,1.849,9.38,,1.955,1.829
2005-08-19,64.21,1.865,9.09,,2.030,1.868
2005-08-22,65.87,1.811,9.44,,2.000,1.842
2005-08-23,65.16,1.826,9.96,,1.993,1.872
2005-08-24,65.25,1.897,10.02,,2.058,1.942
2005-08-25,65.88,1.905,9.77,,2.130,1.921
2005-08-26,66.23,1.858,9.86,,2.225,1.893
2005-08-29,64.77,2.087,9.86,,2.410,1.972
2005-08-30,66.15,2.640,12.36,,2.885,2.295
2005-08-31,66.80,3.265,12.69,,2.964,2.288
2005-09-01,66.79,2.888,11.36,,2.705,2.423
2005-09-02,65.95,2.625,11.75,,2.439,2.205
2005-09-05,64.16,,,,,
2005-09-06,64.16,2.195,11.56,,2.310,2.153
2005-09-07,63.60,2.209,11.03,,2.185,2.089
2005-09-08,61.66,2.175,10.92,,2.180,1.978
2005-09-09,62.62,2.048,11.03,,2.125,1.949
2005-09-12,60.69,1.969,10.68,,2.130,1.845
2005-09-13,61.31,1.968,10.71,,2.128,1.883
2005-09-14,61.70,2.019,10.80,,2.225,2.004
2005-09-15,61.90,1.930,11.24,,2.268,1.965
2005-09-16,60.48,1.830,11.25,,2.105,1.905
2005-09-19,64.04,2.001,11.99,,2.330,2.165
2005-09-20,62.98,1.991,12.76,,2.260,2.153
2005-09-21,64.31,2.060,14.26,,2.260,2.198
2005-09-22,64.64,2.063,14.84,,2.260,2.253
2005-09-23,62.17,2.005,,,2.245,2.175
2005-09-26,61.73,2.106,,,2.292,2.395
2005-09-27,62.56,2.155,,,2.275,2.522
2005-09-28,62.81,2.293,,,2.400,2.950
2005-09-29,62.02,2.178,,,2.385,3.025
2005-09-30,61.70,2.095,,,2.337,2.645
2005-10-03,61.64,2.062,,,2.250,2.900
2005-10-04,59.17,2.044,,,2.161,3.100
2005-10-05,59.33,1.924,,,2.065,3.130
2005-10-06,57.20,1.865,,,2.038,2.745
2005-10-07,57.29,1.820,13.67,,1.990,2.840
2005-10-10,57.01,1.794,13.29,,1.965,2.782
2005-10-11,58.10,1.789,13.67,,1.975,2.777
2005-10-12,59.91,1.787,13.77,,1.968,2.800
2005-10-13,59.48,1.710,13.48,,1.908,2.379
2005-10-14,58.45,1.701,12.80,,1.915,2.305
2005-10-17,59.81,1.747,13.89,,1.980,2.568
2005-10-18,58.85,1.671,13.41,,1.910,2.527
2005-10-19,58.13,1.614,13.52,,1.848,2.138
2005-10-20,57.04,1.560,13.24,,1.750,1.922
2005-10-21,56.94,1.580,12.73,,1.748,1.933
2005-10-24,57.64,1.499,12.95,,1.725,1.838
2005-10-25,58.72,1.584,13.90,,1.785,1.956
2005-10-26,58.56,1.517,14.68,,1.743,1.927
2005-10-27,58.10,1.530,13.90,,1.745,1.938
2005-10-28,59.47,1.570,13.10,,1.775,1.964
2005-10-31,58.47,1.516,12.18,,1.695,1.894
2005-11-01,56.69,1.524,10.80,,1.719,1.824
2005-11-02,58.53,1.493,10.85,,1.664,1.780
2005-11-03,59.55,1.551,10.79,,1.710,1.828
2005-11-04,60.48,1.535,9.67,,1.695,1.766
2005-11-07,58.19,1.497,8.77,,1.605,1.760
2005-11-08,57.89,1.497,9.15,,1.615,1.746
2005-11-09,57.71,1.525,9.31,,1.605,1.779
2005-11-10,55.85,1.456,9.66,,1.555,1.715
2005-11-11,54.30,1.456,9.20,,1.520,1.690
2005-11-14,54.10,1.458,9.15,,1.525,1.695
2005-11-15,54.45,1.418,9.21,,1.515,1.631
2005-11-16,53.68,1.448,11.03,,1.563,1.677
2005-11-17,53.80,1.421,11.92,,1.545,1.645
2005-11-18,52.84,1.453,10.01,,1.545,1.647
2005-11-21,53.36,1.444,10.48,,1.540,1.650
2005-11-22,54.21,1.484,11.15,,1.563,1.684
2005-11-23,53.73,1.466,11.02,,1.501,1.693
2005-11-24,53.41,,,,,
2005-11-25,53.15,,,,,
2005-11-28,52.91,1.425,11.01,,1.520,1.585
2005-11-29,53.24,1.413,11.17,,1.495,1.564
2005-11-30,53.25,1.442,11.73,,1.535,1.607
2005-12-01,53.65,1.543,12.58,,1.570,1.652
2005-12-02,54.91,1.599,12.95,,1.555,1.680
2005-12-05,56.05,1.578,14.27,,1.515,1.723
2005-12-06,55.68,1.575,13.57,,1.500,1.747
2005-12-07,55.17,1.531,13.95,,1.515,1.705
2005-12-08,56.26,1.602,14.25,,1.595,1.781
2005-12-09,57.18,1.597,15.02,,1.593,1.722
2005-12-12,57.23,1.638,14.82,,1.650,1.742
2005-12-13,59.16,1.650,15.39,,1.650,1.806
2005-12-14,59.59,1.650,14.81,,1.668,1.807
2005-12-15,59.67,1.645,14.07,,1.640,1.760
2005-12-16,58.11,1.588,13.36,,1.585,1.720
2005-12-19,56.09,1.554,13.73,,1.512,1.694
2005-12-20,56.08,1.538,13.79,,1.503,1.657
2005-12-21,56.05,1.570,13.56,,1.513,1.695
2005-12-22,57.30,1.570,13.03,,1.628,1.719
2005-12-23,56.28,1.583,11.17,,1.647,1.705
2005-12-26,56.54,,,,,
2005-12-27,,1.542,10.22,,1.626,1.639
2005-12-28,56.91,1.622,9.90,,1.685,1.775
2005-12-29,57.72,1.678,10.07,,1.739,1.761
2005-12-30,58.34,1.755,9.52,,1.830,1.787
2006-01-02,,,,,,
2006-01-03,61.51,1.775,9.90,,1.843,1.819
2006-01-04,61.25,1.800,9.25,,1.885,1.855
2006-01-05,61.68,1.799,9.24,,1.870,1.813
2006-01-06,62.43,1.834,9.30,,1.900,1.835
2006-01-09,62.51,1.771,8.79,,1.825,1.792
2006-01-10,62.32,1.744,8.60,,1.825,1.728
2006-01-11,61.54,1.747,8.55,,1.805,1.719
2006-01-12,62.95,1.693,8.70,,1.765,1.704
2006-01-13,61.58,1.698,8.50,,1.768,1.720
2006-01-16,62.34,,,,,
2006-01-17,63.22,1.800,8.82,,1.870,1.817
2006-01-18,63.60,1.746,8.86,,1.838,1.781
2006-01-19,63.64,1.726,8.21,,1.850,1.831
2006-01-20,64.92,1.754,8.80,,1.970,1.940
2006-01-23,64.56,1.726,8.29,,2.010,1.928
2006-01-24,63.82,1.687,8.27,,1.930,1.845
2006-01-25,62.61,1.606,8.50,,1.810,1.788
2006-01-26,62.93,1.649,7.86,,1.835,1.816
2006-01-27,64.95,1.704,8.19,,1.910,1.845
2006-01-30,65.14,1.749,8.36,,2.000,1.898
2006-01-31,63.19,1.696,8.73,,1.960,1.847
2006-02-01,65.64,1.621,8.71,,1.910,1.829
2006-02-02,63.49,1.585,8.01,,1.850,1.802
2006-02-03,62.54,1.574,8.01,,1.840,1.790
2006-02-06,63.32,1.551,8.24,,1.805,1.774
2006-02-07,61.64,1.532,7.74,,1.765,1.719
2006-02-08,60.82,1.492,7.88,,1.663,1.735
2006-02-09,60.70,1.447,7.55,,1.640,1.737
2006-02-10,59.66,1.395,7.57,,1.613,1.712
2006-02-13,59.16,1.374,7.36,,1.615,1.717
2006-02-14,58.27,1.352,7.03,,1.560,1.687
2006-02-15,57.67,1.408,7.31,,1.593,1.716
2006-02-16,56.78,1.452,7.16,,1.650,1.739
2006-02-17,58.34,1.529,7.39,,1.780,1.728
2006-02-20,60.05,,,,,
2006-02-21,59.35,1.504,7.40,,1.800,1.743
2006-02-22,58.71,1.498,7.55,,1.760,1.753
2006-02-23,58.71,1.530,7.23,,1.765,1.763
2006-02-24,60.13,1.538,7.39,,1.785,1.809
2006-02-27,59.44,1.523,6.97,,1.715,1.758
2006-02-28,59.78,1.578,6.69,,1.765,1.814
2006-03-01,61.12,1.606,6.62,,1.795,1.838
2006-03-02,62.27,1.660,6.69,,1.885,1.924
2006-03-03,62.69,1.698,6.59,,1.945,1.924
2006-03-06,61.41,1.602,6.50,,1.870,1.841
2006-03-07,59.79,1.579,6.53,,1.840,1.804
2006-03-08,58.42,1.625,6.47,,1.880,1.783
2006-03-09,58.82,1.696,6.31,,1.925,1.827
2006-03-10,59.04,1.663,6.40,,1.875,1.795
2006-03-13,60.99,1.728,6.77,,1.975,1.853
2006-03-14,62.39,1.840,7.15,,2.085,1.921
2006-03-15,63.12,1.802,7.10,,2.020,1.871
2006-03-16,62.07,1.827,7.12,,2.050,1.901
2006-03-17,63.54,1.826,7.17,,2.000,1.878
2006-03-20,62.30,1.822,7.00,,1.952,1.820
2006-03-21,59.96,1.801,6.83,,1.985,1.855
2006-03-22,61.23,1.698,7.06,,1.952,1.835
2006-03-23,61.76,1.795,7.16,,2.020,1.881
2006-03-24,62.78,1.798,7.43,,2.035,1.882
2006-03-27,62.59,1.807,7.05,,2.080,1.877
2006-03-28,64.31,1.867,7.15,,2.133,1.924
2006-03-29,64.88,1.945,7.16,,2.225,1.964
2006-03-30,65.95,1.958,7.19,,2.260,1.972
2006-03-31,66.06,1.964,6.98,,2.210,1.950
2006-04-03,67.28,1.937,7.08,,2.130,1.952
2006-04-04,65.93,1.957,7.04,,2.160,1.951
2006-04-05,66.74,2.033,6.89,,2.215,1.978
2006-04-06,67.58,2.045,7.06,,2.295,1.983
2006-04-07,67.11,2.037,6.81,,2.270,1.984
2006-04-10,68.20,2.070,6.83,,2.295,2.033
2006-04-11,68.52,2.119,6.99,,2.355,2.042
2006-04-12,69.54,2.127,6.78,,2.405,2.046
2006-04-13,69.39,2.187,6.64,,2.418,2.075
2006-04-14,,,,,,
2006-04-17,,2.282,7.22,,2.475,2.106
2006-04-18,70.97,2.324,7.60,,2.700,2.129
2006-04-19,72.69,2.346,7.72,,2.645,2.165
2006-04-20,72.57,2.278,7.95,,2.655,2.149
2006-04-21,73.94,2.277,7.65,,2.550,2.213
2006-04-24,73.96,2.159,7.73,,2.490,2.151
2006-04-25,72.86,2.124,7.37,,2.530,2.169
2006-04-26,73.46,2.125,7.17,,2.630,2.117
2006-04-27,71.79,2.065,6.94,,2.615,2.080
2006-04-28,72.15,2.075,6.64,,2.680,2.088
2006-05-01,73.37,2.169,6.53,,2.945,2.151
2006-05-02,74.45,2.214,6.68,,2.970,2.165
2006-05-03,73.73,2.111,6.56,,2.800,2.088
2006-05-04,71.84,2.030,6.47,,2.630,2.030
2006-05-05,71.22,2.026,6.80,,2.635,2.034
2006-05-08,68.26,1.990,6.54,,2.618,2.044
2006-05-09,70.60,2.025,6.55,,2.568,2.076
2006-05-10,69.83,2.150,6.50,,2.675,2.144
2006-05-11,72.20,2.155,6.80,,2.695,2.177
2006-05-12,71.30,2.138,6.35,,2.645,2.139
2006-05-15,68.69,2.020,5.92,,2.485,2.023
2006-05-16,68.66,1.990,5.99,,2.485,2.043
2006-05-17,67.52,1.905,6.15,,2.320,2.008
2006-05-18,67.39,1.942,5.79,,2.435,2.034
2006-05-19,66.93,1.955,5.77,,2.355,2.003
2006-05-22,66.52,1.985,5.91,,2.400,1.999
2006-05-23,68.97,2.007,6.27,,2.430,2.047
2006-05-24,68.45,1.924,6.01,,2.310,2.024
2006-05-25,68.51,2.008,5.85,,2.370,2.078
2006-05-26,69.88,2.061,5.78,,2.460,2.076
2006-05-29,69.16,,,,,
2006-05-30,69.82,2.068,6.20,,2.448,2.096
2006-05-31,67.57,2.045,5.97,,2.440,2.062
2006-06-01,68.77,2.076,6.25,,2.490,2.060
2006-06-02,68.42,2.161,6.23,,2.475,2.142
2006-06-05,69.13,2.154,6.40,,2.415,2.143
2006-06-06,68.25,2.130,6.16,,2.435,2.152
2006-06-07,67.17,2.066,5.82,,2.315,2.130
2006-06-08,65.76,2.053,5.84,,2.320,2.145
2006-06-09,69.13,2.086,6.10,,2.395,2.218
2006-06-12,68.62,2.052,6.02,,2.364,2.170
2006-06-13,65.67,1.967,5.95,,2.321,2.078
2006-06-14,65.52,1.962,6.08,2.152,2.276,2.079
2006-06-15,66.04,1.987,6.43,2.145,2.297,2.085
2006-06-16,65.01,1.952,7.03,2.085,2.323,2.048
2006-06-19,66.40,1.941,6.71,2.021,2.286,1.983
2006-06-20,67.57,1.956,6.62,2.028,2.296,1.991
2006-06-21,68.17,2.000,6.50,2.059,2.360,1.999
2006-06-22,69.60,2.055,6.51,2.092,2.418,2.063
2006-06-23,69.91,2.064,6.14,2.114,2.436,2.060
2006-06-26,69.85,2.108,5.89,2.126,2.500,2.037
2006-06-27,71.26,2.132,5.97,2.117,2.505,2.028
2006-06-28,71.76,2.147,6.04,2.105,2.513,2.026
2006-06-29,73.02,2.198,6.09,2.175,2.535,2.076
2006-06-30,73.20,2.187,5.84,2.186,2.539,2.065
2006-07-03,73.94,,,2.186,,
2006-07-04,73.17,,,,,
2006-07-05,72.88,2.244,5.70,2.214,2.602,2.122
2006-07-06,73.12,2.218,5.28,2.199,2.576,2.147
2006-07-07,74.14,2.186,5.18,2.167,2.553,2.102
2006-07-10,72.39,2.124,5.32,2.122,2.464,2.045
2006-07-11,73.14,2.147,5.51,2.158,2.485,2.081
2006-07-12,73.04,2.217,5.66,2.173,2.495,2.096
2006-07-13,75.23,2.272,5.92,2.274,2.540,2.266
2006-07-14,76.13,2.265,6.28,2.250,2.541,2.231
2006-07-17,75.12,2.240,6.27,2.214,2.525,2.195
2006-07-18,75.32,2.237,6.02,2.273,2.492,2.228
2006-07-19,71.62,2.195,5.89,2.253,2.453,2.176
2006-07-20,72.56,2.222,6.14,2.216,2.434,2.139
2006-07-21,72.96,2.269,5.90,2.269,2.490,2.140
2006-07-24,72.09,2.293,6.33,2.247,2.430,2.195
2006-07-25,72.49,2.248,6.78,2.175,2.391,2.140
2006-07-26,73.76,2.270,6.71,2.275,2.438,2.147
2006-07-27,75.36,2.303,7.03,2.340,2.442,2.170
2006-07-28,73.95,2.270,7.24,2.303,2.453,2.143
2006-07-31,74.75,2.289,8.04,2.319,2.465,2.167
2006-08-01,76.39,2.393,8.66,2.352,2.350,2.200
2006-08-02,77.63,2.459,8.65,2.408,2.392,2.300
2006-08-03,76.28,2.379,7.61,2.373,2.364,2.245
2006-08-04,76.53,2.275,7.44,2.347,2.316,2.220
2006-08-07,77.82,2.299,6.97,2.370,2.328,2.240
2006-08-08,77.93,2.242,7.06,2.296,2.358,2.198
2006-08-09,78.26,2.196,7.60,2.285,2.294,2.165
2006-08-10,75.69,1.998,7.95,2.209,2.162,2.092
2006-08-11,75.19,2.043,7.56,2.205,2.240,2.085
2006-08-14,73.78,2.011,6.89,2.170,2.192,2.054
2006-08-15,73.57,2.019,6.90,2.174,2.190,2.097
2006-08-16,72.67,1.992,7.01,2.174,2.230,2.103
2006-08-17,70.42,1.967,6.73,2.188,2.087,2.070
2006-08-18,71.30,1.961,6.66,2.209,2.081,2.104
2006-08-21,72.42,1.935,6.72,2.257,2.090,2.127
2006-08-22,72.06,1.924,6.86,2.262,2.216,2.168
2006-08-23,71.12,1.835,7.19,2.225,2.110,2.126
2006-08-24,71.40,1.875,7.22,2.249,2.103,2.160
2006-08-25,72.58,1.870,7.48,2.227,2.149,2.138
2006-08-28,69.44,1.763,6.51,2.127,2.045,2.051
2006-08-29,67.01,1.789,6.24,2.072,2.025,2.034
2006-08-30,67.15,1.814,6.40,2.092,2.045,2.043
2006-08-31,67.66,1.846,5.80,2.095,2.015,2.046
2006-09-01,70.49,1.779,5.24,2.035,1.993,2.015
2006-09-04,68.62,,,,,
2006-09-05,65.94,1.651,5.45,1.991,1.910,1.966
2006-09-06,65.41,1.658,5.70,1.947,1.903,1.966
2006-09-07,64.52,1.662,5.64,1.923,1.874,1.958
2006-09-08,64.30,1.625,5.31,1.846,1.810,1.914
2006-09-11,62.41,1.613,5.29,1.769,1.783,1.851
2006-09-12,62.23,1.610,5.57,1.723,1.785,1.723
2006-09-13,61.28,1.589,5.40,1.676,1.770,1.736
2006-09-14,60.75,1.597,5.09,1.653,1.755,1.690
2006-09-15,60.23,1.623,4.40,1.672,1.768,1.696
2006-09-18,61.47,1.628,5.02,1.727,1.798,1.730
2006-09-19,62.52,1.528,4.99,1.694,1.735,1.693
2006-09-20,59.09,1.464,4.87,1.654,1.728,1.706
2006-09-21,59.27,1.507,4.65,1.774,1.775,1.764
2006-09-22,58.81,1.508,4.47,1.733,1.686,1.700
2006-09-25,57.89,1.493,4.31,1.761,1.690,1.773
2006-09-26,58.53,1.495,4.36,1.747,1.680,1.769
2006-09-27,57.60,1.558,4.35,1.829,1.701,1.852
2006-09-28,60.68,1.556,4.15,1.813,1.725,1.860
2006-09-29,59.09,1.521,3.66,1.812,1.770,1.852
2006-10-02,58.80,1.555,4.11,1.765,1.756,1.747
2006-10-03,56.28,1.470,4.01,1.699,1.688,1.691
2006-10-04,55.82,1.515,4.38,1.720,1.725,1.730
2006-10-05,57.93,1.524,4.69,1.804,1.751,1.758
2006-10-06,56.90,1.514,4.41,1.789,1.743,1.769
2006-10-09,59.25,1.505,5.06,1.814,1.735,1.794
2006-10-10,57.80,1.488,5.16,1.805,1.707,1.754
2006-10-11,57.75,1.466,5.66,1.759,1.703,1.739
2006-10-12,57.87,1.486,5.17,1.790,1.709,1.770
2006-10-13,58.97,1.486,4.30,1.832,1.723,1.772
2006-10-16,58.22,1.503,5.13,1.928,1.735,1.826
2006-10-17,60.13,1.519,6.26,1.829,1.693,1.751
2006-10-18,58.51,1.467,6.07,1.805,1.663,1.725
2006-10-19,57.74,1.487,6.77,1.806,1.690,1.746
2006-10-20,57.94,1.472,6.88,1.753,1.642,1.715
2006-10-23,56.56,1.474,7.29,1.757,1.621,1.697
2006-10-24,56.56,1.535,7.13,1.782,1.594,1.724
2006-10-25,58.79,1.595,7.20,1.826,1.687,1.765
2006-10-26,58.76,1.553,7.91,1.779,1.641,1.724
2006-10-27,57.99,1.571,7.41,1.781,1.676,1.743
2006-10-30,57.08,1.483,6.99,1.703,1.610,1.664
2006-10-31,56.13,1.474,6.64,1.726,1.611,1.659
2006-11-01,56.37,1.470,7.15,1.700,1.682,1.646
2006-11-02,56.26,1.460,7.32,1.687,1.683,1.634
2006-11-03,56.55,1.520,7.43,1.770,1.787,1.685
2006-11-06,57.02,1.538,6.72,1.817,1.840,1.722
2006-11-07,56.99,1.532,6.59,1.778,1.799,1.678
2006-11-08,57.18,1.578,7.39,1.820,1.893,1.710
2006-11-09,59.72,1.604,7.35,1.842,1.929,1.759
2006-11-10,59.18,1.579,7.16,1.749,1.871,1.719
2006-11-13,56.88,1.549,7.26,1.709,1.761,1.679
2006-11-14,57.90,1.563,7.42,1.716,1.780,1.686
2006-11-15,57.97,1.614,7.45,1.743,1.788,1.719
2006-11-16,59.50,1.553,7.59,1.759,1.753,1.715
2006-11-17,57.01,1.564,7.23,1.800,1.766,1.728
2006-11-20,57.38,1.573,7.79,1.806,1.810,1.733
2006-11-21,59.53,1.666,7.57,1.873,1.884,1.789
2006-11-22,58.66,1.627,7.42,1.817,1.745,1.738
2006-11-23,59.70,,,,,
2006-11-24,60.72,,,1.837,,
2006-11-27,60.52,1.625,7.58,1.855,1.746,1.720
2006-11-28,61.22,1.663,7.61,1.844,1.768,1.792
2006-11-29,62.13,1.733,7.74,1.907,1.841,1.897
2006-11-30,64.36,1.749,8.32,1.903,1.821,1.913
2006-12-01,64.74,1.716,8.42,1.911,1.833,1.921
2006-12-04,63.97,1.665,7.84,1.860,1.762,1.899
2006-12-05,63.65,1.653,7.32,1.840,1.769,1.888
2006-12-06,63.70,1.624,7.32,1.801,1.750,1.921
2006-12-07,63.17,1.626,7.61,1.804,1.793,1.854
2006-12-08,63.67,1.617,7.45,1.777,1.795,1.827
2006-12-11,62.59,1.598,6.81,1.751,1.805,1.796
2006-12-12,62.58,1.596,6.93,1.782,1.824,1.809
2006-12-13,61.89,1.641,7.21,1.794,1.816,1.814
2006-12-14,62.85,1.684,7.26,1.834,1.780,1.854
2006-12-15,62.91,1.784,6.82,1.843,1.816,1.878
2006-12-18,62.81,1.764,6.62,1.790,1.824,1.823
2006-12-19,62.19,1.785,6.27,1.727,1.853,1.725
2006-12-20,63.13,1.771,6.43,1.707,1.813,1.754
2006-12-21,62.13,1.736,6.09,1.816,1.779,1.781
2006-12-22,61.92,1.677,5.88,1.793,1.830,1.758
2006-12-25,,,,,,
2006-12-26,,1.587,5.72,1.749,1.768,1.714
2006-12-27,60.70,1.606,5.54,1.739,1.813,1.725
2006-12-28,59.41,1.628,5.63,1.748,1.823,1.724
2006-12-29,58.96,1.643,5.50,1.748,1.852,1.736
2007-01-01,,,,,,
2007-01-02,58.49,1.699,5.40,1.744,1.869,1.731
2007-01-03,56.63,1.553,5.47,1.684,1.806,1.677
2007-01-04,54.58,1.481,5.60,1.646,1.732,1.639
2007-01-05,52.82,1.469,5.52,1.645,1.736,1.629
2007-01-08,52.82,1.444,6.02,1.639,1.683,1.622
2007-01-09,52.38,1.459,6.15,1.641,1.717,1.625
2007-01-10,52.11,1.409,6.42,1.607,1.679,1.581
2007-01-11,51.68,1.373,6.09,1.580,1.640,1.567
2007-01-12,49.95,1.405,5.97,1.606,1.673,1.600
2007-01-15,,,,,,
2007-01-16,51.28,1.344,6.82,1.590,1.615,1.647
2007-01-17,51.19,1.348,6.57,1.586,1.606,1.651
2007-01-18,50.83,1.320,6.29,1.570,1.517,1.625
2007-01-19,52.29,1.361,6.40,1.606,1.493,1.651
2007-01-22,54.34,1.344,7.20,1.607,1.437,1.647
2007-01-23,53.93,1.414,7.53,1.661,1.536,1.699
2007-01-24,55.11,1.425,7.58,1.658,1.713,1.680
2007-01-25,55.67,1.414,7.18,1.631,1.696,1.653
2007-01-26,55.29,1.438,6.95,1.657,1.774,1.688
2007-01-29,54.71,1.396,7.35,1.616,1.732,1.643
2007-01-30,54.69,1.487,7.32,1.705,1.832,1.728
2007-01-31,56.52,1.486,7.76,1.737,1.835,1.759
2007-02-01,56.74,1.482,7.93,1.722,1.816,1.744
2007-02-02,56.93,1.530,8.17,1.733,1.874,1.733
2007-02-05,58.67,1.519,9.14,1.728,1.888,1.728
2007-02-06,58.04,1.534,8.29,1.710,1.925,1.730
2007-02-07,58.35,1.517,7.90,1.684,1.890,1.714
2007-02-08,57.24,1.568,8.06,1.752,1.905,1.782
2007-02-09,57.21,1.588,8.16,1.750,1.935,1.782
2007-02-12,55.52,1.525,7.78,1.670,2.012,1.711
2007-02-13,56.12,1.614,8.09,1.738,2.037,1.738
2007-02-14,55.05,1.628,8.90,1.745,2.050,1.685
2007-02-15,54.25,1.611,8.91,1.737,1.978,1.661
2007-02-16,56.78,1.649,8.45,1.761,1.976,1.692
2007-02-19,,,,,,
2007-02-20,55.91,1.656,7.34,1.811,2.006,1.669
2007-02-21,57.74,1.717,7.51,1.833,2.130,1.727
2007-02-22,58.62,1.770,7.47,1.856,2.186,1.761
2007-02-23,60.38,1.775,7.53,1.873,2.203,1.785
2007-02-26,60.34,1.801,7.73,1.879,2.182,1.788
2007-02-27,60.28,1.817,7.44,1.865,2.157,1.785
2007-02-28,59.39,1.868,7.23,1.912,2.210,1.853
2007-03-01,61.18,1.923,7.07,1.915,2.235,1.856
2007-03-02,61.92,1.925,7.22,1.901,2.215,1.852
2007-03-05,59.78,1.877,7.36,1.902,2.170,1.800
2007-03-06,59.68,1.876,7.55,1.918,2.276,1.816
2007-03-07,61.13,1.916,7.50,1.977,2.299,1.837
2007-03-08,60.90,1.951,7.14,1.973,2.423,1.833
2007-03-09,60.25,1.868,7.05,2.011,2.485,1.781
2007-03-12,60.59,1.885,6.81,1.985,2.423,1.755
2007-03-13,61.52,1.937,6.78,1.950,2.447,1.805
2007-03-14,60.89,1.915,6.86,1.909,2.390,1.819
2007-03-15,60.40,1.872,7.02,1.882,2.238,1.797
2007-03-16,60.93,1.929,6.84,1.878,2.267,1.803
2007-03-19,60.49,1.983,6.70,1.877,2.370,1.807
2007-03-20,60.11,1.914,6.81,1.848,2.372,1.793
2007-03-21,60.18,1.910,6.82,1.843,2.375,1.788
2007-03-22,61.57,1.914,7.07,1.976,2.304,1.829
2007-03-23,63.10,1.930,7.16,1.944,2.258,1.834
2007-03-26,64.43,2.000,7.15,2.123,2.531,1.904
2007-03-27,64.25,2.007,7.15,2.076,2.553,1.918
2007-03-28,66.15,1.985,7.47,2.119,2.479,1.950
2007-03-29,67.19,2.066,7.34,2.177,2.562,2.026
2007-03-30,68.47,2.048,7.50,2.168,2.538,2.017
2007-04-02,68.94,2.041,7.62,2.170,2.526,2.008
2007-04-03,68.00,1.966,7.57,2.105,2.463,1.983
2007-04-04,68.09,2.055,7.46,2.129,2.485,2.031
2007-04-05,69.15,2.098,7.53,2.160,2.463,2.030
2007-04-06,,,,,,
2007-04-09,,2.059,7.65,2.125,2.349,1.995
2007-04-10,67.64,2.109,7.65,2.163,2.435,2.031
2007-04-11,68.60,2.125,7.97,2.216,2.515,2.064
2007-04-12,67.79,2.164,7.95,2.220,2.556,2.103
2007-04-13,68.78,2.134,7.93,2.188,2.720,2.088
2007-04-16,67.10,2.083,7.66,2.156,2.601,2.056
2007-04-17,66.34,2.001,7.50,1.975,2.508,2.000
2007-04-18,65.09,2.012,7.54,1.974,2.419,2.004
2007-04-19,66.17,2.020,7.54,1.978,2.427,2.001
2007-04-20,66.34,2.045,7.32,2.004,2.428,2.027
2007-04-23,66.80,2.108,7.24,2.065,2.505,2.057
2007-04-24,67.94,2.124,7.57,2.011,2.568,2.013
2007-04-25,67.44,2.191,7.60,2.065,2.630,2.066
2007-04-26,67.51,2.215,7.56,2.043,2.665,2.051
2007-04-27,67.28,2.269,7.44,2.062,2.675,2.071
2007-04-30,67.23,2.290,7.71,2.036,2.675,2.049
2007-05-01,67.40,2.199,7.64,2.090,2.684,2.038
2007-05-02,65.57,2.183,7.64,1.996,2.661,2.001
2007-05-03,64.85,2.197,7.58,2.000,2.849,2.005
2007-05-04,65.14,2.163,7.82,1.984,2.735,2.027
2007-05-07,62.70,2.132,7.69,1.952,2.645,1.992
2007-05-08,63.55,2.142,7.50,1.992,2.579,2.018
2007-05-09,63.50,2.200,7.46,1.991,2.560,2.008
2007-05-10,64.63,2.301,7.63,2.036,2.658,2.023
2007-05-11,65.18,2.326,7.53,2.052,2.686,2.025
2007-05-14,65.86,2.277,7.85,2.038,2.516,2.030
2007-05-15,66.74,2.276,7.68,2.058,2.523,2.048
2007-05-16,66.83,2.289,7.62,2.037,2.504,2.027
2007-05-17,69.08,2.379,7.69,2.107,2.600,2.092
2007-05-18,69.26,2.366,7.87,2.083,2.607,2.076
2007-05-21,69.51,2.351,7.66,2.110,2.571,2.108
2007-05-22,70.05,2.259,7.60,2.073,2.468,2.070
2007-05-23,71.01,2.234,7.51,2.090,2.506,2.092
2007-05-24,71.96,2.303,7.56,2.099,2.514,2.089
2007-05-25,70.72,2.315,7.47,2.104,2.538,2.099
2007-05-28,,,,,,
2007-05-29,69.31,2.193,7.51,2.045,2.409,2.040
2007-05-30,67.64,2.153,7.71,2.018,2.382,2.025
2007-05-31,68.18,2.161,7.80,2.036,2.391,2.044
2007-06-01,68.65,2.224,7.57,2.043,2.390,2.072
2007-06-04,70.90,2.209,7.73,2.086,2.368,2.091
2007-06-05,71.36,2.183,7.83,2.081,2.343,2.095
2007-06-06,71.50,2.152,7.83,2.088,2.327,2.102
2007-06-07,72.36,2.134,7.89,2.070,2.319,2.105
2007-06-08,70.04,2.086,7.52,1.996,2.281,2.033
2007-06-11,68.85,2.104,7.42,2.024,2.286,2.062
2007-06-12,68.56,2.090,7.45,2.011,2.268,2.044
2007-06-13,69.24,2.112,7.60,2.085,2.244,2.080
2007-06-14,71.18,2.179,7.48,2.149,2.322,2.137
2007-06-15,71.63,2.225,7.58,2.138,2.353,2.111
2007-06-18,72.33,2.235,7.69,2.160,2.395,2.168
2007-06-19,72.17,2.208,7.46,2.137,2.389,2.162
2007-06-20,70.55,2.196,7.39,2.129,2.370,2.129
2007-06-21,71.81,2.217,7.24,2.110,2.421,2.122
2007-06-22,72.04,2.259,7.04,2.124,2.426,2.137
2007-06-25,71.36,2.271,6.77,2.132,2.445,2.140
2007-06-26,71.41,2.221,6.85,2.087,2.376,2.052
2007-06-27,71.84,2.185,6.74,2.093,2.381,2.082
2007-06-28,71.96,2.196,6.79,2.107,2.361,2.073
2007-06-29,72.22,2.230,6.40,2.095,2.369,2.090
2007-07-02,72.90,2.175,6.24,2.124,2.355,2.119
2007-07-03,74.26,2.266,6.37,2.126,2.365,2.134
2007-07-04,,,,,,
2007-07-05,75.40,2.243,6.30,2.152,2.373,2.152
2007-07-06,76.58,2.269,6.15,2.156,2.432,2.147
2007-07-09,77.10,2.292,6.39,2.161,2.488,2.142
2007-07-10,77.88,2.329,6.44,2.193,2.469,2.174
2007-07-11,77.44,2.266,6.66,2.150,2.408,2.145
2007-07-12,78.24,2.230,6.26,2.148,2.397,2.148
2007-07-13,78.12,2.167,6.27,2.173,2.349,2.161
2007-07-16,78.17,2.070,6.32,2.102,2.271,2.102
2007-07-17,77.59,2.031,6.34,2.073,2.236,2.080
2007-07-18,78.00,2.121,6.23,2.132,2.340,2.139
2007-07-19,78.37,2.116,6.50,2.163,2.304,2.152
2007-07-20,79.09,2.092,6.46,2.147,2.281,2.136
2007-07-23,78.36,2.035,6.00,2.111,2.218,2.100
2007-07-24,75.88,1.973,5.66,2.118,2.177,2.088
2007-07-25,75.21,2.020,5.56,2.140,2.221,2.145
2007-07-26,77.28,2.009,5.83,2.103,2.192,2.108
2007-07-27,76.58,2.059,5.77,2.168,2.225,2.156
2007-07-30,76.07,2.033,6.31,2.170,2.183,2.153
2007-07-31,77.01,2.079,6.53,2.215,2.239,2.198
2007-08-01,77.11,2.010,6.19,2.176,2.171,2.154
2007-08-02,76.14,2.010,6.34,2.149,2.136,2.149
2007-08-03,75.36,2.000,6.11,2.107,2.124,2.105
2007-08-06,72.69,1.906,6.10,2.033,2.008,2.008
2007-08-07,70.42,1.912,6.38,2.045,2.017,2.020
2007-08-08,70.73,1.909,6.24,2.061,1.998,2.048
2007-08-09,70.08,1.915,6.45,2.075,2.050,2.080
2007-08-10,69.57,1.981,6.57,2.066,2.061,2.071
2007-08-13,71.30,1.990,7.15,2.057,1.997,2.062
2007-08-14,69.29,2.038,6.86,2.098,2.035,2.078
2007-08-15,71.30,2.056,7.30,2.139,2.076,2.126
2007-08-16,68.77,2.071,6.96,2.130,2.067,2.098
2007-08-17,69.80,2.097,7.14,2.196,2.095,2.108
2007-08-20,68.37,2.003,6.47,2.128,1.980,2.083
2007-08-21,67.88,1.903,5.92,2.085,1.913,2.055
2007-08-22,67.73,1.903,5.84,2.086,1.953,2.056
2007-08-23,68.73,1.946,5.73,2.098,2.013,2.081
2007-08-24,69.49,2.020,5.69,2.132,2.052,2.118
2007-08-27,68.85,2.074,5.34,2.147,2.070,2.112
2007-08-28,69.66,2.051,5.56,2.132,2.042,2.093
2007-08-29,70.48,2.140,5.64,2.181,2.101,2.141
2007-08-30,71.46,2.086,5.54,2.186,2.087,2.131
2007-08-31,72.29,2.068,5.49,2.177,2.088,2.135
2007-09-03,,,,,,
2007-09-04,74.22,2.092,5.30,2.192,2.156,2.142
2007-09-05,74.72,2.095,5.80,2.222,2.168,2.175
2007-09-06,76.21,2.038,6.02,2.238,2.127,2.206
2007-09-07,75.08,2.052,5.53,2.222,2.137,2.202
2007-09-10,74.97,2.054,5.56,2.264,2.129,2.236
2007-09-11,76.23,2.041,5.98,2.247,2.164,2.239
2007-09-12,77.15,2.071,6.13,2.231,2.193,2.261
2007-09-13,77.84,2.108,6.27,2.298,2.165,2.293
2007-09-14,78.27,2.110,6.23,2.295,2.186,2.268
2007-09-17,77.99,2.099,6.38,2.312,2.199,2.299
2007-09-18,77.00,2.134,6.42,2.351,2.231,2.326
2007-09-19,78.47,2.166,6.25,2.333,2.271,2.311
2007-09-20,78.48,2.183,6.02,2.391,2.297,2.325
2007-09-21,78.91,2.158,5.96,2.384,2.259,2.318
2007-09-24,77.87,2.127,6.12,2.351,2.234,2.306
2007-09-25,76.82,2.101,6.54,2.313,2.239,2.264
2007-09-26,76.21,2.077,6.47,2.287,2.238,2.258
2007-09-27,78.88,2.146,6.38,2.344,2.301,2.324
2007-09-28,80.97,2.083,6.15,2.308,2.258,2.288
2007-10-01,78.33,2.029,6.07,2.257,2.213,2.282
2007-10-02,76.87,2.043,6.55,2.238,2.202,2.262
2007-10-03,77.80,2.041,6.96,2.247,2.199,2.270
2007-10-04,77.84,2.114,6.91,2.294,2.315,2.331
2007-10-05,79.05,2.112,6.77,2.281,2.312,2.291
2007-10-08,76.94,2.065,6.69,2.224,2.293,2.234
2007-10-09,77.82,2.084,6.63,2.240,2.311,2.247
2007-10-10,77.85,2.083,6.79,2.275,2.381,2.278
2007-10-11,80.83,2.110,6.85,2.303,2.440,2.305
2007-10-12,80.82,2.131,6.46,2.305,2.464,2.317
2007-10-15,82.50,2.214,7.09,2.372,2.519,2.370
2007-10-16,84.43,2.221,7.29,2.406,2.536,2.403
2007-10-17,85.24,2.198,7.12,2.375,2.402,2.380
2007-10-18,85.03,2.234,7.11,2.420,2.440,2.425
2007-10-19,84.25,2.213,6.91,2.393,2.372,2.398
2007-10-22,82.72,2.164,6.63,2.369,2.392,2.381
2007-10-23,82.31,2.122,6.30,2.357,2.361,2.369
2007-10-24,83.47,2.173,6.11,2.404,2.363,2.414
2007-10-25,85.40,2.253,6.49,2.463,2.473,2.473
2007-10-26,84.71,2.296,6.43,2.488,2.510,2.498
2007-10-29,89.87,2.350,6.66,2.532,2.582,2.552
2007-10-30,89.87,2.267,6.99,2.474,2.456,2.496
2007-10-31,89.87,2.364,7.28,2.590,2.523,2.592
2007-11-01,90.36,2.371,7.09,2.570,2.540,2.573
2007-11-02,92.11,2.474,6.63,2.648,2.659,2.661
2007-11-05,92.16,2.433,6.71,2.641,2.620,2.641
2007-11-06,93.99,2.480,7.20,2.707,2.663,2.704
2007-11-07,94.85,2.472,7.42,2.677,2.675,2.705
2007-11-08,94.40,2.477,6.81,2.671,2.659,2.698
2007-11-09,92.32,2.508,6.59,2.685,2.673,2.712
2007-11-12,91.56,2.458,6.83,2.626,2.624,2.658
2007-11-13,89.09,2.376,7.22,2.560,2.559,2.587
2007-11-14,90.73,2.404,7.28,2.610,2.580,2.639
2007-11-15,90.32,2.386,7.35,2.616,2.533,2.628
2007-11-16,91.99,2.433,7.29,2.646,2.570,2.658
2007-11-19,91.59,2.440,7.38,2.660,2.564,2.672
2007-11-20,94.13,2.508,6.81,2.751,2.588,2.762
2007-11-21,94.97,2.479,6.67,2.742,2.537,2.754
2007-11-22,,,,,,
2007-11-23,95.33,2.510,6.67,2.758,2.555,2.773
2007-11-26,94.88,2.460,7.53,2.738,2.518,2.751
2007-11-27,93.23,2.403,7.42,2.700,2.463,2.718
2007-11-28,91.64,2.313,7.51,2.624,2.426,2.651
2007-11-29,92.34,2.281,7.45,2.617,2.403,2.632
2007-11-30,88.71,2.242,7.29,2.553,2.329,2.568
2007-12-03,87.85,2.270,6.97,2.557,2.345,2.574
2007-12-04,89.97,2.244,7.27,2.532,2.334,2.552
2007-12-05,90.70,2.202,7.04,2.482,2.337,2.544
2007-12-06,88.46,2.287,7.29,2.530,2.386,2.570
2007-12-07,88.46,2.257,7.04,2.480,2.357,2.563
2007-12-10,87.33,2.230,6.98,2.445,2.324,2.530
2007-12-11,87.77,2.256,7.12,2.455,2.356,2.542
2007-12-12,91.69,2.375,7.22,2.579,2.473,2.667
2007-12-13,92.57,2.356,7.46,2.570,2.476,2.657
2007-12-14,91.86,2.320,7.09,2.588,2.427,2.608
2007-12-17,90.32,2.299,7.06,2.576,2.424,2.596
2007-12-18,90.71,2.271,7.16,2.535,2.427,2.555
2007-12-19,90.98,2.300,7.18,2.577,2.445,2.597
2007-12-20,91.06,2.309,7.19,2.571,2.469,2.590
2007-12-21,91.03,2.363,7.03,2.592,2.505,2.607
2007-12-24,91.59,2.365,7.03,2.576,2.508,2.591
2007-12-25,,,,,,
2007-12-26,,2.431,6.94,2.620,2.568,2.635
2007-12-27,95.66,2.501,6.80,2.690,2.637,2.703
2007-12-28,95.92,2.473,7.11,2.634,2.591,2.669
2007-12-31,93.68,2.485,7.11,2.638,2.605,2.673
2008-01-01,,,,,,
2008-01-02,97.01,2.544,7.83,2.710,2.646,2.745
2008-01-03,98.45,2.509,7.84,2.678,2.624,2.751
2008-01-04,96.87,2.471,7.51,2.646,2.586,2.716
2008-01-07,94.19,2.399,7.61,2.565,2.495,2.635
2008-01-08,96.37,2.436,7.59,2.590,2.518,2.660
2008-01-09,96.76,2.401,7.89,2.559,2.400,2.634
2008-01-10,92.80,2.343,7.96,2.515,2.303,2.590
2008-01-11,91.86,2.296,8.13,2.498,2.161,2.568
2008-01-14,92.58,2.345,8.45,2.553,2.318,2.623
2008-01-15,90.87,2.287,8.43,2.513,2.134,2.583
2008-01-16,88.10,2.251,8.23,2.502,2.108,2.600
2008-01-17,88.96,2.231,8.10,2.488,2.044,2.575
2008-01-18,89.66,2.278,8.42,2.518,2.083,2.586
2008-01-21,,,,,,
2008-01-22,88.11,2.250,7.97,2.478,2.143,2.545
2008-01-23,87.06,2.242,7.84,2.469,2.281,2.501
2008-01-24,87.69,2.257,7.85,2.495,2.192,2.516
2008-01-25,90.96,2.292,7.80,2.540,2.233,2.565
2008-01-28,90.91,2.297,7.87,2.541,2.240,2.568
2008-01-29,92.49,2.299,8.10,2.573,2.366,2.580
2008-01-30,92.46,2.295,8.17,2.589,2.425,2.591
2008-01-31,91.58,2.293,8.10,2.560,2.482,2.572
2008-02-01,91.41,2.223,7.88,2.479,2.417,2.498
2008-02-04,91.09,2.244,7.56,2.523,2.502,2.534
2008-02-05,89.60,2.190,7.80,2.486,2.451,2.497
2008-02-06,88.73,2.167,7.94,2.486,2.427,2.481
2008-02-07,88.55,2.203,7.99,2.532,2.435,2.527
2008-02-08,91.45,2.289,8.06,2.637,2.472,2.617
2008-02-11,93.93,2.323,8.38,2.695,2.463,2.705
2008-02-12,94.28,2.287,8.37,2.675,2.402,2.685
2008-02-13,93.82,2.318,8.35,2.701,2.553,2.711
2008-02-14,95.92,2.420,8.50,2.751,2.595,2.754
2008-02-15,96.96,2.460,8.73,2.742,2.605,2.745
2008-02-18,,,,,,
2008-02-19,97.03,2.572,8.91,2.891,2.745,2.851
2008-02-20,97.88,2.552,9.08,2.935,2.758,2.857
2008-02-21,97.52,2.478,8.90,2.900,2.636,2.823
2008-02-22,96.07,2.505,8.65,2.893,2.790,2.843
2008-02-25,97.43,2.512,9.15,2.903,2.780,2.853
2008-02-26,99.05,2.517,9.21,2.940,2.842,2.890
2008-02-27,98.28,2.433,9.21,2.896,2.750,2.846
2008-02-28,99.83,2.449,9.11,2.971,2.774,2.935
2008-02-29,100.90,2.479,9.10,2.951,2.777,2.915
2008-03-03,101.83,2.520,9.07,2.983,2.785,2.963
2008-03-04,98.60,2.390,9.21,2.981,2.660,2.922
2008-03-05,100.95,2.486,9.37,3.128,2.754,3.069
2008-03-06,103.47,2.505,9.70,3.165,2.747,3.093
2008-03-07,104.66,2.560,9.82,3.154,2.798,3.083
2008-03-10,105.33,2.577,9.59,3.205,2.825,3.101
2008-03-11,106.78,2.593,9.85,3.225,2.827,3.168
2008-03-12,107.99,2.608,9.69,3.267,2.828,3.202
2008-03-13,109.18,2.515,9.74,3.339,2.775,3.296
2008-03-14,109.16,2.513,9.84,3.305,2.775,3.320
2008-03-17,104.41,2.325,9.59,3.220,2.582,3.255
2008-03-18,105.35,2.446,9.10,3.246,2.696,3.289
2008-03-19,102.65,2.387,9.11,3.153,2.626,3.196
2008-03-20,99.78,2.412,8.54,3.108,2.689,3.150
2008-03-21,,,,,,
2008-03-24,100.93,2.470,8.99,3.058,2.812,2.952
2008-03-25,99.91,2.519,9.28,2.982,2.843,2.975
2008-03-26,102.83,2.593,9.25,3.090,2.898,3.090
2008-03-27,103.89,2.553,9.30,3.170,2.888,3.170
2008-03-28,102.68,2.704,9.36,3.177,2.961,3.137
2008-03-31,102.33,2.400,9.86,3.101,2.892,3.061
2008-04-01,98.69,2.455,9.92,3.129,2.859,3.062
2008-04-02,98.85,2.589,9.60,3.158,2.999,3.087
2008-04-03,102.31,2.555,9.68,3.142,2.965,3.071
2008-04-04,102.21,2.577,9.36,3.195,2.997,3.124
2008-04-07,105.98,2.677,9.48,3.296,3.049,3.250
2008-04-08,105.05,2.640,9.78,3.295,3.025,3.290
2008-04-09,107.46,2.661,9.88,3.415,3.019,3.437
2008-04-10,107.37,2.694,10.18,3.351,3.049,3.380
2008-04-11,107.15,2.705,10.07,3.347,3.072,3.402
2008-04-14,108.32,2.723,10.03,3.357,3.038,3.412
2008-04-15,110.84,2.793,10.16,3.418,3.090,3.485
2008-04-16,110.95,2.836,10.11,3.416,3.126,3.476
2008-04-17,111.34,2.856,10.27,3.404,3.134,3.464
2008-04-18,110.67,2.886,10.08,3.410,3.141,3.490
2008-04-21,111.35,2.870,10.50,3.413,3.115,3.512
2008-04-22,113.54,2.904,10.56,3.420,3.146,3.512
2008-04-23,115.34,2.929,10.33,3.446,3.172,3.502
2008-04-24,114.85,2.910,10.58,3.401,3.145,3.441
2008-04-25,116.62,2.948,10.72,3.465,3.171,3.492
2008-04-28,115.70,2.918,10.95,3.442,3.127,3.428
2008-04-29,113.86,2.831,10.94,3.380,3.031,3.375
2008-04-30,111.12,2.811,10.81,3.327,3.034,3.329
2008-05-01,107.30,2.772,10.66,3.268,2.967,3.253
2008-05-02,111.92,2.854,10.37,3.365,3.061,3.350
2008-05-05,115.68,2.945,10.77,3.458,3.142,3.443
2008-05-06,119.88,2.994,11.09,3.473,3.189,3.477
2008-05-07,120.27,3.020,11.08,3.580,3.185,3.575
2008-05-08,119.85,3.036,11.33,3.650,3.193,3.655
2008-05-09,123.54,3.093,11.29,3.759,3.255,3.758
2008-05-12,122.89,3.038,11.38,3.645,3.128,3.658
2008-05-13,123.11,3.078,11.18,3.794,3.168,3.804
2008-05-14,121.18,3.059,11.52,3.721,3.195,3.731
2008-05-15,122.76,3.051,11.41,3.747,3.211,3.733
2008-05-16,122.98,3.109,11.31,3.842,3.269,3.830
2008-05-19,122.19,3.115,11.10,3.828,3.293,3.810
2008-05-20,124.12,3.176,10.94,3.883,3.356,3.898
2008-05-21,127.28,3.282,11.40,4.047,3.522,4.062
2008-05-22,129.04,3.198,11.57,4.066,3.470,4.073
2008-05-23,129.72,3.274,11.56,3.975,3.534,4.002
2008-05-26,,,,,,
2008-05-27,128.92,3.243,11.85,3.891,3.526,3.919
2008-05-28,128.93,3.254,11.60,3.921,3.634,3.949
2008-05-29,129.33,3.216,11.81,3.760,3.586,3.777
2008-05-30,127.85,3.250,11.43,3.718,3.658,3.736
2008-06-02,128.50,3.246,11.80,3.813,3.703,3.806
2008-06-03,126.28,3.208,12.27,3.713,3.781,3.731
2008-06-04,121.72,3.039,12.17,3.596,3.682,3.619
2008-06-05,122.36,3.194,12.49,3.731,3.744,3.753
2008-06-06,132.81,3.401,12.71,3.997,3.896,4.000
2008-06-09,134.43,3.276,12.71,3.926,3.782,3.928
2008-06-10,135.24,3.216,12.72,3.859,3.621,3.861
2008-06-11,134.52,3.381,12.49,4.017,3.815,4.045
2008-06-12,132.11,3.416,12.51,3.969,3.803,3.996
2008-06-13,134.29,3.365,12.51,3.871,3.748,3.898
2008-06-16,133.90,3.330,12.73,3.843,3.693,3.873
2008-06-17,131.27,3.296,12.87,3.857,3.680,3.879
2008-06-18,129.12,3.348,12.93,3.886,3.743,3.908
2008-06-19,131.84,3.218,13.09,3.752,3.576,3.765
2008-06-20,134.28,3.289,12.76,3.802,3.627,3.821
2008-06-23,134.54,3.321,12.92,3.844,3.658,3.863
2008-06-24,135.37,3.309,12.96,3.841,3.654,3.864
2008-06-25,131.59,3.252,12.76,3.785,3.567,3.827
2008-06-26,136.82,3.361,12.70,3.913,3.624,3.956
2008-06-27,139.38,3.350,13.10,3.941,3.601,4.031
2008-06-30,138.40,3.321,13.19,3.923,3.578,4.020
2008-07-01,140.67,3.352,13.28,3.915,3.585,4.035
2008-07-02,141.24,3.378,13.31,4.053,3.605,4.173
2008-07-03,143.95,3.391,13.00,4.095,3.554,4.207
2008-07-04,,,,,,
2008-07-07,139.62,3.309,12.96,3.984,3.439,4.084
2008-07-08,134.15,3.196,12.47,3.829,3.411,3.922
2008-07-09,133.91,3.203,12.10,3.859,3.351,3.942
2008-07-10,135.81,3.358,11.83,4.075,3.545,4.132
2008-07-11,143.68,3.409,12.15,4.115,3.572,4.173
2008-07-14,142.43,3.410,11.58,4.101,3.559,4.158
2008-07-15,136.02,3.237,11.79,3.984,3.376,4.012
2008-07-16,133.31,3.131,11.15,3.905,3.232,3.940
2008-07-17,134.16,3.020,11.43,3.805,3.116,3.840
2008-07-18,129.34,3.022,10.54,3.739,3.144,3.809
2008-07-21,129.34,3.086,10.58,3.805,3.201,3.870
2008-07-22,127.18,3.001,10.16,3.723,3.116,3.783
2008-07-23,126.86,2.913,9.88,3.583,2.981,3.648
2008-07-24,125.43,2.959,9.70,3.611,3.037,3.676
2008-07-25,124.70,2.935,9.34,3.572,3.056,3.632
2008-07-28,125.67,2.969,9.26,3.614,3.087,3.674
2008-07-29,125.77,2.922,9.17,3.523,3.047,3.590
2008-07-30,122.46,3.056,9.01,3.579,3.176,3.646
2008-07-31,124.10,2.991,9.26,3.484,3.098,3.554
2008-08-01,124.16,3.011,9.05,3.460,3.129,3.530
2008-08-04,121.87,2.915,9.20,3.381,3.078,3.451
2008-08-05,116.50,2.869,8.66,3.300,3.053,3.377
2008-08-06,114.47,2.882,8.70,3.249,3.047,3.326
2008-08-07,116.94,2.961,8.77,3.251,3.150,3.329
2008-08-08,113.03,2.844,8.22,3.149,3.099,3.171
2008-08-11,110.54,2.831,8.18,3.145,3.142,3.148
2008-08-12,108.98,2.814,8.23,3.106,3.100,3.108
2008-08-13,110.68,2.908,8.11,3.163,3.213,3.165
2008-08-14,111.82,2.879,8.15,3.148,3.174,3.147
2008-08-15,108.80,2.874,7.82,3.171,3.039,3.171
2008-08-18,109.33,2.831,7.74,3.139,2.916,3.141
2008-08-19,109.02,2.895,7.73,3.187,2.955,3.189
2008-08-20,108.72,2.876,8.02,3.228,2.991,3.241
2008-08-21,117.24,2.999,8.04,3.357,3.089,3.369
2008-08-22,113.99,2.818,7.98,3.184,2.918,3.225
2008-08-25,109.74,2.846,7.63,3.222,2.969,3.254
2008-08-26,112.20,2.932,8.02,3.317,3.060,3.359
2008-08-27,113.05,3.010,8.54,3.383,3.168,3.383
2008-08-28,113.54,2.941,8.36,3.271,3.111,3.304
2008-08-29,113.49,2.900,8.24,3.264,3.122,3.296
2008-09-01,,,,,,
2008-09-02,104.94,2.867,8.24,3.192,3.047,3.252
2008-09-03,103.88,2.910,7.26,3.177,3.007,3.257
2008-09-04,103.41,2.871,7.24,3.112,2.973,3.192
2008-09-05,102.51,2.850,7.40,3.043,2.875,3.193
2008-09-08,101.08,2.908,7.68,3.124,2.974,3.231
2008-09-09,98.94,2.768,7.28,2.999,2.853,3.094
2008-09-10,96.00,2.839,7.65,3.027,2.899,3.114
2008-09-11,96.01,2.914,7.83,3.034,2.978,4.316
2008-09-12,94.37,3.263,8.02,3.239,3.151,4.814
2008-09-15,90.45,2.983,8.02,3.057,2.838,4.041
2008-09-16,85.85,2.862,7.76,3.072,2.667,3.970
2008-09-17,86.09,2.777,7.72,3.076,2.597,3.008
2008-09-18,90.89,3.147,8.26,2.902,2.727,3.177
2008-09-19,93.46,2.690,7.79,2.999,2.800,3.149
2008-09-22,100.43,2.747,7.66,3.155,2.917,3.330
2008-09-23,100.72,2.665,7.84,3.132,2.832,3.307
2008-09-24,102.09,2.624,8.15,3.120,2.833,3.295
2008-09-25,100.45,2.679,7.63,3.134,2.894,3.134
2008-09-26,100.88,2.658,7.42,3.117,2.923,3.120
2008-09-29,95.96,2.387,7.13,2.849,2.637,2.859
2008-09-30,93.52,2.501,7.17,3.047,2.852,3.022
2008-10-01,92.19,2.431,7.41,2.984,2.716,2.924
2008-10-02,88.88,2.351,7.64,2.821,2.638,2.796
2008-10-03,88.95,2.300,7.16,2.744,2.598,2.727
2008-10-06,84.71,2.155,6.87,2.608,2.464,2.590
2008-10-07,83.17,2.100,6.74,2.580,2.415,2.575
2008-10-08,80.77,2.070,6.58,2.568,2.570,2.581
2008-10-09,81.65,2.075,6.69,2.436,2.497,2.456
2008-10-10,74.58,1.973,6.52,2.341,2.413,2.375
2008-10-13,74.37,2.031,6.62,2.435,2.548,2.452
2008-10-14,74.98,2.008,6.74,2.355,2.438,2.373
2008-10-15,66.86,1.918,6.64,2.260,2.130,2.232
2008-10-16,64.14,1.904,6.65,2.225,2.074,2.207
2008-10-17,66.05,1.885,6.76,2.205,2.055,2.193
2008-10-20,67.45,1.935,6.98,2.306,2.168,2.286
2008-10-21,65.99,1.880,6.76,2.199,2.013,2.191
2008-10-22,62.95,1.758,6.94,2.085,1.860,2.085
2008-10-23,65.06,1.750,6.77,2.056,1.822,2.101
2008-10-24,60.57,1.697,6.29,1.976,1.668,2.023
2008-10-27,59.34,1.581,6.27,1.918,1.588,1.958
2008-10-28,58.87,1.645,6.40,1.965,1.581,1.980
2008-10-29,64.00,1.620,6.58,2.033,1.610,2.054
2008-10-30,60.86,1.540,6.75,1.992,1.463,1.999
2008-10-31,60.00,1.567,6.18,2.085,1.539,2.094
2008-11-03,60.32,1.410,6.45,1.979,1.410,1.993
2008-11-04,62.78,1.573,6.79,2.135,1.570,2.140
2008-11-05,61.09,1.487,6.94,2.058,1.501,2.103
2008-11-06,56.14,1.385,7.04,1.945,1.410,1.985
2008-11-07,56.84,1.404,6.60,1.986,1.449,2.021
2008-11-10,57.08,1.406,7.07,2.006,1.456,2.059
2008-11-11,54.76,1.316,7.02,1.926,1.368,1.946
2008-11-12,52.47,1.257,6.65,1.819,1.347,1.851
2008-11-13,51.32,1.334,6.31,1.898,1.426,1.935
2008-11-14,50.70,1.255,6.33,1.819,1.257,1.857
2008-11-17,50.82,1.235,6.55,1.790,1.197,1.823
2008-11-18,49.10,1.205,6.74,1.764,1.137,1.796
2008-11-19,48.35,1.148,6.76,1.735,1.080,1.772
2008-11-20,45.79,1.063,6.76,1.646,0.978,1.684
2008-11-21,44.91,1.136,6.56,1.679,1.010,1.711
2008-11-24,49.51,1.188,6.85,1.750,1.129,1.800
2008-11-25,47.51,1.133,6.71,1.670,1.074,1.709
2008-11-26,49.39,1.222,6.43,1.714,1.132,1.771
2008-11-27,,,,,,
2008-11-28,47.72,1.218,6.43,1.703,1.160,1.760
2008-12-01,47.58,1.134,6.48,1.573,1.047,1.633
2008-12-02,45.64,1.091,6.68,1.550,0.988,1.604
2008-12-03,44.39,1.043,6.48,1.533,0.913,1.593
2008-12-04,43.83,0.958,6.55,1.456,0.830,1.491
2008-12-05,37.04,0.908,5.99,1.390,0.836,1.362
2008-12-08,40.02,0.950,5.73,1.437,0.923,1.400
2008-12-09,39.77,0.902,5.57,1.384,0.902,1.349
2008-12-10,39.34,0.945,5.67,1.235,0.987,1.205
2008-12-11,43.54,1.034,5.86,1.391,1.107,1.346
2008-12-12,42.38,1.065,5.56,1.391,1.106,1.349
2008-12-15,45.02,1.022,5.75,1.380,1.035,1.315
2008-12-16,42.00,1.034,5.75,1.433,1.188,1.350
2008-12-17,41.84,1.003,5.79,1.412,1.185,1.350
2008-12-18,40.19,0.977,5.63,1.358,1.257,1.355
2008-12-19,39.52,0.968,5.66,1.383,1.278,1.371
2008-12-22,38.08,0.882,5.39,1.312,1.219,1.327
2008-12-23,35.27,0.857,5.37,1.274,1.265,1.365
2008-12-24,34.45,0.788,5.44,1.212,1.248,1.262
2008-12-25,,,,,,
2008-12-26,33.73,0.841,5.44,1.247,1.298,1.297
2008-12-29,34.16,0.867,5.81,1.264,1.319,1.326
2008-12-30,35.22,0.876,5.71,1.268,1.274,1.287
2008-12-31,35.82,0.891,5.63,1.298,1.225,1.320
2009-01-01,,,,,,
2009-01-02,42.94,1.060,5.41,1.447,1.529,1.510
2009-01-05,45.84,1.137,5.83,1.516,1.550,1.586
2009-01-06,48.89,1.148,6.10,1.603,1.565,1.648
2009-01-07,46.23,1.041,5.89,1.525,1.396,1.588
2009-01-08,42.94,1.060,5.96,1.525,1.450,1.557
2009-01-09,42.34,1.067,5.60,1.475,1.489,1.520
2009-01-12,40.86,1.060,5.59,1.468,1.456,1.511
2009-01-13,43.05,1.118,5.70,1.493,1.445,1.548
2009-01-14,42.27,1.173,5.47,1.432,1.403,1.491
2009-01-15,42.32,1.167,5.27,1.472,1.357,1.485
2009-01-16,43.42,1.166,5.09,1.449,1.311,1.462
2009-01-19,,,,,,
2009-01-20,41.22,1.171,4.86,1.330,1.404,1.398
2009-01-21,39.90,1.208,4.87,1.316,1.415,1.396
2009-01-22,42.42,1.101,4.72,1.267,1.359,1.312
2009-01-23,43.13,1.169,4.75,1.360,1.490,1.409
2009-01-26,48.00,1.174,4.62,1.361,1.465,1.398
2009-01-27,42.86,1.127,4.76,1.330,1.403,1.357
2009-01-28,42.86,1.213,4.84,1.364,1.503,1.399
2009-01-29,43.13,1.245,4.71,1.362,1.535,1.397
2009-01-30,44.17,1.310,4.77,1.429,1.610,1.416
2009-02-02,42.96,1.211,4.48,1.362,1.531,1.350
2009-02-03,43.15,1.190,5.04,1.323,1.501,1.301
2009-02-04,43.68,1.259,5.01,1.309,1.636,1.315
2009-02-05,43.92,1.310,4.84,1.343,1.752,1.350
2009-02-06,44.49,1.287,4.67,1.322,1.751,1.330
2009-02-09,47.23,1.289,4.76,1.310,1.684,1.322
2009-02-10,45.88,1.295,4.84,1.260,1.685,1.268
2009-02-11,44.24,1.328,4.68,1.275,1.803,1.283
2009-02-12,47.23,1.307,4.73,1.308,1.779,1.303
2009-02-13,43.36,1.256,4.60,1.280,1.761,1.283
2009-02-16,,,,,,
2009-02-17,39.69,1.167,4.35,1.157,1.460,1.162
2009-02-18,39.41,1.120,4.35,1.132,1.439,1.130
2009-02-19,42.36,1.131,4.46,1.195,1.341,1.195
2009-02-20,42.19,1.102,4.21,1.194,1.251,1.194
2009-02-23,41.27,1.067,4.23,1.181,1.221,1.169
2009-02-24,40.18,1.090,4.21,1.214,1.260,1.204
2009-02-25,42.37,1.180,4.20,1.228,1.463,1.233
2009-02-26,45.15,1.243,4.08,1.270,1.533,1.275
2009-02-27,44.41,1.267,4.04,1.249,1.535,1.265
2009-03-02,42.60,1.209,4.36,1.132,1.458,1.132
2009-03-03,42.72,1.248,4.43,1.153,1.403,1.156
2009-03-04,46.07,1.309,4.23,1.188,1.464,1.180
2009-03-05,44.45,1.211,4.22,1.139,1.398,1.134
2009-03-06,43.48,1.238,3.93,1.197,1.418,1.206
2009-03-09,44.55,1.223,3.86,1.199,1.388,1.194
2009-03-10,44.99,1.207,3.88,1.178,1.375,1.173
2009-03-11,43.20,1.165,3.92,1.136,1.310,1.111
2009-03-12,42.19,1.238,3.87,1.220,1.378,1.192
2009-03-13,44.97,1.253,3.90,1.185,1.373,1.170
2009-03-16,44.12,1.267,3.78,1.200,1.415,1.183
2009-03-17,45.53,1.316,3.78,1.270,1.470,1.225
2009-03-18,45.22,1.290,3.75,1.294,1.418,1.249
2009-03-19,48.03,1.307,3.68,1.353,1.509,1.305
2009-03-20,49.27,1.317,3.99,1.398,1.551,1.342
2009-03-23,51.84,1.350,4.17,1.486,1.642,1.448
2009-03-24,51.32,1.362,4.13,1.501,1.619,1.462
2009-03-25,51.46,1.385,4.13,1.503,1.615,1.457
2009-03-26,51.89,1.438,4.16,1.516,1.607,1.470
2009-03-27,50.81,1.400,3.73,1.466,1.595,1.422
2009-03-30,49.05,1.304,3.63,1.354,1.486,1.336
2009-03-31,46.13,1.309,3.58,1.346,1.509,1.341
2009-04-01,45.92,1.277,3.56,1.356,1.492,1.336
2009-04-02,50.89,1.371,3.69,1.463,1.586,1.453
2009-04-03,50.48,1.381,3.66,1.469,1.638,1.436
2009-04-06,50.91,1.380,3.74,1.459,1.618,1.426
2009-04-07,50.62,1.367,3.60,1.420,1.587,1.390
2009-04-08,52.06,1.386,3.50,1.439,1.581,1.411
2009-04-09,52.33,1.399,3.59,1.452,1.599,1.424
2009-04-10,,,,,,
2009-04-13,50.73,1.401,3.46,1.413,1.585,1.398
2009-04-14,52.06,1.399,3.59,1.420,1.575,1.400
2009-04-15,51.31,1.399,3.60,1.431,1.565,1.411
2009-04-16,51.83,1.445,3.54,1.435,1.595,1.421
2009-04-17,52.02,1.463,3.47,1.444,1.619,1.426
2009-04-20,49.06,1.379,3.55,1.350,1.539,1.332
2009-04-21,48.69,1.378,3.43,1.374,1.539,1.339
2009-04-22,48.50,1.346,3.48,1.348,1.511,1.318
2009-04-23,48.29,1.350,3.46,1.332,1.518,1.300
2009-04-24,50.29,1.390,3.31,1.386,1.581,1.347
2009-04-27,48.67,1.357,3.19,1.351,1.565,1.304
2009-04-28,48.64,1.335,3.29,1.335,1.569,1.288
2009-04-29,50.22,1.377,3.43,1.328,1.599,1.303
2009-04-30,50.30,1.389,3.25,1.322,1.606,1.294
2009-05-01,51.75,1.435,3.30,1.421,1.665,1.381
2009-05-04,53.26,1.514,3.47,1.420,1.727,1.395
2009-05-05,53.16,1.510,3.62,1.405,1.698,1.385
2009-05-06,55.07,1.576,3.67,1.449,1.722,1.441
2009-05-07,56.63,1.637,3.96,1.458,1.755,1.450
2009-05-08,56.02,1.687,4.16,1.496,1.785,1.491
2009-05-11,55.99,1.656,4.24,1.474,1.760,1.467
2009-05-12,56.52,1.646,4.41,1.493,1.748,1.495
2009-05-13,56.84,1.665,4.42,1.473,1.778,1.475
2009-05-14,56.25,1.697,4.10,1.472,1.839,1.472
2009-05-15,56.33,1.638,4.05,1.400,1.803,1.412
2009-05-18,56.51,1.719,4.02,1.461,1.891,1.471
2009-05-19,57.12,1.773,3.99,1.480,1.985,1.480
2009-05-20,59.10,1.758,3.75,1.545,1.930,1.538
2009-05-21,58.02,1.745,3.77,1.526,1.910,1.526
2009-05-22,58.70,1.768,3.41,1.535,1.948,1.541
2009-05-25,,,,,,
2009-05-26,59.05,1.809,3.35,1.518,1.977,1.534
2009-05-27,61.28,1.843,3.49,1.523,2.004,1.544
2009-05-28,63.47,1.857,3.55,1.567,1.991,1.592
2009-05-29,64.98,1.842,3.92,1.665,2.032,1.672
2009-06-01,66.60,1.869,3.86,1.750,2.094,1.745
2009-06-02,67.67,1.898,4.05,1.790,2.118,1.785
2009-06-03,66.15,1.849,3.81,1.726,2.057,1.718
2009-06-04,67.68,1.905,3.58,1.769,2.124,1.762
2009-06-05,67.77,1.929,3.51,1.770,2.155,1.770
2009-06-08,67.61,1.911,3.53,1.785,2.131,1.780
2009-06-09,68.94,1.928,3.53,1.806,2.136,1.801
2009-06-10,70.52,1.967,3.56,1.834,2.189,1.831
2009-06-11,71.71,2.011,3.51,1.859,2.238,1.851
2009-06-12,70.62,2.003,3.54,1.845,2.228,1.843
2009-06-15,68.49,2.012,3.80,1.824,2.206,1.813
2009-06-16,70.52,2.034,4.16,1.843,2.191,1.838
2009-06-17,68.95,1.981,3.99,1.868,2.111,1.881
2009-06-18,69.96,1.973,4.19,1.848,2.110,1.860
2009-06-19,70.48,1.873,4.04,1.823,1.999,1.830
2009-06-22,66.13,1.791,4.01,1.739,1.933,1.757
2009-06-23,66.36,1.831,3.91,1.784,1.974,1.802
2009-06-24,68.47,1.778,3.80,1.781,1.928,1.803
2009-06-25,68.82,1.836,3.82,1.818,1.977,1.830
2009-06-26,68.10,1.824,3.81,1.776,1.955,1.791
2009-06-29,69.75,1.887,3.88,1.824,2.011,1.829
2009-06-30,68.11,1.841,3.72,1.783,1.999,1.788
2009-07-01,68.52,1.829,3.63,1.761,1.939,1.781
2009-07-02,65.74,1.760,3.49,1.692,1.876,1.714
2009-07-03,,,,,,
2009-07-06,63.12,1.718,3.24,1.641,1.838,1.669
2009-07-07,61.54,1.692,3.30,1.602,1.815,1.630
2009-07-08,59.71,1.605,3.22,1.549,1.721,1.591
2009-07-09,59.17,1.632,3.36,1.562,1.736,1.587
2009-07-10,58.43,1.612,3.24,1.555,1.730,1.583
2009-07-13,58.25,1.600,3.17,1.544,1.751,1.564
2009-07-14,60.48,1.595,3.29,1.561,1.758,1.571
2009-07-15,61.25,1.668,3.37,1.635,1.847,1.649
2009-07-16,62.02,1.672,3.21,1.627,1.840,1.654
2009-07-17,63.54,1.720,3.39,1.674,1.901,1.706
2009-07-20,64.64,1.749,3.49,1.727,1.919,1.750
2009-07-21,65.93,1.770,3.48,1.748,1.944,1.770
2009-07-22,65.36,1.800,3.49,1.761,1.982,1.779
2009-07-23,68.06,1.863,3.66,1.806,2.051,1.824
2009-07-24,68.82,1.866,3.37,1.838,2.056,1.840
2009-07-27,69.78,1.870,3.46,1.846,2.050,1.841
2009-07-28,68.53,1.840,3.49,1.818,2.022,1.813
2009-07-29,65.79,1.768,3.41,1.712,1.981,1.710
2009-07-30,68.82,1.905,3.34,1.799,2.121,1.801
2009-07-31,70.08,1.967,3.34,1.836,2.206,1.831
2009-08-03,72.90,2.022,3.43,1.890,2.222,1.883
2009-08-04,73.82,2.002,3.53,1.921,2.217,1.911
2009-08-05,74.39,1.996,3.61,1.974,2.216,1.964
2009-08-06,74.61,1.992,3.78,1.942,2.222,1.922
2009-08-07,74.21,1.923,3.57,1.918,2.168,1.900
2009-08-10,73.79,1.959,3.55,1.945,2.182,1.932
2009-08-11,71.58,1.952,3.54,1.910,2.160,1.896
2009-08-12,74.03,1.944,3.36,1.908,2.151,1.891
2009-08-13,73.76,1.952,3.34,1.930,2.130,1.905
2009-08-14,71.33,1.868,3.18,1.863,2.013,1.853
2009-08-17,68.65,1.867,3.11,1.845,2.009,1.830
2009-08-18,68.66,1.918,3.12,1.880,2.076,1.862
2009-08-19,72.81,1.950,3.03,1.928,2.065,1.910
2009-08-20,73.75,1.900,3.03,1.892,2.040,1.885
2009-08-21,73.71,1.924,2.78,1.916,2.069,1.912
2009-08-24,74.34,1.943,2.69,1.927,2.088,1.919
2009-08-25,73.10,1.902,2.85,1.863,2.023,1.840
2009-08-26,70.74,1.859,2.76,1.869,2.021,1.847
2009-08-27,70.68,1.900,2.76,1.884,2.131,1.869
2009-08-28,72.80,1.931,2.52,1.894,2.128,1.867
2009-08-31,69.02,1.828,2.42,1.811,2.045,1.781
2009-09-01,68.78,1.805,2.36,1.772,2.018,1.745
2009-09-02,67.60,1.848,2.25,1.756,2.076,1.735
2009-09-03,66.78,1.840,2.06,1.748,2.152,1.725
2009-09-04,65.84,1.800,1.83,1.731,2.265,1.679
2009-09-07,,,,,,
2009-09-08,69.20,1.867,2.43,1.791,2.232,1.743
2009-09-09,69.76,1.861,2.72,1.804,2.188,1.756
2009-09-10,68.96,1.837,2.68,1.789,2.308,1.760
2009-09-11,68.76,1.776,2.94,1.730,2.156,1.716
2009-09-14,66.91,1.764,2.84,1.740,2.144,1.726
2009-09-15,66.53,1.813,3.21,1.788,2.206,1.760
2009-09-16,68.51,1.871,3.28,1.825,2.074,1.802
2009-09-17,71.56,1.880,3.50,1.842,2.026,1.819
2009-09-18,70.72,1.849,3.21,1.831,1.952,1.816
2009-09-21,68.11,1.761,3.35,1.760,1.911,1.745
2009-09-22,69.65,1.793,3.37,1.828,1.992,1.836
2009-09-23,67.43,1.688,3.43,1.784,1.890,1.761
2009-09-24,64.99,1.642,3.56,1.717,1.836,1.704
2009-09-25,64.60,1.633,3.61,1.735,1.841,1.700
2009-09-28,65.43,1.645,3.54,1.729,2.052,1.711
2009-09-29,64.63,1.648,3.30,1.719,1.880,1.699
2009-09-30,65.82,1.752,3.25,1.819,1.974,1.794
2009-10-01,67.12,1.760,2.91,1.810,1.965,1.785
2009-10-02,66.50,1.751,2.32,1.788,1.961,1.780
2009-10-05,65.26,1.769,2.89,1.788,1.974,1.781
2009-10-06,68.51,1.800,3.23,1.815,1.960,1.808
2009-10-07,67.65,1.742,3.70,1.785,1.904,1.780
2009-10-08,68.47,1.791,4.24,1.830,1.913,1.825
2009-10-09,69.45,1.803,3.92,1.856,1.933,1.869
2009-10-12,70.75,1.813,3.96,1.882,1.941,1.892
2009-10-13,70.81,1.846,4.03,1.901,1.999,1.911
2009-10-14,72.16,1.873,3.82,1.924,1.975,1.934
2009-10-15,73.14,1.964,3.88,1.992,2.071,1.997
2009-10-16,74.58,1.999,3.94,2.010,2.122,2.018
2009-10-19,75.86,2.003,4.22,2.017,2.109,2.030
2009-10-20,76.51,2.005,4.60,2.018,2.069,2.018
2009-10-21,77.74,2.064,4.80,2.082,2.138,2.085
2009-10-22,78.36,2.071,4.98,2.079,2.136,2.086
2009-10-23,77.72,2.056,4.88,2.049,2.126,2.053
2009-10-26,76.45,2.076,4.52,2.029,2.114,2.032
2009-10-27,76.69,2.098,4.52,2.036,2.148,2.038
2009-10-28,75.11,2.013,4.59,1.980,2.067,1.982
2009-10-29,77.18,2.045,4.11,2.047,2.068,2.047
2009-10-30,74.91,1.979,4.11,1.975,2.009,1.976
2009-11-02,75.56,2.003,4.32,1.997,2.020,2.010
2009-11-03,75.68,2.009,4.33,2.016,2.051,2.034
2009-11-04,78.21,2.015,4.49,2.023,2.025,2.020
2009-11-05,78.02,1.995,4.30,1.993,1.998,1.998
2009-11-06,75.51,1.922,3.95,1.939,1.902,1.947
2009-11-09,77.18,1.967,3.78,1.991,1.931,1.996
2009-11-10,77.07,1.964,3.76,1.999,1.953,1.999
2009-11-11,76.99,2.001,3.59,2.005,1.983,2.002
2009-11-12,75.18,1.947,3.24,1.948,1.917,1.946
2009-11-13,74.81,1.924,2.51,1.920,1.926,1.920
2009-11-16,77.14,1.989,2.65,1.989,1.983,1.987
2009-11-17,77.36,2.020,3.47,2.025,2.025,2.032
2009-11-18,78.64,2.027,3.74,2.011,2.032,2.024
2009-11-19,76.45,1.980,3.57,1.957,1.997,1.984
2009-11-20,75.61,1.989,3.09,1.938,1.988,1.968
2009-11-23,78.14,1.992,3.79,1.945,1.981,1.964
2009-11-24,75.35,1.955,3.63,1.923,1.935,1.960
2009-11-25,76.57,2.008,3.32,2.002,1.981,1.975
2009-11-26,,,,,,
2009-11-27,76.00,1.944,3.32,1.982,1.962,1.954
2009-11-30,77.77,2.005,4.41,1.999,2.000,2.004
2009-12-01,78.68,2.034,4.30,2.016,2.044,2.028
2009-12-02,76.96,1.978,4.67,1.989,1.991,1.992
2009-12-03,77.76,1.967,4.57,1.986,1.970,2.001
2009-12-04,77.74,1.965,4.53,1.988,1.986,2.006
2009-12-07,76.18,1.924,4.78,1.970,1.934,1.977
2009-12-08,74.93,1.903,5.10,1.963,1.910,1.983
2009-12-09,73.63,1.837,5.27,1.884,1.857,1.904
2009-12-10,70.91,1.813,5.02,1.874,1.843,1.894
2009-12-11,70.07,1.820,5.21,1.886,1.935,1.909
2009-12-14,71.19,1.812,5.41,1.890,1.959,1.905
2009-12-15,71.33,1.829,5.53,1.875,2.011,1.901
2009-12-16,73.34,1.860,5.57,1.937,2.017,1.987
2009-12-17,71.28,1.833,5.65,1.916,1.980,1.953
2009-12-18,71.87,1.878,5.87,1.922,2.028,1.967
2009-12-21,72.74,1.846,5.79,1.896,1.978,1.913
2009-12-22,71.64,1.872,5.56,1.902,1.979,1.919
2009-12-23,73.87,1.947,5.55,1.972,2.085,1.989
2009-12-24,75.15,1.978,5.75,1.995,2.130,2.020
2009-12-25,,,,,,
2009-12-28,76.59,2.018,5.91,2.029,2.158,2.054
2009-12-29,76.65,2.012,6.01,2.056,2.157,2.076
2009-12-30,77.62,2.045,5.78,2.077,2.177,2.080
2009-12-31,77.91,2.049,5.82,2.078,2.186,2.088
2010-01-01,,,,,,
2010-01-04,79.05,2.096,6.09,2.156,2.221,2.165
2010-01-05,79.27,2.114,6.19,2.150,2.189,2.165
2010-01-06,80.14,2.130,6.47,2.169,2.198,2.173
2010-01-07,80.57,2.126,7.51,2.156,2.155,2.156
2010-01-08,80.06,2.155,6.56,2.182,2.183,2.190
2010-01-11,80.14,2.134,5.77,2.146,2.146,2.156
2010-01-12,79.38,2.089,5.57,2.085,2.089,2.116
2010-01-13,77.57,2.055,5.61,2.065,1.972,2.082
2010-01-14,77.61,2.070,5.77,2.046,1.960,2.076
2010-01-15,76.85,2.048,5.66,2.012,1.940,2.049
2010-01-18,,,,,,
2010-01-19,75.18,2.065,5.51,2.013,1.945,2.044
2010-01-20,75.09,2.034,5.54,1.982,1.980,2.006
2010-01-21,74.13,1.983,5.52,1.953,1.955,1.988
2010-01-22,72.73,1.960,5.67,1.902,1.950,1.940
2010-01-25,72.18,1.997,5.76,1.957,2.107,1.965
2010-01-26,72.63,1.967,5.61,1.949,2.068,1.964
2010-01-27,72.75,1.942,5.42,1.921,2.040,1.923
2010-01-28,70.65,1.911,5.32,1.923,2.003,1.928
2010-01-29,71.20,1.894,5.26,1.908,1.983,1.910
2010-02-01,71.58,2.048,5.30,1.955,2.028,1.954
2010-02-02,73.94,2.008,5.47,2.023,2.101,2.021
2010-02-03,75.77,2.027,5.51,2.013,2.104,2.008
2010-02-04,71.30,1.935,5.47,1.920,2.015,1.915
2010-02-05,70.11,1.894,5.61,1.894,,
2010-02-08,69.62,1.877,5.73,1.882,1.982,1.870
2010-02-09,70.40,1.921,5.54,1.954,2.021,1.954
2010-02-10,70.40,1.914,5.48,1.955,2.007,1.945
2010-02-11,72.35,1.916,5.53,1.968,1.974,1.956
2010-02-12,71.49,1.915,5.48,1.937,1.952,1.922
2010-02-15,,,,,,
2010-02-16,74.82,1.980,5.65,2.009,2.015,1.986
2010-02-17,74.89,1.994,5.47,2.018,2.027,2.008
2010-02-18,76.61,2.062,5.40,2.060,2.082,2.054
2010-02-19,76.88,2.087,5.10,2.083,2.097,2.076
2010-02-22,76.95,2.108,4.92,2.086,2.125,2.073
2010-02-23,76.44,2.060,4.91,2.051,2.179,2.049
2010-02-24,77.00,2.095,4.91,2.072,2.258,2.057
2010-02-25,74.38,1.952,4.84,2.024,2.204,2.014
2010-02-26,76.36,1.995,4.76,2.065,2.224,2.055
2010-03-01,76.07,2.066,4.83,2.064,2.193,2.056
2010-03-02,77.50,2.099,4.78,2.080,2.237,2.077
2010-03-03,78.66,2.145,4.76,2.120,2.295,2.115
2010-03-04,77.88,2.140,4.78,2.104,2.285,2.091
2010-03-05,79.20,2.184,4.56,2.127,2.314,2.116
2010-03-08,78.94,2.168,4.47,2.130,2.298,2.111
2010-03-09,78.77,2.149,4.51,2.112,2.239,2.097
2010-03-10,80.29,2.168,4.44,2.130,2.246,2.123
2010-03-11,79.44,2.166,4.47,2.134,2.243,2.125
2010-03-12,79.38,2.120,4.35,2.115,2.203,2.105
2010-03-15,77.08,2.083,4.29,2.076,2.172,2.064
2010-03-16,79.45,2.165,4.38,2.144,2.247,2.121
2010-03-17,80.28,2.190,4.27,2.166,2.314,2.134
2010-03-18,80.09,2.171,4.19,2.142,2.326,2.114
2010-03-19,78.37,2.143,4.01,2.112,2.300,2.086
2010-03-22,78.09,2.146,4.02,2.119,2.283,2.091
2010-03-23,79.17,2.150,4.08,2.136,2.279,2.107
2010-03-24,78.03,2.108,4.02,2.103,2.221,2.075
2010-03-25,78.64,2.106,4.01,2.106,2.228,2.089
2010-03-26,77.98,2.079,3.92,2.112,2.202,2.109
2010-03-29,79.89,2.137,3.83,2.165,2.250,2.147
2010-03-30,79.46,2.148,3.79,2.165,2.246,2.152
2010-03-31,80.37,2.199,3.93,2.207,2.291,2.188
2010-04-01,82.63,2.280,3.72,2.274,2.326,2.239
2010-04-02,,,,,,
2010-04-05,84.48,2.304,3.93,2.325,2.331,2.290
2010-04-06,85.05,2.265,4.16,2.313,2.353,2.279
2010-04-07,84.49,2.223,4.08,2.271,2.313,2.252
2010-04-08,82.63,2.206,3.92,2.260,2.291,2.249
2010-04-09,82.77,2.195,3.90,2.231,2.280,2.244
2010-04-12,85.21,2.199,4.04,2.223,2.236,2.233
2010-04-13,83.44,2.204,3.97,2.213,2.237,2.223
2010-04-14,85.81,2.235,4.15,2.264,2.283,2.246
2010-04-15,86.90,2.229,4.16,2.277,2.276,2.260
2010-04-16,84.81,2.160,3.97,2.241,2.267,2.224
2010-04-19,83.09,2.143,4.02,2.183,2.230,2.163
2010-04-20,84.73,2.176,3.93,2.213,2.280,2.183
2010-04-21,84.55,2.190,3.96,2.264,2.257,2.204
2010-04-22,84.58,2.205,3.95,2.264,2.250,2.219
2010-04-23,86.09,2.263,4.07,2.304,2.374,2.264
2010-04-26,86.72,2.250,4.23,2.282,2.327,2.236
2010-04-27,85.59,2.225,4.18,2.256,2.335,2.216
2010-04-28,84.59,2.244,4.19,2.281,2.372,2.257
2010-04-29,86.82,2.272,4.24,2.319,2.404,2.292
2010-04-30,86.19,2.313,3.94,2.357,2.417,2.324
2010-05-03,88.09,2.339,3.86,2.383,2.417,2.348
2010-05-04,85.39,2.223,3.96,2.305,2.306,2.262
2010-05-05,82.31,2.120,4.00,2.227,2.228,2.185
2010-05-06,80.21,2.056,3.97,2.156,2.189,2.108
2010-05-07,76.48,2.037,3.91,2.140,2.167,2.085
2010-05-10,78.08,2.099,4.08,2.179,2.171,2.124
2010-05-11,79.00,2.107,4.15,2.175,2.197,2.125
2010-05-12,78.70,2.135,4.18,2.215,2.207,2.168
2010-05-13,79.41,2.104,4.26,2.179,2.173,2.136
2010-05-14,76.43,2.050,4.27,2.094,2.139,2.079
2010-05-17,73.87,1.974,4.34,2.024,2.058,2.007
2010-05-18,75.12,1.957,4.42,2.004,2.039,1.974
2010-05-19,71.86,1.937,4.28,1.996,1.995,1.961
2010-05-20,69.56,1.859,4.12,1.934,1.924,1.909
2010-05-21,70.45,1.879,4.12,1.944,1.944,1.922
2010-05-24,69.62,1.872,4.08,1.945,1.950,1.930
2010-05-25,67.18,1.858,4.08,1.930,1.937,1.915
2010-05-26,70.59,1.865,4.19,1.957,1.962,1.942
2010-05-27,73.56,1.950,4.22,2.033,2.131,2.037
2010-05-28,73.00,1.956,4.31,2.041,2.165,2.039
2010-05-31,,,,,,
2010-06-01,73.08,1.899,4.39,1.997,2.058,1.990
2010-06-02,72.78,1.959,4.32,2.041,2.157,2.036
2010-06-03,73.12,2.001,4.46,2.068,2.309,2.058
2010-06-04,71.84,1.921,4.60,1.982,2.258,1.980
2010-06-07,71.09,1.921,4.67,1.981,2.224,1.978
2010-06-08,71.43,1.932,4.89,1.991,2.138,1.981
2010-06-09,73.68,1.969,4.75,2.023,2.199,2.020
2010-06-10,74.33,2.021,4.68,2.061,2.227,2.060
2010-06-11,73.28,2.001,4.68,2.029,2.204,2.036
2010-06-14,75.11,2.017,4.94,2.034,2.190,2.029
2010-06-15,75.29,2.067,5.11,2.084,2.241,2.080
2010-06-16,76.12,2.100,5.13,2.131,2.275,2.124
2010-06-17,77.52,2.111,5.14,2.163,2.362,2.152
2010-06-18,77.05,2.104,5.17,2.153,2.318,2.146
2010-06-21,78.53,2.085,5.15,2.148,2.323,2.141
2010-06-22,78.08,2.079,4.87,2.118,2.308,2.111
2010-06-23,75.22,2.007,4.90,2.069,2.275,2.057
2010-06-24,75.17,2.010,4.88,2.069,2.295,2.043
2010-06-25,76.21,2.087,4.84,2.140,2.375,2.128
2010-06-28,76.66,2.051,4.85,2.123,2.377,2.105
2010-06-29,74.21,1.979,4.68,2.042,2.265,2.019
2010-06-30,74.94,1.996,4.53,2.015,2.238,1.993
2010-07-01,71.73,1.914,4.54,1.947,2.171,1.917
2010-07-02,71.75,1.907,4.72,1.928,2.177,1.905
2010-07-05,,,,,,
2010-07-06,73.08,1.902,4.85,1.940,2.147,1.913
2010-07-07,72.97,1.975,4.76,2.005,2.212,1.978
2010-07-08,74.56,1.995,4.61,2.049,2.234,2.029
2010-07-09,75.20,2.008,4.36,2.066,2.316,2.051
2010-07-12,74.35,1.964,4.42,2.021,2.268,2.004
2010-07-13,76.45,2.015,4.46,2.081,2.332,2.062
2010-07-14,76.63,1.993,4.39,2.062,2.338,2.044
2010-07-15,75.52,1.997,4.43,2.055,2.296,2.037
2010-07-16,75.55,1.972,4.68,2.053,2.287,2.025
2010-07-19,76.29,1.989,4.56,2.059,2.289,2.029
2010-07-20,76.31,2.015,4.59,2.062,2.313,2.044
2010-07-21,75.75,1.996,4.70,2.021,2.296,2.009
2010-07-22,77.59,2.070,4.67,2.083,2.389,2.070
2010-07-23,77.27,2.054,4.69,2.088,2.334,2.075
2010-07-26,77.90,2.042,4.65,2.079,2.316,2.066
2010-07-27,75.52,1.993,4.72,2.037,2.291,2.019
2010-07-28,76.66,1.995,4.75,2.046,2.291,2.000
2010-07-29,78.60,2.029,4.80,2.088,2.298,2.041
2010-07-30,77.50,2.061,4.81,2.113,2.296,2.093
2010-08-02,81.93,2.117,4.94,2.180,2.342,2.155
2010-08-03,83.60,2.131,4.78,2.215,2.363,2.190
2010-08-04,83.76,2.103,4.77,2.219,2.355,2.194
2010-08-05,82.90,2.091,4.84,2.209,2.364,2.184
2010-08-06,81.28,2.048,4.67,2.189,2.343,2.166
2010-08-09,81.54,2.051,4.52,2.186,2.361,2.164
2010-08-10,79.89,2.014,4.43,2.163,2.324,2.141
2010-08-11,77.83,1.917,4.38,2.101,2.227,2.083
2010-08-12,76.63,1.887,4.42,2.040,2.185,2.027
2010-08-13,75.14,1.877,4.35,2.044,2.188,2.042
2010-08-16,74.56,1.856,4.37,2.030,2.136,2.025
2010-08-17,76.74,1.894,4.28,2.064,2.099,2.059
2010-08-18,75.10,1.897,4.35,2.070,2.077,2.075
2010-08-19,74.84,1.876,4.29,2.062,2.079,2.057
2010-08-20,73.48,1.885,4.19,2.032,2.088,2.037
2010-08-23,73.08,1.830,4.12,2.011,2.040,2.006
2010-08-24,70.61,1.809,4.07,1.986,2.021,1.982
2010-08-25,70.74,1.842,3.99,2.029,2.045,2.024
2010-08-26,74.50,1.873,3.85,2.048,2.057,2.054
2010-08-27,75.16,1.943,3.75,2.094,2.123,2.098
2010-08-30,76.05,1.915,3.77,2.060,2.084,2.059
2010-08-31,75.51,1.896,3.80,2.013,2.019,2.010
2010-09-01,75.53,1.911,3.73,2.068,1.988,2.053
2010-09-02,74.93,1.935,3.74,2.084,2.048,2.066
2010-09-03,75.03,1.938,3.74,2.079,2.050,2.064
2010-09-06,,,,,,
2010-09-07,75.78,1.948,3.82,2.089,2.058,2.066
2010-09-08,77.48,1.960,3.81,2.089,2.080,2.084
2010-09-09,77.87,1.950,3.79,2.091,2.038,2.076
2010-09-10,77.54,2.014,3.79,2.144,2.094,2.127
2010-09-13,78.52,2.016,3.83,2.154,2.094,2.129
2010-09-14,78.89,2.006,3.98,2.148,2.086,2.131
2010-09-15,78.46,1.980,4.06,2.151,2.073,2.126
2010-09-16,78.89,1.946,4.09,2.109,2.044,2.089
2010-09-17,77.43,1.941,4.11,2.113,2.053,2.098
2010-09-20,79.42,1.970,4.01,2.163,2.090,2.135
2010-09-21,78.76,1.945,3.95,2.133,2.059,2.112
2010-09-22,77.29,1.925,4.02,2.107,2.032,2.099
2010-09-23,77.69,1.937,4.08,2.106,2.019,2.099
2010-09-24,78.73,1.980,3.97,2.147,2.094,2.130
2010-09-27,77.71,1.975,3.80,2.136,2.085,2.114
2010-09-28,79.14,1.978,3.80,2.141,2.077,2.136
2010-09-29,78.79,2.019,3.81,2.214,2.113,2.213
2010-09-30,80.77,2.076,3.85,2.264,2.169,2.239
2010-10-01,82.69,2.124,3.67,2.297,2.269,2.270
2010-10-04,83.42,2.157,3.56,2.291,2.265,2.266
2010-10-05,83.35,2.181,3.51,2.295,2.290,2.272
2010-10-06,85.01,2.218,3.56,2.295,2.310,2.280
2010-10-07,83.67,2.193,3.62,2.239,2.313,2.224
2010-10-08,83.88,2.218,3.36,2.274,2.363,2.267
2010-10-11,83.08,2.220,3.43,2.252,2.336,2.252
2010-10-12,82.99,2.188,3.40,2.234,2.303,2.234
2010-10-13,84.01,2.224,3.58,2.270,2.347,2.270
2010-10-14,83.55,2.205,3.58,2.269,2.360,2.269
2010-10-15,81.94,2.175,3.47,2.217,2.300,2.224
2010-10-18,82.30,2.223,3.36,2.258,2.323,2.258
2010-10-19,81.12,2.115,3.36,2.169,2.220,2.176
2010-10-20,81.68,2.152,3.46,2.229,2.187,2.236
2010-10-21,81.28,2.118,3.46,2.225,2.138,2.218
2010-10-22,80.75,2.122,3.19,2.266,2.170,2.264
2010-10-25,81.91,2.123,3.18,2.262,2.160,2.255
2010-10-26,82.62,2.105,3.28,2.260,2.196,2.250
2010-10-27,81.27,2.117,3.37,2.243,2.214,2.235
2010-10-28,82.97,2.125,3.36,2.234,2.209,2.236
2010-10-29,82.47,2.142,3.36,2.208,2.163,2.253
2010-11-01,84.06,2.127,3.42,2.248,2.190,2.286
2010-11-02,84.71,2.162,3.20,2.275,2.205,2.262
2010-11-03,85.33,2.165,3.35,2.317,2.225,2.302
2010-11-04,86.83,2.203,3.53,2.359,2.263,2.346
2010-11-05,87.05,2.214,3.47,2.371,2.271,2.366
2010-11-08,87.15,2.199,3.49,2.379,2.257,2.372
2010-11-09,87.93,2.213,3.76,2.398,2.247,2.393
2010-11-10,87.92,2.259,4.00,2.434,2.286,2.424
2010-11-11,88.08,2.259,3.73,2.434,2.286,2.419
2010-11-12,86.07,2.279,3.50,2.348,2.364,2.350
2010-11-13,,,,,,
2010-11-15,85.49,2.310,3.56,2.351,2.250,2.348
2010-11-16,83.98,2.216,3.66,2.296,2.196,2.298
2010-11-17,83.36,2.287,3.77,2.237,2.192,2.242
2010-11-18,83.70,2.308,3.89,2.295,2.243,2.288
2010-11-19,83.17,2.313,3.79,2.267,2.180,2.257
2010-11-20,,,,,,
2010-11-22,82.34,2.257,4.02,2.265,2.107,2.248
2010-11-23,82.37,2.211,3.93,2.265,2.211,2.253
2010-11-24,84.53,2.289,3.82,2.340,2.240,2.330
2010-11-25,,,,,,
2010-11-26,84.78,2.277,3.82,2.331,2.233,2.346
2010-11-29,85.90,2.311,4.12,2.347,2.292,2.369
2010-11-30,86.02,2.271,4.16,2.296,2.275,2.291
2010-12-01,88.56,2.374,4.21,2.387,2.389,2.370
2010-12-02,89.37,2.416,4.28,2.428,2.439,2.418
2010-12-03,90.65,2.422,4.23,2.458,2.472,2.461
2010-12-06,91.25,2.364,4.47,2.432,2.458,2.439
2010-12-07,90.78,2.338,4.48,2.408,2.439,2.411
2010-12-08,89.74,2.327,4.47,2.406,2.441,2.418
2010-12-09,89.93,2.371,4.52,2.434,2.429,2.434
2010-12-10,89.54,2.347,4.37,2.420,2.379,2.415
2010-12-13,90.40,2.325,4.55,2.421,2.373,2.418
2010-12-14,90.63,2.310,4.35,2.438,2.363,2.430
2010-12-15,91.33,2.331,4.22,2.453,2.295,2.458
2010-12-16,91.09,2.330,4.19,2.449,2.294,2.462
2010-12-17,91.11,2.348,3.99,2.439,2.302,2.459
2010-12-20,91.31,2.414,4.10,2.432,2.390,2.442
2010-12-21,93.11,2.442,4.17,2.435,2.442,2.435
2010-12-22,93.55,2.468,4.01,2.430,2.483,2.495
2010-12-23,93.63,2.484,4.08,2.534,2.500,2.537
2010-12-24,,,,,,
2010-12-27,93.08,2.457,4.05,2.501,2.476,2.496
2010-12-28,93.52,2.425,4.10,2.500,2.467,2.480
2010-12-29,93.52,2.410,4.19,2.459,2.460,2.501
2010-12-30,92.50,2.404,4.22,2.442,2.446,2.459
2010-12-31,93.23,2.455,4.22,2.506,2.477,2.528
2011-01-03,95.82,2.450,4.54,2.506,2.477,2.528
2011-01-04,93.52,2.414,4.61,2.449,2.439,2.487
2011-01-05,95.07,2.455,4.52,2.499,2.451,2.524
2011-01-06,94.95,2.456,4.49,2.499,2.403,2.512
2011-01-07,94.25,2.436,4.42,2.492,2.405,2.502
2011-01-10,95.05,2.464,4.49,2.565,2.434,2.570
2011-01-11,96.80,2.483,4.42,2.618,2.531,2.615
2011-01-12,97.86,2.465,4.55,2.618,2.465,2.625
2011-01-13,97.86,2.453,4.48,2.629,2.407,2.632
2011-01-14,97.86,2.504,4.38,2.660,2.397,2.663
2011-01-17,,,,,,
2011-01-18,97.83,2.482,4.52,2.651,2.409,2.663
2011-01-19,98.42,2.484,4.48,2.656,2.430,2.668
2011-01-20,96.27,2.425,4.57,2.620,2.372,2.635
2011-01-21,96.84,2.465,4.72,2.654,2.438,2.669
2011-01-24,96.76,2.413,4.72,2.603,2.464,2.623
2011-01-25,96.76,2.348,4.46,2.595,2.400,2.618
2011-01-26,96.04,2.446,4.40,2.676,2.486,2.711
2011-01-27,96.48,2.394,4.41,2.655,2.476,2.690
2011-01-28,97.06,2.457,4.27,2.675,2.541,2.705
2011-01-31,98.97,2.467,4.42,2.695,2.542,2.742
2011-02-01,100.40,2.493,4.42,2.721,2.721,2.769
2011-02-02,101.30,2.481,4.55,2.762,2.720,2.804
2011-02-03,101.69,2.477,4.69,2.750,2.582,2.795
2011-02-04,99.43,2.413,4.48,2.718,2.518,2.758
2011-02-07,99.44,2.435,4.32,2.710,2.591,2.755
2011-02-08,99.25,2.480,4.24,2.747,2.619,2.790
2011-02-09,100.16,2.514,4.22,2.783,2.688,2.820
2011-02-10,100.74,2.469,4.11,2.752,2.646,2.787
2011-02-11,99.93,2.459,3.96,2.726,2.639,2.761
2011-02-14,103.12,2.487,3.89,2.771,2.695,2.823
2011-02-15,102.48,2.488,3.92,2.752,2.708,2.804
2011-02-16,102.78,2.520,3.93,2.795,2.775,2.835
2011-02-17,103.45,2.520,3.90,2.706,2.745,2.814
2011-02-18,102.20,2.540,3.84,2.761,2.778,2.806
2011-02-21,,,,,,
2011-02-22,106.82,2.600,3.89,2.835,2.853,2.880
2011-02-23,109.77,2.724,3.83,2.948,3.018,3.005
2011-02-24,113.91,2.685,3.83,2.897,3.015,2.937
2011-02-25,111.47,2.916,3.81,2.966,3.061,3.006
2011-02-28,112.27,2.893,3.93,2.968,3.038,2.998
2011-03-01,113.34,2.843,3.93,3.074,3.155,3.147
2011-03-02,116.89,2.850,3.79,3.100,3.155,3.157
2011-03-03,114.42,2.846,3.75,3.092,3.136,3.147
2011-03-04,115.71,2.887,3.70,3.131,3.152,3.183
2011-03-07,116.58,2.839,3.73,3.091,3.104,3.126
2011-03-08,112.32,2.772,3.83,3.050,3.042,3.085
2011-03-09,115.19,2.866,3.81,3.095,3.129,3.127
2011-03-10,114.07,2.856,3.87,3.060,3.183,3.083
2011-03-11,114.07,2.828,3.78,3.056,3.153,3.079
2011-03-14,112.95,2.809,3.90,3.097,3.127,3.119
2011-03-15,111.11,2.638,3.81,2.988,2.975,3.026
2011-03-16,110.96,2.676,3.86,3.029,3.013,3.067
2011-03-17,114.18,2.768,3.85,3.086,3.118,3.154
2011-03-18,114.13,2.778,3.98,3.055,3.131,3.122
2011-03-21,114.92,2.811,3.99,3.070,3.163,3.130
2011-03-22,115.63,2.821,4.05,3.102,3.158,3.154
2011-03-23,115.65,2.834,4.18,3.087,3.174,3.137
2011-03-24,115.41,2.870,4.27,3.100,3.250,3.143
2011-03-25,115.45,2.894,4.13,3.112,3.254,3.160
2011-03-28,115.95,2.867,4.35,3.080,3.235,3.127
2011-03-29,115.58,2.925,4.27,3.089,3.248,3.122
2011-03-30,115.35,2.961,4.25,3.086,3.220,3.119
2011-03-31,116.94,3.027,4.32,3.128,3.257,3.161
2011-04-01,118.63,3.080,4.32,3.170,3.320,3.202
2011-04-04,120.07,3.082,4.21,3.190,3.327,3.228
2011-04-05,122.87,3.113,4.22,3.205,3.380,3.235
2011-04-06,123.01,3.107,4.17,3.221,3.347,3.251
2011-04-07,122.90,3.101,4.12,3.228,3.301,3.251
2011-04-08,126.30,3.184,4.05,3.343,3.390,3.375
2011-04-11,126.46,3.102,4.05,3.259,3.329,3.292
2011-04-12,121.33,3.077,4.08,3.188,3.338,3.201
2011-04-13,122.70,3.145,4.14,3.218,3.398,3.238
2011-04-14,122.74,3.145,4.12,3.218,3.370,3.241
2011-04-15,124.63,3.195,4.21,3.249,3.385,3.276
2011-04-18,121.69,3.161,4.23,3.209,3.351,3.236
2011-04-19,121.35,3.164,4.19,3.172,3.329,3.207
2011-04-20,124.26,3.203,4.33,3.237,3.343,3.272
2011-04-21,123.64,3.241,4.33,3.222,3.387,3.254
2011-04-22,,,,,,
2011-04-25,,3.252,4.37,3.212,3.381,3.257
2011-04-26,124.55,3.255,4.32,3.243,3.411,3.295
2011-04-27,124.94,3.330,4.35,3.274,3.439,3.332
2011-04-28,126.59,3.320,4.38,3.265,3.447,3.322
2011-04-29,,3.295,4.51,3.306,3.495,3.368
2011-05-02,126.64,3.230,4.60,3.281,3.430,3.351
2011-05-03,124.01,3.235,4.60,3.222,3.405,3.301
2011-05-04,121.55,3.223,4.59,3.163,3.412,3.237
2011-05-05,111.93,3.033,4.49,2.917,3.178,2.988
2011-05-06,113.69,3.073,4.24,2.905,3.148,2.998
2011-05-09,113.21,3.253,4.28,3.016,3.328,3.109
2011-05-10,117.82,3.306,4.19,3.054,3.291,3.146
2011-05-11,115.66,3.120,4.23,2.967,3.003,3.059
2011-05-12,112.87,3.033,4.10,2.952,2.968,3.040
2011-05-13,113.08,3.049,4.09,2.993,2.984,3.099
2011-05-16,113.72,2.885,4.21,2.917,2.810,3.020
2011-05-17,109.39,2.874,4.25,2.890,2.839,2.978
2011-05-18,112.54,2.862,4.15,2.925,2.907,3.023
2011-05-19,113.20,2.840,4.10,2.921,2.885,3.024
2011-05-20,111.25,2.862,4.05,2.948,2.862,3.058
2011-05-23,110.13,2.847,4.27,2.874,2.847,2.964
2011-05-24,112.52,2.908,4.37,2.936,2.953,3.026
2011-05-25,114.47,2.937,4.36,3.011,2.956,3.078
2011-05-26,115.06,2.968,4.37,3.017,2.971,3.065
2011-05-27,114.85,3.005,4.36,3.029,2.995,3.079
2011-05-30,,,,,,
2011-05-31,117.18,2.955,4.63,3.081,2.976,3.134
2011-06-01,116.15,2.915,4.62,3.051,2.917,3.098
2011-06-02,114.30,2.904,4.64,3.072,2.869,3.120
2011-06-03,115.09,2.923,4.72,3.087,2.906,3.137
2011-06-06,115.40,2.875,4.83,3.039,2.833,3.082
2011-06-07,116.14,2.915,4.83,3.102,2.885,3.144
2011-06-08,118.43,2.881,4.83,3.119,2.861,3.154
2011-06-09,119.95,2.926,4.92,3.166,2.956,3.198
2011-06-10,118.71,2.899,4.72,3.130,2.929,3.163
2011-06-13,120.49,2.897,4.75,3.127,2.892,3.162
2011-06-14,120.35,2.948,4.59,3.158,2.956,3.198
2011-06-15,114.67,2.836,4.53,3.033,2.876,3.073
2011-06-16,114.69,2.832,4.54,3.043,2.897,3.083
2011-06-17,113.74,2.827,4.39,3.027,2.882,3.062
2011-06-20,112.21,2.789,4.33,2.971,2.844,2.996
2011-06-21,112.02,2.750,4.37,2.915,2.785,2.940
2011-06-22,113.59,2.815,4.42,2.981,2.825,3.004
2011-06-23,108.27,2.705,4.31,2.865,2.771,2.880
2011-06-24,104.79,2.637,4.20,2.814,2.704,2.831
2011-06-27,104.57,2.655,4.25,2.818,2.743,2.838
2011-06-28,107.57,2.721,4.34,2.863,2.801,2.880
2011-06-29,111.49,2.852,4.40,2.967,2.920,2.984
2011-06-30,111.71,2.867,4.28,2.979,2.890,2.996
2011-07-01,109.82,2.883,4.33,2.961,2.906,2.976
2011-07-04,,,,,,
2011-07-05,113.21,2.892,4.40,2.997,2.915,3.009
2011-07-06,113.55,2.923,4.34,3.008,2.913,3.020
2011-07-07,117.40,3.048,4.25,3.137,3.023,3.150
2011-07-08,117.40,3.027,4.19,3.139,2.982,3.137
2011-07-11,117.35,2.989,4.35,3.128,2.957,3.125
2011-07-12,117.36,3.016,4.38,3.115,2.991,3.117
2011-07-13,118.46,3.078,4.43,3.137,3.005,3.137
2011-07-14,117.38,3.057,4.42,3.135,2.947,3.135
2011-07-15,118.06,3.075,4.49,3.169,3.135,3.169
2011-07-18,117.05,3.027,4.60,3.119,2.942,3.131
2011-07-19,118.18,3.043,4.60,3.144,2.943,3.156
2011-07-20,118.52,3.059,4.64,3.158,2.942,3.178
2011-07-21,118.25,3.018,4.58,3.150,2.898,3.168
2011-07-22,118.99,3.048,4.46,3.168,2.954,3.188
2011-07-25,118.27,3.045,4.45,3.144,2.939,3.164
2011-07-26,118.14,3.076,4.43,3.150,2.900,3.170
2011-07-27,117.99,3.067,4.46,3.124,2.877,3.153
2011-07-28,118.16,3.031,4.41,3.132,2.896,3.171
2011-07-29,115.93,3.020,4.26,3.124,2.886,3.161
2011-08-01,116.37,3.050,4.29,3.130,2.925,3.153
2011-08-02,116.02,2.986,4.30,3.115,2.849,3.137
2011-08-03,113.74,2.907,4.26,3.055,2.757,3.075
2011-08-04,110.22,2.712,4.20,2.924,2.570,2.954
2011-08-05,106.92,2.787,4.00,2.968,2.640,2.995
2011-08-08,103.06,2.680,4.00,2.840,2.593,2.863
2011-08-09,103.63,2.680,4.06,2.838,2.615,2.861
2011-08-10,103.84,2.741,4.09,2.863,2.659,2.890
2011-08-11,107.82,2.806,4.06,2.924,2.679,2.949
2011-08-12,108.17,2.799,4.17,2.936,2.669,2.961
2011-08-15,108.89,2.836,4.05,2.971,2.781,2.996
2011-08-16,109.69,2.826,4.03,2.966,2.771,3.006
2011-08-17,111.37,2.844,3.98,2.982,2.789,3.037
2011-08-18,108.36,2.725,3.98,2.891,2.783,2.935
2011-08-19,109.37,2.801,3.99,2.933,2.936,2.988
2011-08-22,108.83,2.772,3.97,2.922,2.907,2.977
2011-08-23,110.35,2.832,4.01,2.971,2.967,3.021
2011-08-24,111.91,2.862,4.10,2.973,2.928,3.018
2011-08-25,111.91,2.938,4.01,2.994,2.979,3.039
2011-08-26,112.29,2.910,3.96,3.022,2.970,3.059
2011-08-29,,2.888,3.93,3.028,3.238,3.060
2011-08-30,115.59,2.973,3.85,3.082,3.150,3.109
2011-08-31,116.48,2.846,3.97,3.086,3.156,3.113
2011-09-01,116.43,2.888,4.18,3.060,3.238,3.088
2011-09-02,115.92,2.959,4.12,3.015,3.219,3.038
2011-09-05,,,,,,
2011-09-06,113.29,2.938,3.93,3.031,3.181,3.043
2011-09-07,117.50,2.994,3.96,3.065,3.124,3.050
2011-09-08,117.99,2.959,3.99,3.033,3.054,3.018
2011-09-09,115.10,2.859,3.96,2.945,2.999,2.962
2011-09-12,114.75,2.817,3.92,2.928,2.977,2.938
2011-09-13,114.08,2.768,3.96,2.912,2.890,2.922
2011-09-14,113.10,2.752,4.01,2.942,2.852,2.937
2011-09-15,116.71,2.810,4.04,3.024,2.960,3.019
2011-09-16,116.26,2.824,3.84,2.997,2.964,3.002
2011-09-19,112.89,2.745,3.78,2.948,2.875,2.938
2011-09-20,114.39,2.758,3.84,2.956,2.860,2.946
2011-09-21,114.26,2.702,3.78,2.919,2.745,2.919
2011-09-22,109.21,2.596,3.72,2.850,2.647,2.853
2011-09-23,109.17,2.587,3.74,2.820,2.755,2.827
2011-09-26,107.90,2.590,3.80,2.835,2.789,2.860
2011-09-27,109.54,2.662,3.92,2.893,2.839,2.928
2011-09-28,108.52,2.608,3.88,2.842,2.768,2.877
2011-09-29,107.08,2.684,3.77,2.859,2.777,2.894
2011-09-30,105.42,2.633,3.68,2.812,2.735,2.844
2011-10-03,103.61,2.601,3.57,2.775,2.686,2.815
2011-10-04,101.84,2.632,3.56,2.798,2.742,2.838
2011-10-05,103.77,2.713,3.63,2.790,2.826,2.835
2011-10-06,104.38,2.815,3.49,2.871,2.985,2.916
2011-10-07,106.56,2.788,3.40,2.868,3.010,2.881
2011-10-10,109.49,2.853,3.41,2.908,3.058,2.911
2011-10-11,109.22,2.872,3.52,2.891,3.162,2.889
2011-10-12,112.44,2.872,3.54,2.917,3.159,2.917
2011-10-13,112.45,2.893,3.42,2.972,3.080,2.972
2011-10-14,114.33,2.923,3.49,3.059,3.190,3.056
2011-10-17,112.92,2.816,3.72,2.986,3.099,2.986
2011-10-18,112.08,2.816,3.63,3.010,3.111,3.010
2011-10-19,111.76,2.755,3.59,2.982,2.957,2.982
2011-10-20,109.00,2.725,3.61,3.028,2.885,3.028
2011-10-21,111.60,2.750,3.54,3.012,2.788,3.010
2011-10-24,111.67,2.736,3.61,3.038,2.793,3.036
2011-10-25,112.11,2.752,3.62,3.028,2.786,3.025
2011-10-26,110.43,2.695,3.65,3.009,2.738,3.006
2011-10-27,112.45,2.804,3.59,3.088,3.001,3.088
2011-10-28,110.01,2.732,3.63,3.062,2.952,3.051
2011-10-31,108.43,2.679,3.66,3.060,2.921,3.028
2011-11-01,106.97,2.696,3.49,3.021,2.933,3.011
2011-11-02,110.82,2.696,3.39,3.001,2.956,2.991
2011-11-03,110.76,2.706,3.39,3.041,2.961,3.036
2011-11-04,112.22,2.738,3.44,3.077,2.998,3.067
2011-11-07,114.75,2.786,3.35,3.124,3.051,3.114
2011-11-08,115.61,2.773,3.42,3.109,2.958,3.119
2011-11-09,115.29,2.702,3.55,3.095,2.902,3.095
2011-11-10,113.32,2.682,3.48,3.131,2.822,3.131
2011-11-11,114.43,2.651,3.29,3.173,2.728,3.178
2011-11-14,112.57,2.590,3.17,3.151,2.642,3.158
2011-11-15,111.90,2.633,3.12,3.154,2.633,3.156
2011-11-16,111.91,2.633,3.11,3.083,2.643,3.086
2011-11-17,109.25,2.532,3.11,3.050,2.575,3.052
2011-11-18,107.82,2.500,3.01,3.019,2.588,3.019
2011-11-21,105.98,2.528,2.94,2.971,2.603,2.964
2011-11-22,107.77,2.590,3.06,2.998,2.638,3.005
2011-11-23,106.83,2.558,2.84,2.933,2.565,2.936
2011-11-24,,,,,,
2011-11-25,106.08,2.516,2.84,2.911,2.547,2.914
2011-11-28,109.38,2.545,3.09,2.937,2.578,2.939
2011-11-29,111.25,2.575,3.39,2.990,2.592,2.991
2011-11-30,111.22,2.588,3.53,3.001,2.568,3.001
2011-12-01,108.83,2.635,3.49,2.969,2.586,2.969
2011-12-02,109.59,2.669,3.35,2.955,2.612,2.968
2011-12-05,110.18,2.630,3.38,2.944,2.622,2.941
2011-12-06,110.16,2.675,3.43,2.980,2.666,2.977
2011-12-07,110.07,2.628,3.45,2.923,2.600,2.943
2011-12-08,108.23,2.605,3.42,2.872,2.557,2.867
2011-12-09,107.91,2.644,3.29,2.838,2.680,2.841
2011-12-12,107.82,2.605,3.13,2.849,2.620,2.824
2011-12-13,109.25,2.655,3.12,2.879,2.705,2.854
2011-12-14,105.72,2.534,3.08,2.768,2.589,2.761
2011-12-15,104.52,2.516,3.05,2.769,2.539,2.749
2011-12-16,104.00,2.528,3.01,2.778,2.566,2.768
2011-12-19,104.55,2.527,3.03,2.749,2.562,2.739
2011-12-20,107.80,2.615,3.06,2.869,2.710,2.829
2011-12-21,108.00,2.654,3.05,2.893,2.752,2.874
2011-12-22,108.98,2.668,3.08,2.885,2.804,2.910
2011-12-23,109.28,2.730,2.97,2.890,2.925,2.885
2011-12-26,,,,,,
2011-12-27,,2.707,3.09,2.899,2.922,2.894
2011-12-28,107.54,2.680,3.07,2.896,2.895,2.891
2011-12-29,106.89,2.712,3.03,2.923,2.933,2.930
2011-12-30,108.09,2.694,2.98,2.914,2.902,2.917
2012-01-02,,,,,,
2012-01-03,111.12,2.784,2.97,3.037,2.994,3.040
2012-01-04,113.37,2.805,2.96,3.082,2.985,3.100
2012-01-05,113.59,2.745,2.91,3.030,2.898,3.060
2012-01-06,111.96,2.777,2.85,3.069,2.889,3.102
2012-01-09,111.07,2.770,2.89,3.054,2.882,3.134
2012-01-10,113.30,2.792,2.97,3.088,2.867,3.168
2012-01-11,111.66,2.784,2.81,3.056,2.829,3.136
2012-01-12,112.97,2.748,2.70,3.034,2.838,3.100
2012-01-13,109.88,2.774,2.67,3.028,2.861,3.095
2012-01-16,,,,,,
2012-01-17,110.55,2.798,2.51,3.019,2.898,3.079
2012-01-18,109.81,2.862,2.49,3.008,2.954,3.076
2012-01-19,109.54,2.849,2.36,3.026,2.929,3.093
2012-01-20,108.50,2.816,2.23,2.983,2.886,3.045
2012-01-23,109.46,2.808,2.39,2.990,2.880,3.055
2012-01-24,108.38,2.833,2.60,3.005,2.922,3.070
2012-01-25,108.48,2.869,2.61,3.015,2.972,3.062
2012-01-26,109.08,2.875,2.68,3.034,2.956,3.082
2012-01-27,110.50,2.949,2.59,3.056,3.019,3.100
2012-01-30,110.24,2.900,2.71,3.030,2.963,3.068
2012-01-31,110.26,2.912,2.51,3.041,2.972,3.079
2012-02-01,111.96,2.905,2.32,3.032,2.967,3.079
2012-02-02,110.96,2.899,2.30,3.035,2.974,3.085
2012-02-03,112.56,2.937,2.40,3.086,3.007,3.134
2012-02-06,115.47,2.956,2.46,3.159,3.064,3.217
2012-02-07,116.86,2.951,2.60,3.157,3.051,3.212
2012-02-08,117.18,3.001,2.48,3.152,3.106,3.197
2012-02-09,118.40,3.032,2.50,3.171,3.137,3.216
2012-02-10,118.13,3.001,2.51,3.147,3.162,3.170
2012-02-13,118.73,3.027,2.42,3.133,3.189,3.150
2012-02-14,118.30,2.999,2.48,3.148,3.187,3.165
2012-02-15,120.25,3.023,2.54,3.179,3.316,3.191
2012-02-16,121.00,3.050,2.47,3.202,3.405,3.215
2012-02-17,120.69,3.023,2.67,3.192,3.333,3.197
2012-02-20,,,,,,
2012-02-21,120.85,3.061,2.63,3.232,3.366,3.237
2012-02-22,123.07,3.107,2.60,3.267,3.663,3.290
2012-02-23,124.53,3.133,2.68,3.281,3.615,3.313
2012-02-24,124.89,3.151,2.60,3.298,3.641,3.330
2012-02-27,126.46,3.113,2.55,3.257,3.675,3.294
2012-02-28,124.02,3.232,2.44,3.229,3.595,3.239
2012-02-29,122.23,3.270,2.44,3.196,3.590,3.212
2012-03-01,125.76,3.155,2.45,3.283,3.555,3.273
2012-03-02,125.93,3.098,2.38,3.224,3.411,3.205
2012-03-05,126.68,3.038,2.31,3.235,3.410,3.220
2012-03-06,125.03,2.989,2.30,3.211,3.464,3.204
2012-03-07,125.37,3.037,2.24,3.245,3.525,3.236
2012-03-08,127.96,3.057,2.24,3.293,3.514,3.288
2012-03-09,128.08,3.097,2.21,3.299,3.502,3.294
2012-03-12,127.27,3.088,2.17,3.283,3.491,3.278
2012-03-13,128.14,3.130,2.15,3.303,3.482,3.298
2012-03-14,126.98,3.146,2.13,3.302,3.398,3.292
2012-03-15,123.63,3.071,2.07,3.270,3.171,3.246
2012-03-16,125.09,3.149,2.01,3.333,3.297,3.309
2012-03-19,125.76,3.192,2.14,3.303,3.297,3.272
2012-03-20,124.38,3.204,2.19,3.293,3.409,3.263
2012-03-21,123.89,3.192,2.21,3.253,3.277,3.235
2012-03-22,122.49,3.230,2.19,3.221,3.265,3.203
2012-03-23,125.21,3.276,2.07,3.262,3.311,3.235
2012-03-26,125.85,3.303,2.16,3.289,3.379,3.269
2012-03-27,125.25,3.289,2.09,3.280,3.379,3.262
2012-03-28,124.41,3.300,2.05,3.278,3.340,3.275
2012-03-29,123.23,3.324,2.02,3.231,3.334,3.228
2012-03-30,123.41,3.318,2.00,3.247,3.220,3.242
2012-04-02,124.44,3.384,1.88,3.320,3.277,3.315
2012-04-03,,3.411,1.94,3.302,3.321,3.302
2012-04-04,123.04,3.346,2.06,3.229,3.254,3.234
2012-04-05,123.58,3.302,1.98,3.230,3.204,3.224
2012-04-06,,,,,,
2012-04-09,,3.255,1.99,3.208,3.195,3.204
2012-04-10,121.89,3.215,1.99,3.168,3.228,3.158
2012-04-11,120.41,3.265,1.91,3.177,3.265,3.167
2012-04-12,120.57,3.335,1.87,3.243,3.305,3.240
2012-04-13,120.62,3.322,1.87,3.251,3.297,3.263
2012-04-16,118.23,3.232,1.88,3.194,3.207,3.220
2012-04-17,117.41,3.199,1.89,3.190,3.269,3.223
2012-04-18,115.18,3.156,1.87,3.181,3.213,3.216
2012-04-19,117.00,3.094,1.85,3.162,3.174,3.187
2012-04-20,118.08,3.089,1.82,3.176,3.189,3.201
2012-04-23,116.66,3.121,1.89,3.199,3.221,3.181
2012-04-24,117.74,3.084,1.97,3.190,3.194,3.194
2012-04-25,117.45,3.076,1.99,3.215,3.280,3.228
2012-04-26,119.33,3.090,2.10,3.246,3.305,3.261
2012-04-27,119.30,3.082,2.05,3.231,3.312,3.239
2012-04-30,118.66,3.057,2.10,3.230,3.296,3.260
2012-05-01,119.57,3.043,2.29,3.211,3.300,3.244
2012-05-02,117.57,2.999,2.31,3.185,3.329,3.212
2012-05-03,115.91,2.955,2.29,3.130,3.360,3.153
2012-05-04,111.66,2.879,2.30,3.048,3.304,3.070
2012-05-07,,2.897,2.30,3.013,3.315,3.045
2012-05-08,110.48,2.936,2.27,3.029,3.248,3.049
2012-05-09,111.89,2.945,2.36,3.033,3.257,3.048
2012-05-10,112.24,2.941,2.36,3.026,3.423,3.038
2012-05-11,112.50,2.945,2.37,3.006,3.452,3.023
2012-05-14,110.79,2.961,2.41,2.954,3.496,3.011
2012-05-15,111.40,2.900,2.38,2.953,3.485,2.988
2012-05-16,109.80,2.864,2.50,2.917,3.179,2.952
2012-05-17,109.31,2.819,2.60,2.860,3.126,2.893
2012-05-18,108.03,2.833,2.56,2.854,3.083,2.882
2012-05-21,109.02,2.883,2.60,2.883,3.133,2.918
2012-05-22,109.76,2.852,2.55,2.868,3.102,2.888
2012-05-23,106.88,2.800,2.60,2.848,3.058,2.864
2012-05-24,107.20,2.794,2.66,2.852,3.132,2.869
2012-05-25,107.86,2.807,2.56,2.851,3.142,2.876
2012-05-28,,,,,,
2012-05-29,107.55,2.829,2.50,2.834,3.156,2.864
2012-05-30,103.85,2.774,2.39,2.757,3.079,2.787
2012-05-31,103.86,2.631,2.34,2.730,2.984,2.753
2012-06-01,98.63,2.623,2.24,2.667,2.808,2.685
2012-06-04,97.74,2.674,2.32,2.653,2.814,2.673
2012-06-05,98.65,2.682,2.39,2.667,2.707,2.687
2012-06-06,101.14,2.698,2.41,2.707,2.715,2.727
2012-06-07,100.05,2.666,2.33,2.685,2.668,2.700
2012-06-08,97.57,2.695,2.22,2.714,2.697,2.727
2012-06-11,98.60,2.642,2.22,2.644,2.637,2.661
2012-06-12,96.59,2.665,2.17,2.654,2.585,2.669
2012-06-13,97.29,2.663,2.18,2.650,2.583,2.655
2012-06-14,96.46,2.708,2.20,2.683,2.623,2.706
2012-06-15,97.13,2.683,2.44,2.703,2.634,2.708
2012-06-18,95.21,2.610,2.45,2.673,2.575,2.691
2012-06-19,95.14,2.600,2.59,2.702,2.515,2.719
2012-06-20,93.50,2.537,2.60,2.656,2.379,2.646
2012-06-21,89.22,2.441,2.48,2.588,2.341,2.600
2012-06-22,89.22,2.490,2.50,2.620,2.422,2.627
2012-06-25,88.69,2.538,2.70,2.601,2.438,2.621
2012-06-26,90.19,2.523,2.70,2.641,2.718,2.658
2012-06-27,92.06,2.486,2.87,2.658,2.806,2.673
2012-06-28,91.02,2.437,2.81,,2.665,2.633
2012-06-29,94.17,2.590,2.74,2.779,2.823,2.774
2012-07-02,95.28,2.591,2.73,2.751,2.694,2.749
2012-07-03,99.89,2.683,2.78,2.832,2.799,2.827
2012-07-04,,,,,,
2012-07-05,101.54,2.711,2.90,2.843,2.781,2.825
2012-07-06,98.50,2.671,2.94,2.807,2.661,2.789
2012-07-09,99.94,2.747,2.79,2.838,2.672,2.823
2012-07-10,99.15,2.736,2.87,2.828,2.616,2.828
2012-07-11,99.23,2.770,2.72,2.861,2.650,2.863
2012-07-12,99.18,2.795,2.83,2.826,2.800,2.851
2012-07-13,101.91,2.796,2.88,2.852,2.818,2.894
2012-07-16,102.10,2.837,2.92,2.896,2.917,2.934
2012-07-17,104.21,2.789,2.83,2.892,2.924,2.910
2012-07-18,105.92,2.818,2.84,2.936,2.828,2.936
2012-07-19,107.79,2.828,2.99,2.999,2.853,3.009
2012-07-20,106.98,2.827,3.03,2.988,2.912,3.006
2012-07-23,103.91,2.761,3.05,2.878,2.856,2.910
2012-07-24,103.57,2.710,3.16,2.880,2.890,2.903
2012-07-25,102.35,2.650,3.19,2.891,2.870,2.914
2012-07-26,104.77,2.667,3.13,2.914,2.862,2.941
2012-07-27,106.30,2.767,3.10,2.943,2.952,2.963
2012-07-30,106.54,2.788,3.14,2.928,2.998,2.948
2012-07-31,105.93,2.756,3.20,2.882,2.859,2.914
2012-08-01,106.78,2.822,3.20,2.922,2.953,2.940
2012-08-02,107.55,2.873,3.16,2.919,2.958,2.939
2012-08-03,109.57,2.945,2.91,3.011,3.032,3.033
2012-08-06,110.01,2.956,2.90,3.028,3.031,3.051
2012-08-07,112.39,2.998,2.99,3.071,3.188,3.104
2012-08-08,113.42,2.981,2.97,3.091,3.171,3.123
2012-08-09,113.52,3.021,2.89,3.137,3.211,3.154
2012-08-10,113.13,2.980,2.84,3.120,3.310,3.127
2012-08-13,114.48,2.960,2.77,3.112,3.285,3.134
2012-08-14,113.90,2.966,2.79,3.124,3.186,3.149
2012-08-15,115.51,3.053,2.82,3.173,3.196,3.185
2012-08-16,116.12,3.046,2.78,3.195,3.111,3.203
2012-08-17,115.20,2.984,2.70,3.178,3.049,3.163
2012-08-20,115.50,2.979,2.75,3.175,3.039,3.162
2012-08-21,116.03,3.037,2.80,3.212,3.102,3.195
2012-08-22,115.77,3.081,2.80,3.220,3.123,3.228
2012-08-23,117.45,3.065,2.81,3.210,3.110,3.209
2012-08-24,115.76,3.043,2.81,3.197,3.083,3.205
2012-08-27,113.74,3.211,2.80,3.217,3.118,3.225
2012-08-28,112.62,3.174,2.71,3.245,3.162,3.278
2012-08-29,112.53,3.113,2.64,3.227,3.153,3.249
2012-08-30,112.28,3.098,2.72,3.228,3.162,3.258
2012-08-31,113.93,3.133,2.72,3.279,3.238,3.279
2012-09-03,,,,,,
2012-09-04,114.98,3.174,2.81,3.240,3.244,3.237
2012-09-05,113.32,3.188,2.87,3.200,3.233,3.210
2012-09-06,114.50,3.255,2.85,3.193,3.225,3.218
2012-09-07,113.64,3.359,2.73,3.220,3.249,3.242
2012-09-10,113.84,3.427,2.66,3.222,3.177,3.247
2012-09-11,114.86,3.444,2.82,3.247,3.114,3.257
2012-09-12,114.86,3.392,2.96,3.248,3.062,3.263
2012-09-13,116.00,3.205,3.01,3.250,3.015,3.265
2012-09-14,117.48,3.210,2.94,3.274,3.075,3.284
2012-09-17,116.70,3.131,2.83,3.175,3.041,3.183
2012-09-18,113.29,3.083,2.74,3.136,3.223,3.141
2012-09-19,108.49,3.063,2.70,3.065,3.153,3.068
2012-09-20,109.41,3.140,2.76,3.130,3.160,3.128
2012-09-21,111.27,3.252,2.76,3.170,3.279,3.165
2012-09-24,109.20,3.142,2.82,3.129,3.081,3.129
2012-09-25,110.77,3.205,2.84,3.135,3.120,3.135
2012-09-26,108.99,3.364,2.92,3.134,3.149,3.134
2012-09-27,111.45,3.439,3.01,3.178,3.235,3.168
2012-09-28,111.36,3.665,3.08,3.186,3.255,3.156
2012-10-01,112.58,3.332,3.19,3.179,3.397,3.151
2012-10-02,112.49,3.182,3.21,3.180,3.667,3.138
2012-10-03,109.32,3.109,3.21,3.117,3.394,3.077
2012-10-04,110.48,3.269,3.23,3.241,3.669,3.199
2012-10-05,112.17,3.277,3.26,3.228,4.177,3.158
2012-10-08,112.60,3.186,3.18,3.229,3.781,3.159
2012-10-09,114.32,3.213,3.18,3.268,3.263,3.208
2012-10-10,116.11,3.207,3.26,3.258,3.532,3.211
2012-10-11,116.18,3.160,3.28,3.300,3.290,3.250
2012-10-12,115.17,3.050,3.38,3.250,3.338,3.208
2012-10-15,115.00,3.012,3.35,3.219,3.192,3.187
2012-10-16,115.00,2.965,3.27,3.214,3.200,3.162
2012-10-17,113.49,2.906,3.24,3.195,2.851,3.157
2012-10-18,112.58,2.830,3.28,3.190,2.850,3.162
2012-10-19,111.89,2.773,3.43,3.119,2.803,3.096
2012-10-22,109.62,2.741,3.49,3.055,2.741,3.028
2012-10-23,107.53,2.703,3.34,3.031,2.713,2.999
2012-10-24,107.66,2.676,3.43,3.035,2.716,2.995
2012-10-25,107.64,2.731,3.39,3.053,2.686,3.013
2012-10-26,108.90,2.737,3.38,3.089,2.715,3.041
2012-10-29,109.33,2.783,3.40,3.094,2.696,3.017
2012-10-30,109.40,2.799,3.42,3.045,2.732,2.975
2012-10-31,109.89,2.780,3.50,3.018,2.697,2.961
2012-11-01,108.84,2.673,3.50,2.983,2.683,2.938
2012-11-02,106.79,2.616,3.40,2.925,2.646,2.865
2012-11-05,105.59,2.668,3.34,2.955,2.690,2.888
2012-11-06,109.27,2.836,3.41,2.982,2.846,2.947
2012-11-07,108.21,2.759,3.47,2.945,2.749,2.900
2012-11-08,107.23,2.806,3.45,2.926,2.766,2.891
2012-11-09,108.61,2.984,3.33,2.975,2.869,2.942
2012-11-12,110.23,2.954,3.40,2.968,2.829,2.936
2012-11-13,108.82,2.956,3.57,2.927,2.786,2.892
2012-11-14,109.66,2.908,3.66,2.973,2.813,2.940
2012-11-15,110.07,2.897,3.63,2.926,2.790,2.914
2012-11-16,106.81,2.890,3.46,2.969,2.805,2.934
2012-11-19,110.06,2.828,3.63,3.067,2.820,3.052
2012-11-20,110.01,2.793,3.62,3.063,2.815,3.015
2012-11-21,110.81,2.832,3.59,3.091,2.847,3.046
2012-11-22,,,,,,
2012-11-23,110.14,2.820,3.59,3.087,2.835,3.042
2012-11-26,110.18,2.785,3.75,3.061,2.818,3.018
2012-11-27,109.33,2.785,3.77,3.033,2.838,2.995
2012-11-28,108.26,2.780,3.71,3.021,2.805,2.975
2012-11-29,110.47,2.825,3.61,3.032,2.798,3.012
2012-11-30,110.84,2.769,3.46,3.035,2.794,3.015
2012-12-03,111.27,2.762,3.44,3.020,2.705,3.000
2012-12-04,109.99,2.727,3.38,2.975,2.660,2.945
2012-12-05,108.96,2.660,3.41,2.990,2.590,2.943
2012-12-06,108.01,2.620,3.48,2.929,2.480,2.901
2012-12-07,107.16,2.636,3.33,2.906,2.532,2.849
2012-12-10,108.25,2.615,3.35,2.904,2.490,2.859
2012-12-11,107.60,2.636,3.39,2.920,2.511,2.872
2012-12-12,110.17,2.660,3.33,2.956,2.538,2.908
2012-12-13,110.18,2.623,3.27,2.924,2.491,2.876
2012-12-14,109.28,2.690,3.15,2.941,2.548,2.901
2012-12-17,109.35,2.702,3.20,2.886,2.435,2.871
2012-12-18,109.96,2.729,3.29,2.905,2.502,2.900
2012-12-19,109.95,2.765,3.25,2.933,2.527,2.929
2012-12-20,110.57,2.793,3.35,3.007,2.645,2.977
2012-12-21,109.13,2.785,3.42,2.990,2.655,3.017
2012-12-24,108.44,2.789,3.30,2.970,2.667,2.997
2012-12-25,,,,,,
2012-12-26,110.72,2.854,3.35,3.012,2.858,3.034
2012-12-27,110.04,2.841,3.31,3.034,2.867,3.056
2012-12-28,110.05,2.826,3.40,3.014,2.801,2.974
2012-12-31,110.80,2.835,3.43,2.992,2.806,2.984
2013-01-01,,,,,,
2013-01-02,112.98,2.807,3.30,2.998,2.832,2.993
2013-01-03,113.03,2.794,3.19,2.983,2.804,2.994
2013-01-04,112.58,2.820,3.20,3.003,2.790,2.991
2013-01-07,112.49,2.833,3.30,3.013,2.753,3.033
2013-01-08,113.03,2.842,3.21,3.033,2.782,3.088
2013-01-09,113.07,2.813,3.14,3.046,2.793,3.083
2013-01-10,112.97,2.806,3.08,3.027,2.783,3.065
2013-01-11,110.30,2.750,3.18,3.006,2.735,3.058
2013-01-14,111.32,2.765,3.39,3.064,2.743,3.131
2013-01-15,111.72,2.728,3.40,3.002,2.701,3.095
2013-01-16,110.97,2.749,3.43,3.007,2.769,3.059
2013-01-17,111.01,2.786,3.44,3.019,2.786,3.072
2013-01-18,111.71,2.824,3.54,3.054,2.826,3.087
2013-01-21,,,,,,
2013-01-22,112.72,2.862,3.63,3.063,2.845,3.119
2013-01-23,113.68,2.865,3.53,3.073,2.757,3.135
2013-01-24,114.59,2.888,3.56,3.086,3.034,3.138
2013-01-25,113.88,2.904,3.42,3.050,3.155,3.113
2013-01-28,113.92,2.952,3.25,3.056,3.181,3.106
2013-01-29,115.22,2.995,3.14,3.109,3.220,3.179
2013-01-30,115.42,3.068,3.24,3.099,3.314,3.184
2013-01-31,115.55,3.046,3.33,3.144,3.307,3.190
2013-02-01,115.55,3.100,3.34,3.180,3.374,3.238
2013-02-04,116.06,3.047,3.27,3.167,3.307,3.230
2013-02-05,117.03,3.070,3.34,3.195,3.315,3.238
2013-02-06,116.61,3.068,3.41,3.193,3.388,3.226
2013-02-07,117.17,3.028,3.39,3.224,3.348,3.254
2013-02-08,118.90,3.070,3.26,3.264,3.400,3.286
2013-02-11,118.29,3.038,3.20,3.256,3.320,3.299
2013-02-12,117.89,3.052,3.30,3.284,3.317,3.293
2013-02-13,118.43,3.053,3.29,3.276,3.328,3.283
2013-02-14,118.48,3.139,3.30,3.289,3.424,3.282
2013-02-15,117.40,3.157,3.19,3.263,3.452,3.266
2013-02-18,,,,,,
2013-02-19,117.04,3.133,3.23,3.235,3.428,3.238
2013-02-20,116.23,3.066,3.34,3.225,3.364,3.200
2013-02-21,114.19,3.057,3.29,3.173,3.326,3.190
2013-02-22,113.74,3.114,3.27,3.185,3.368,3.195
2013-02-25,114.55,3.043,3.42,3.151,3.324,3.163
2013-02-26,112.96,2.997,3.46,3.132,3.292,3.127
2013-02-27,112.24,2.881,3.49,3.066,3.183,3.079
2013-02-28,112.20,2.891,3.48,3.036,3.054,3.049
2013-03-01,110.14,3.147,3.54,3.015,3.079,3.016
2013-03-04,109.90,2.896,3.53,3.008,3.034,3.005
2013-03-05,110.42,2.936,3.63,3.069,3.109,3.021
2013-03-06,110.27,2.909,3.57,3.064,3.069,3.019
2013-03-07,110.42,2.874,3.54,3.056,2.982,3.013
2013-03-08,108.91,2.948,3.57,3.059,3.068,3.004
2013-03-11,108.64,2.888,3.64,3.041,3.000,2.993
2013-03-12,108.48,2.883,3.71,3.036,3.021,3.016
2013-03-13,107.51,2.897,3.72,3.005,2.980,2.975
2013-03-14,108.10,2.931,3.74,3.000,2.993,2.988
2013-03-15,109.32,2.946,3.89,3.008,3.066,2.988
2013-03-18,108.54,2.910,3.98,2.997,3.023,2.972
2013-03-19,106.91,2.845,3.96,2.931,2.945,2.891
2013-03-20,108.27,2.868,3.97,2.961,2.988,2.926
2013-03-21,106.41,2.875,4.01,2.958,2.940,2.921
2013-03-22,106.51,2.877,4.01,2.950,2.950,2.883
2013-03-25,106.66,2.881,4.08,2.941,3.042,2.874
2013-03-26,107.10,2.930,3.99,2.983,3.098,2.923
2013-03-27,108.51,2.920,4.08,3.029,3.100,2.974
2013-03-28,108.46,2.913,4.03,3.040,3.102,2.982
2013-03-29,,,,,,
2013-04-01,108.76,2.900,3.97,3.062,3.120,3.002
2013-04-02,109.66,2.838,4.07,3.091,3.055,3.019
2013-04-03,107.82,2.702,4.00,3.022,2.934,2.975
2013-04-04,105.09,2.686,3.94,2.991,2.899,2.933
2013-04-05,103.98,2.663,3.98,2.932,2.888,2.882
2013-04-08,103.16,2.728,4.18,2.960,2.950,2.912
2013-04-09,104.08,2.749,4.08,2.963,2.942,2.916
2013-04-10,104.80,2.669,4.07,2.949,2.922,2.891
2013-04-11,103.62,2.638,4.11,2.894,2.931,2.874
2013-04-12,100.58,2.599,4.21,2.859,2.894,2.797
2013-04-15,99.32,2.670,4.23,2.784,2.835,2.729
2013-04-16,97.88,2.721,4.19,2.792,2.892,2.707
2013-04-17,96.84,2.659,4.24,2.721,2.819,2.636
2013-04-18,97.48,2.690,4.23,2.767,2.850,2.694
2013-04-19,98.94,2.716,4.38,2.779,2.864,2.699
2013-04-22,99.07,2.695,4.33,2.798,2.855,2.713
2013-04-23,99.25,2.638,4.27,2.790,2.786,2.683
2013-04-24,100.71,2.665,4.25,2.819,2.823,2.719
2013-04-25,101.62,2.716,4.19,2.863,2.891,2.783
2013-04-26,102.39,2.741,4.16,2.855,2.983,2.758
2013-04-29,102.88,2.735,4.28,2.854,2.977,2.759
2013-04-30,101.53,2.714,4.30,2.786,2.835,2.688
2013-05-01,98.34,2.616,4.31,2.744,2.744,2.604
2013-05-02,100.32,2.700,4.28,2.816,2.953,2.673
2013-05-03,104.60,2.728,3.98,2.846,3.033,2.706
2013-05-06,105.00,2.767,3.93,2.875,3.107,2.710
2013-05-07,105.18,2.745,3.88,2.884,3.130,2.734
2013-05-08,103.79,2.772,3.86,2.887,3.292,2.777
2013-05-09,103.59,2.789,3.87,2.903,3.309,2.773
2013-05-10,101.31,2.764,3.90,2.865,3.214,2.748
2013-05-13,102.17,2.742,3.87,2.846,3.187,2.741
2013-05-14,102.70,2.753,3.93,2.837,2.990,2.700
2013-05-15,101.57,2.785,4.03,2.839,3.022,2.704
2013-05-16,104.27,2.793,4.01,2.863,3.035,2.745
2013-05-17,103.83,2.810,3.89,2.879,3.035,2.786
2013-05-20,104.55,2.817,4.10,2.900,2.959,2.810
2013-05-21,103.10,2.748,4.13,2.870,2.928,2.757
2013-05-22,102.14,2.723,4.16,2.822,2.898,2.709
2013-05-23,100.46,2.732,4.15,2.813,2.907,2.710
2013-05-24,101.24,2.713,4.15,2.810,2.875,2.713
2013-05-27,,,,,,
2013-05-28,103.77,2.746,4.19,2.868,2.880,2.766
2013-05-29,102.14,2.700,4.15,2.826,2.832,2.720
2013-05-30,101.79,2.721,4.12,2.804,2.846,2.706
2013-05-31,100.43,2.663,4.02,2.740,2.813,2.657
2013-06-03,101.63,2.707,4.00,2.804,2.845,2.734
2013-06-04,102.04,2.742,4.00,2.841,2.877,2.761
2013-06-05,103.51,2.746,3.99,2.826,2.894,2.744
2013-06-06,103.37,2.770,3.93,2.840,2.973,2.755
2013-06-07,104.07,2.794,3.79,2.869,2.999,2.784
2013-06-10,103.87,2.766,3.85,2.848,3.036,2.758
2013-06-11,101.50,2.751,3.77,2.822,2.966,2.724
2013-06-12,103.11,2.756,3.74,2.869,3.104,2.781
2013-06-13,103.38,2.811,3.73,2.909,3.167,2.826
2013-06-14,105.10,2.845,3.76,2.939,3.182,2.844
2013-06-17,105.80,2.811,3.78,2.929,3.083,2.834
2013-06-18,105.21,2.822,3.90,2.958,3.152,2.836
2013-06-19,105.56,2.806,3.93,2.935,3.268,2.830
2013-06-20,102.72,2.708,3.90,2.848,3.384,2.743
2013-06-21,100.36,2.697,3.85,2.823,3.027,2.735
2013-06-24,99.80,2.656,3.81,2.832,3.000,2.729
2013-06-25,101.51,2.657,3.77,2.823,2.926,2.730
2013-06-26,100.62,2.660,3.72,2.822,2.914,2.730
2013-06-27,102.74,2.651,3.73,2.848,2.811,2.758
2013-06-28,102.49,2.649,3.57,2.832,2.805,2.737
2013-07-01,103.19,2.668,3.52,2.849,2.833,2.754
2013-07-02,103.96,2.717,3.58,2.874,2.887,2.782
2013-07-03,106.12,2.776,3.54,2.918,2.963,2.833
2013-07-04,,,,,,
2013-07-05,107.46,2.825,3.52,2.963,3.045,2.879
2013-07-08,107.75,2.818,3.65,2.940,3.005,2.860
2013-07-09,107.90,2.875,3.69,2.950,3.087,2.880
2013-07-10,108.43,2.942,3.69,2.960,3.177,2.892
2013-07-11,108.18,2.977,3.64,2.958,3.172,2.888
2013-07-12,109.03,3.063,3.61,2.996,3.248,2.906
2013-07-15,109.05,3.034,3.67,2.995,3.227,2.908
2013-07-16,109.29,3.025,3.69,3.012,3.253,2.924
2013-07-17,109.67,2.996,3.67,3.048,3.229,2.955
2013-07-18,109.71,3.012,3.66,3.077,3.077,2.975
2013-07-19,109.34,3.007,3.78,3.056,3.077,2.953
2013-07-22,108.82,2.931,3.71,3.029,2.943,2.931
2013-07-23,109.27,2.925,3.68,3.035,2.950,2.938
2013-07-24,108.23,2.920,3.70,3.002,3.075,2.899
2013-07-25,108.10,2.929,3.68,2.983,2.989,2.878
2013-07-26,107.57,2.971,3.59,2.970,2.938,2.875
2013-07-29,108.10,2.953,3.49,2.979,2.983,2.917
2013-07-30,107.47,2.958,3.48,2.972,2.966,2.899
2013-07-31,107.89,2.996,3.46,3.025,2.918,2.950
2013-08-01,109.94,2.965,3.44,3.063,2.942,2.983
2013-08-02,109.63,2.943,3.39,3.030,2.921,2.970
2013-08-05,109.81,2.905,3.33,3.011,2.877,2.954
2013-08-06,108.77,2.871,3.35,2.975,2.778,2.917
2013-08-07,108.39,2.836,3.32,2.926,2.738,2.886
2013-08-08,107.32,2.840,3.27,2.915,2.769,2.890
2013-08-09,108.49,2.880,3.32,2.955,2.854,2.937
2013-08-12,109.28,2.874,3.34,2.988,2.791,2.965
2013-08-13,110.69,2.920,3.34,3.009,2.855,2.989
2013-08-14,110.26,2.954,3.36,3.017,2.871,2.982
2013-08-15,111.58,2.956,3.34,3.040,2.872,3.005
2013-08-16,111.82,2.934,3.35,3.064,2.851,3.024
2013-08-19,111.41,2.905,3.46,3.039,2.778,3.001
2013-08-20,110.74,2.915,3.48,3.053,2.760,3.015
2013-08-21,110.82,2.942,3.51,3.056,2.774,3.011
2013-08-22,110.51,2.973,3.52,3.052,2.785,3.010
2013-08-23,112.12,3.000,3.50,3.074,2.748,3.052
2013-08-26,112.23,2.955,3.55,3.067,2.703,3.041
2013-08-27,115.21,3.027,3.50,3.137,2.858,3.115
2013-08-28,116.27,3.073,3.54,3.168,2.883,3.131
2013-08-29,116.91,2.866,3.58,3.140,2.874,3.112
2013-08-30,115.97,2.992,3.57,3.110,2.875,3.080
2013-09-02,,,,,,
2013-09-03,115.49,2.945,3.64,3.116,2.910,3.076
2013-09-04,115.65,2.948,3.68,3.097,2.903,3.004
2013-09-05,115.81,2.920,3.70,3.101,2.915,3.018
2013-09-06,117.15,2.917,3.55,3.123,2.985,3.045
2013-09-09,115.20,2.855,3.62,3.071,2.983,2.994
2013-09-10,112.10,2.808,3.65,3.028,3.015,2.953
2013-09-11,112.37,2.789,3.60,3.047,3.089,2.942
2013-09-12,113.11,2.837,3.57,3.092,3.148,3.017
2013-09-13,113.31,2.831,3.60,3.086,3.247,3.001
2013-09-16,110.86,2.785,3.64,3.023,2.992,2.938
2013-09-17,109.05,2.723,3.77,2.950,2.823,2.870
2013-09-18,109.09,2.813,3.72,3.001,2.910,2.931
2013-09-19,110.66,2.785,3.73,2.969,2.810,2.907
2013-09-20,110.22,2.741,3.68,2.972,2.798,2.905
2013-09-23,108.56,2.675,3.66,2.913,2.746,2.846
2013-09-24,107.68,2.705,3.59,2.929,2.778,2.846
2013-09-25,109.46,2.712,3.52,2.931,2.786,2.849
2013-09-26,108.86,2.752,3.49,2.959,2.812,2.847
2013-09-27,109.45,2.715,3.51,2.944,2.776,2.856
2013-09-30,107.85,2.680,3.48,2.930,2.722,2.842
2013-10-01,107.32,2.649,3.56,2.906,2.707,2.773
2013-10-02,109.09,2.681,3.63,2.938,2.716,2.878
2013-10-03,109.49,2.679,3.58,2.942,2.729,2.890
2013-10-04,109.42,2.659,3.57,2.950,2.709,2.900
2013-10-07,109.66,2.683,3.62,2.958,2.748,2.899
2013-10-08,110.56,2.692,3.72,2.979,2.737,2.923
2013-10-09,109.02,2.676,3.70,2.962,2.716,2.893
2013-10-10,111.63,2.748,3.74,3.019,2.843,2.947
2013-10-11,110.65,2.731,3.74,2.980,2.822,2.915
2013-10-14,110.13,2.735,3.82,2.972,2.860,2.910
2013-10-15,110.67,2.712,3.83,2.955,2.828,2.892
2013-10-16,110.79,2.754,3.84,2.979,2.862,2.912
2013-10-17,109.55,2.688,3.75,2.929,2.803,2.859
2013-10-18,109.40,2.721,3.72,2.981,2.846,2.936
2013-10-21,109.47,2.711,3.77,2.960,2.844,2.917
2013-10-22,109.57,2.676,3.70,2.943,2.849,2.898
2013-10-23,107.74,2.610,3.66,2.862,2.753,2.821
2013-10-24,106.63,2.638,3.65,2.837,2.709,2.802
2013-10-25,105.70,2.651,3.69,2.848,2.661,2.820
2013-10-28,108.29,2.680,3.61,2.896,2.694,2.866
2013-10-29,108.04,2.655,3.57,2.901,2.649,2.891
2013-10-30,108.41,2.692,3.55,2.922,2.720,2.912
2013-10-31,107.53,2.640,3.57,2.899,2.697,2.892
2013-11-01,105.78,2.604,3.45,2.831,2.651,2.813
2013-11-04,104.85,2.587,3.38,2.814,2.647,2.779
2013-11-05,105.01,2.578,3.37,2.803,2.645,2.760
2013-11-06,105.46,2.604,3.46,2.790,2.659,2.760
2013-11-07,103.08,2.560,3.59,2.767,2.618,2.737
2013-11-08,104.29,2.609,3.54,2.802,2.648,2.727
2013-11-11,105.76,2.660,3.62,2.817,2.695,2.787
2013-11-12,106.29,2.653,3.69,2.784,2.680,2.746
2013-11-13,106.90,2.687,3.69,2.811,2.627,2.784
2013-11-14,108.29,2.748,3.52,2.845,2.675,2.815
2013-11-15,108.25,2.727,3.56,2.849,2.632,2.829
2013-11-18,108.80,2.705,3.71,2.826,2.583,2.808
2013-11-19,108.29,2.700,3.63,2.822,2.585,2.802
2013-11-20,108.27,2.694,3.63,2.867,2.594,2.842
2013-11-21,109.90,2.764,3.68,2.929,2.712,2.906
2013-11-22,111.36,2.761,3.78,2.961,2.708,2.939
2013-11-25,110.83,2.714,3.85,2.957,2.664,2.929
2013-11-26,112.04,2.710,3.87,2.966,2.675,2.948
2013-11-27,111.32,2.726,3.87,2.960,2.687,2.955
2013-11-28,,,,,,
2013-11-29,111.07,2.678,3.87,2.941,2.640,2.936
2013-12-02,111.49,2.698,3.85,2.961,2.655,2.956
2013-12-03,113.06,2.746,3.84,2.970,2.708,2.955
2013-12-04,113.27,2.725,3.89,2.968,2.690,2.955
2013-12-05,112.07,2.727,3.97,2.967,2.650,2.944
2013-12-06,111.50,2.740,4.15,2.971,2.722,2.948
2013-12-09,110.07,2.677,4.24,2.921,2.639,2.913
2013-12-10,108.91,2.698,4.24,2.935,2.661,2.927
2013-12-11,109.47,2.670,4.24,2.935,2.569,2.935
2013-12-12,108.99,2.643,4.40,2.893,2.543,2.893
2013-12-13,108.08,2.639,4.44,2.888,2.514,2.878
2013-12-16,110.30,2.650,4.21,2.906,2.527,2.889
2013-12-17,108.91,2.653,4.20,2.886,2.539,2.871
2013-12-18,109.56,2.704,4.25,2.910,2.603,2.927
2013-12-19,110.78,2.759,4.25,2.938,2.675,2.955
2013-12-20,112.15,2.805,4.35,2.983,2.720,3.000
2013-12-23,111.58,2.792,4.52,2.973,2.735,3.006
2013-12-24,111.57,2.831,4.52,2.995,2.838,3.023
2013-12-25,,,,,,
2013-12-26,111.65,2.836,4.40,3.012,2.838,3.034
2013-12-27,112.06,2.832,4.34,3.039,2.868,3.036
2013-12-30,110.47,2.813,4.41,2.975,2.849,3.000
2013-12-31,109.95,2.812,4.31,2.997,2.849,3.014
2014-01-01,,,,,,
2014-01-02,107.94,2.718,4.32,2.918,2.755,2.935
2014-01-03,106.57,2.671,4.39,2.875,2.708,2.892
2014-01-06,106.71,2.678,4.50,2.879,2.705,2.909
2014-01-07,107.01,2.704,4.58,2.907,2.704,2.920
2014-01-08,107.42,2.684,4.36,2.895,2.680,2.922
2014-01-09,107.49,2.667,4.15,2.868,2.523,2.886
2014-01-10,106.44,2.693,3.95,2.884,2.550,2.902
2014-01-13,108.02,2.643,4.19,2.925,2.499,2.887
2014-01-14,107.12,2.636,4.36,2.934,2.513,2.896
2014-01-15,108.09,2.639,4.45,2.908,2.516,2.933
2014-01-16,107.46,2.608,4.55,2.904,2.436,2.919
2014-01-17,108.45,2.652,4.39,2.934,2.512,2.924
2014-01-20,108.01,,,,,
2014-01-21,109.17,2.659,4.61,2.884,2.602,2.919
2014-01-22,109.69,2.706,4.92,2.896,2.646,2.906
2014-01-23,109.69,2.690,5.64,2.961,2.622,3.001
2014-01-24,109.14,2.694,5.17,2.950,2.625,2.940
2014-01-27,108.72,2.665,5.66,2.904,2.600,2.916
2014-01-28,109.10,2.661,5.25,2.927,2.748,2.935
2014-01-29,108.83,2.685,5.23,2.953,2.732,2.960
2014-01-30,109.36,2.705,5.27,2.955,2.745,2.955
2014-01-31,108.16,2.663,5.04,2.917,2.758,2.882
2014-02-03,106.55,2.643,5.04,2.908,2.734,2.885
2014-02-04,107.04,2.641,5.78,2.894,2.736,2.856
2014-02-05,106.81,2.669,8.12,2.892,2.772,2.854
2014-02-06,108.15,2.718,6.90,2.906,2.831,2.869
2014-02-07,110.12,2.784,5.92,2.975,2.904,2.942
2014-02-10,110.18,2.753,8.15,2.926,2.880,2.911
2014-02-11,109.21,2.790,7.75,2.975,2.911,2.958
2014-02-12,108.62,2.796,5.96,2.950,2.901,2.963
2014-02-13,108.98,2.812,5.34,2.982,2.927,3.007
2014-02-14,108.63,2.838,5.54,3.017,2.778,3.042
2014-02-17,,,,,,
2014-02-18,110.14,2.881,5.80,3.019,2.874,3.074
2014-02-19,110.37,2.864,6.00,3.062,2.856,3.087
2014-02-20,109.42,2.903,5.96,3.079,2.840,3.074
2014-02-21,109.03,2.870,6.24,2.965,2.810,2.952
2014-02-24,109.76,2.873,6.08,2.954,2.960,2.999
2014-02-25,109.19,2.832,5.21,3.025,2.935,2.985
2014-02-26,109.39,2.829,4.81,2.986,2.967,2.996
2014-02-27,108.54,2.794,4.61,2.962,2.936,2.924
2014-02-28,108.98,2.825,4.80,3.006,2.953,2.955
2014-03-03,111.26,2.864,7.09,3.062,2.983,3.040
2014-03-04,109.17,2.816,7.98,3.018,2.936,2.993
2014-03-05,108.15,2.772,6.46,2.973,2.877,2.968
2014-03-06,107.99,2.788,4.89,2.984,2.873,2.979
2014-03-07,109.14,2.804,4.78,2.979,2.894,2.979
2014-03-10,108.27,2.792,4.67,2.926,2.864,2.939
2014-03-11,108.35,2.803,4.67,2.920,2.879,2.912
2014-03-12,107.88,2.796,4.72,2.883,2.901,2.873
2014-03-13,107.48,2.773,4.41,2.883,2.878,2.868
2014-03-14,108.08,2.790,4.40,2.899,2.885,2.882
2014-03-17,106.99,2.712,4.57,2.851,2.817,2.833
2014-03-18,106.79,2.729,4.42,2.869,2.834,2.841
2014-03-19,105.95,2.706,4.43,2.862,2.816,2.817
2014-03-20,105.73,2.717,4.39,2.879,2.887,2.834
2014-03-21,107.20,2.748,4.33,2.889,2.913,2.837
2014-03-24,106.59,2.709,4.42,2.875,2.885,2.825
2014-03-25,107.01,2.671,4.53,2.882,2.919,2.839
2014-03-26,105.90,2.693,4.44,2.879,2.937,2.834
2014-03-27,106.58,2.721,4.39,2.915,2.946,2.867
2014-03-28,106.64,2.701,4.50,2.921,2.927,2.878
2014-03-31,105.95,2.719,4.48,2.903,2.916,2.861
2014-04-01,105.70,2.665,4.39,2.856,2.888,2.809
2014-04-02,103.37,2.676,4.39,2.839,2.896,2.801
2014-04-03,104.88,2.729,4.51,2.882,3.072,2.845
2014-04-04,106.41,2.756,4.49,2.885,3.094,2.847
2014-04-07,104.89,2.758,4.58,2.869,3.150,2.826
2014-04-08,105.83,2.891,4.57,2.904,3.154,2.859
2014-04-09,107.39,2.917,4.67,2.928,3.132,2.890
2014-04-10,107.10,2.931,4.67,2.911,3.257,2.878
2014-04-11,107.34,2.934,4.67,2.902,3.304,2.860
2014-04-14,107.68,2.965,4.64,2.952,3.345,2.904
2014-04-15,109.10,2.976,4.69,2.964,3.356,2.919
2014-04-16,109.71,2.963,4.64,2.989,3.113,2.949
2014-04-17,109.79,2.982,4.64,2.996,3.122,2.951
2014-04-18,,,,,,
2014-04-21,109.69,3.014,4.76,3.009,3.192,2.949
2014-04-22,108.54,3.015,4.76,2.994,3.195,2.952
2014-04-23,108.48,3.023,4.81,2.969,3.257,2.926
2014-04-24,109.79,2.988,4.81,2.990,3.241,2.941
2014-04-25,109.53,2.966,4.83,2.959,3.276,2.909
2014-04-28,109.12,2.894,4.72,2.928,3.249,2.878
2014-04-29,109.89,2.914,4.78,2.941,3.154,2.893
2014-04-30,108.63,2.868,4.79,2.910,3.110,2.860
2014-05-01,108.63,2.846,4.79,2.897,3.079,2.854
2014-05-02,109.48,2.892,4.73,2.902,3.032,2.862
2014-05-05,109.48,2.842,4.73,2.885,2.995,2.843
2014-05-06,108.30,2.814,4.80,2.871,2.951,2.821
2014-05-07,108.17,2.857,4.82,2.908,2.935,2.858
2014-05-08,108.19,2.827,4.77,2.899,2.905,2.849
2014-05-09,108.26,2.820,4.59,2.887,2.880,2.847
2014-05-12,108.37,2.839,4.52,2.898,2.928,2.860
2014-05-13,108.78,2.843,4.47,2.923,2.990,2.893
2014-05-14,109.87,2.883,4.47,2.929,3.036,2.909
2014-05-15,109.74,2.870,4.42,2.921,3.055,2.896
2014-05-16,110.90,2.884,4.42,2.924,3.089,2.889
2014-05-19,110.84,2.870,4.54,2.909,3.082,2.876
2014-05-20,110.35,2.874,4.53,2.914,3.031,2.884
2014-05-21,111.32,2.900,4.57,2.920,3.075,2.885
2014-05-22,110.89,2.919,4.57,2.919,3.093,2.889
2014-05-23,110.19,2.919,4.40,2.926,3.104,2.896
2014-05-26,110.01,,,,,
2014-05-27,109.81,2.839,4.40,2.913,3.079,2.880
2014-05-28,109.09,2.858,4.56,2.898,3.145,2.868
2014-05-29,109.98,2.862,4.63,2.891,3.172,2.849
2014-05-30,109.21,2.852,4.49,2.859,3.102,2.817
2014-06-02,109.34,2.829,4.49,2.845,3.109,2.805
2014-06-03,108.87,2.821,4.62,2.833,3.081,2.793
2014-06-04,109.07,2.811,4.62,2.819,3.066,2.779
2014-06-05,108.43,2.826,4.66,2.847,3.038,2.812
2014-06-06,109.21,2.810,4.66,2.842,3.010,2.807
2014-06-09,110.55,2.844,4.67,2.853,3.049,2.818
2014-06-10,109.18,2.845,4.67,2.848,2.995,2.800
2014-06-11,109.83,2.867,4.51,2.853,3.007,2.816
2014-06-12,112.18,2.943,4.51,2.945,3.078,2.905
2014-06-13,113.15,2.909,4.70,2.938,3.094,2.905
2014-06-16,113.42,2.927,4.71,2.947,3.110,2.915
2014-06-17,114.02,2.939,4.68,2.956,3.137,2.934
2014-06-18,114.25,2.950,4.68,2.986,3.123,2.949
2014-06-19,115.19,2.969,4.67,3.006,3.146,2.964
2014-06-20,114.55,2.975,4.53,3.010,3.108,2.968
2014-06-23,113.62,2.939,4.53,2.986,3.184,2.954
2014-06-24,113.74,2.954,4.49,2.995,3.224,2.962
2014-06-25,112.84,2.928,4.58,3.005,3.198,2.950
2014-06-26,112.61,2.913,4.58,2.969,3.251,2.939
2014-06-27,112.62,2.925,4.39,2.947,3.222,2.897
2014-06-30,111.03,2.888,4.39,2.917,3.203,2.874
2014-07-01,110.84,2.888,4.47,2.913,3.153,2.858
2014-07-02,110.18,2.875,4.47,2.883,3.133,2.830
2014-07-03,108.98,2.896,4.31,2.875,3.114,2.817
2014-07-04,,,,,,
2014-07-07,108.70,2.857,4.31,2.854,3.069,2.797
2014-07-08,107.65,2.854,4.18,2.827,2.946,2.775
2014-07-09,106.84,2.806,4.17,2.824,2.911,2.779
2014-07-10,106.20,2.836,4.15,2.857,2.919,2.817
2014-07-11,105.77,2.790,4.13,2.823,2.895,2.800
2014-07-14,104.73,2.817,4.13,2.829,2.914,2.809
2014-07-15,104.73,2.783,4.13,2.804,2.850,2.784
2014-07-16,105.41,2.778,4.16,2.813,2.788,2.793
2014-07-17,106.04,2.777,4.04,2.820,2.837,2.798
2014-07-18,106.03,2.777,4.08,2.810,2.912,2.785
2014-07-21,105.71,2.805,3.87,2.821,2.820,2.801
2014-07-22,106.48,2.790,3.81,2.814,2.842,2.809
2014-07-23,106.85,2.778,3.83,2.840,2.841,2.835
2014-07-24,105.78,2.755,3.83,2.834,2.820,2.834
2014-07-25,106.89,2.781,3.86,2.879,2.844,2.864
2014-07-28,106.70,2.758,3.84,2.848,2.825,2.838
2014-07-29,106.98,2.773,3.79,2.869,2.883,2.859
2014-07-30,106.47,2.737,3.78,2.845,2.838,2.848
2014-07-31,104.94,2.736,3.78,2.851,2.815,2.846
2014-08-01,103.45,2.673,3.77,2.826,2.745,2.821
2014-08-04,103.63,2.660,3.87,2.833,2.718,2.828
2014-08-05,102.82,2.654,3.87,2.812,2.722,2.807
2014-08-06,104.17,2.698,3.92,2.845,2.780,2.837
2014-08-07,104.02,2.729,3.99,2.876,2.831,2.868
2014-08-08,103.36,2.698,3.94,2.846,2.783,2.851
2014-08-11,103.47,2.708,4.00,2.853,2.790,2.861
2014-08-12,101.68,2.691,3.94,2.815,2.871,2.825
2014-08-13,102.27,2.707,3.90,2.868,2.887,2.878
2014-08-14,101.15,2.645,3.85,2.793,2.848,2.805
2014-08-15,101.13,2.678,3.80,2.803,2.780,2.831
2014-08-18,99.37,2.645,3.78,2.775,2.760,2.800
2014-08-19,99.74,2.687,3.84,2.784,2.794,2.809
2014-08-20,99.92,2.706,3.88,2.794,2.791,2.815
2014-08-21,100.28,2.752,3.88,2.810,2.828,2.828
2014-08-22,100.09,2.732,3.88,2.806,2.812,2.823
2014-08-25,100.49,2.742,3.94,2.811,2.836,2.834
2014-08-26,100.50,2.762,3.99,2.817,2.841,2.864
2014-08-27,100.40,2.730,4.02,2.834,2.836,2.881
2014-08-28,100.71,2.745,4.06,2.816,2.851,2.881
2014-08-29,101.12,2.772,4.04,2.825,2.867,2.870
2014-09-01,,,,,,
2014-09-02,100.21,2.698,4.01,2.774,2.838,2.816
2014-09-03,100.88,2.761,3.94,2.827,2.892,2.882
2014-09-04,101.21,2.772,3.91,2.805,2.875,2.855
2014-09-05,99.51,2.760,3.86,2.787,2.860,2.812
2014-09-08,99.53,2.726,3.86,2.777,2.759,2.802
2014-09-09,98.08,2.721,3.93,2.753,2.686,2.770
2014-09-10,96.26,2.706,3.98,2.721,2.633,2.751
2014-09-11,96.42,2.666,3.94,2.717,2.636,2.747
2014-09-12,96.31,2.636,3.82,2.701,2.618,2.731
2014-09-15,96.43,2.653,3.92,2.699,2.648,2.729
2014-09-16,97.39,2.668,3.85,2.714,2.670,2.719
2014-09-17,97.70,2.684,3.97,2.701,2.644,2.706
2014-09-18,96.82,2.675,3.99,2.672,2.643,2.680
2014-09-19,96.75,2.707,3.99,2.677,2.676,2.694
2014-09-22,95.37,2.693,3.88,2.649,2.719,2.664
2014-09-23,94.87,2.747,3.90,2.642,2.756,2.664
2014-09-24,94.53,2.795,3.84,2.656,2.693,2.656
2014-09-25,95.20,2.809,3.89,2.660,2.709,2.661
2014-09-26,95.08,2.767,3.89,2.668,2.687,2.674
2014-09-29,95.70,2.804,3.89,2.670,2.708,2.675
2014-09-30,94.67,2.692,4.14,2.622,2.756,2.627
2014-10-01,94.57,2.605,4.14,2.631,2.780,2.636
2014-10-02,91.29,2.642,4.00,2.647,2.759,2.622
2014-10-03,90.80,2.593,3.94,2.593,2.715,2.570
2014-10-06,90.65,2.614,3.89,2.598,2.699,2.583
2014-10-07,90.90,2.560,3.88,2.575,2.558,2.539
2014-10-08,90.25,2.471,3.88,2.553,2.436,2.505
2014-10-09,90.47,2.396,3.87,2.492,2.351,2.449
2014-10-10,88.66,2.376,3.86,2.532,2.353,2.519
2014-10-13,87.82,2.365,3.87,2.513,2.367,2.486
2014-10-14,86.36,2.313,3.91,2.454,2.268,2.420
2014-10-15,84.02,2.285,3.81,2.440,2.225,2.402
2014-10-16,84.02,2.337,3.80,2.448,2.244,2.400
2014-10-17,85.27,2.358,3.73,2.479,2.268,2.432
2014-10-20,84.42,2.374,3.69,2.468,2.229,2.413
2014-10-21,85.17,2.402,3.62,2.507,2.240,2.432
2014-10-22,86.38,2.297,3.69,2.431,2.054,2.378
2014-10-23,85.94,2.335,3.60,2.446,2.230,2.406
2014-10-24,86.00,2.324,3.53,2.425,2.207,2.380
2014-10-27,85.64,2.287,3.56,2.411,2.137,2.366
2014-10-28,85.57,2.304,3.53,2.435,2.130,2.390
2014-10-29,86.91,2.341,3.60,2.470,2.217,2.430
2014-10-30,85.50,2.300,3.76,2.477,2.168,2.409
2014-10-31,84.17,2.280,3.82,2.482,2.145,2.424
2014-11-03,84.90,2.218,3.82,2.454,2.083,2.417
2014-11-04,82.12,2.178,3.67,2.413,2.062,2.378
2014-11-05,82.88,2.204,3.83,2.395,2.073,2.385
2014-11-06,82.08,2.233,3.92,2.416,2.138,2.381
2014-11-07,83.20,2.232,3.92,2.446,2.137,2.416
2014-11-10,82.90,2.214,4.18,2.408,2.096,2.361
2014-11-11,80.94,2.216,4.18,2.405,2.101,2.357
2014-11-12,80.42,2.203,4.20,2.359,2.168,2.314
2014-11-13,77.74,2.116,4.20,2.277,2.029,2.245
2014-11-14,77.51,2.167,4.05,2.334,2.017,2.297
2014-11-17,76.86,2.143,4.26,2.293,1.960,2.268
2014-11-18,77.23,2.150,4.33,2.263,1.950,2.245
2014-11-19,77.21,2.148,4.41,2.244,1.948,2.244
2014-11-20,77.61,2.144,4.41,2.252,1.989,2.275
2014-11-21,79.20,2.172,4.32,2.277,2.012,2.299
2014-11-24,79.62,2.143,4.09,2.265,1.983,2.288
2014-11-25,77.62,2.138,4.09,2.223,1.978,2.256
2014-11-26,77.39,2.125,4.15,2.206,1.965,2.196
2014-11-27,,,,,,
2014-11-28,71.89,2.002,4.30,2.036,1.778,2.026
2014-12-01,70.87,2.005,4.30,2.097,1.845,2.087
2014-12-02,71.13,1.901,3.77,2.015,1.748,2.027
2014-12-03,70.13,1.895,3.63,1.985,1.732,2.005
2014-12-04,68.48,1.869,3.63,1.957,1.719,2.024
2014-12-05,68.00,1.840,3.42,1.941,1.720,2.009
2014-12-08,65.64,1.766,3.42,1.902,1.669,1.942
2014-12-09,66.11,1.777,3.63,1.911,1.647,1.936
2014-12-10,63.32,1.705,3.65,1.877,1.545,1.845
2014-12-11,63.65,1.674,3.68,1.824,1.516,1.842
2014-12-12,61.67,1.641,3.91,1.780,1.449,1.797
2014-12-15,61.09,1.618,3.72,1.687,1.383,1.762
2014-12-16,60.26,1.581,3.58,1.680,1.361,1.765
2014-12-17,59.84,1.606,3.72,1.714,1.368,1.799
2014-12-18,58.81,1.589,3.71,1.689,1.381,1.752
2014-12-19,58.87,1.640,3.71,1.719,1.430,1.729
2014-12-22,58.31,1.582,3.05,1.658,1.332,1.663
2014-12-23,59.07,1.631,2.99,1.699,1.504,1.604
2014-12-24,58.67,1.575,2.99,1.654,1.397,1.634
2014-12-25,,,,,,
2014-12-26,58.72,1.571,2.74,1.645,1.388,1.635
2014-12-29,57.86,1.522,3.07,1.600,1.334,1.547
2014-12-30,55.60,1.516,3.14,1.581,1.337,1.556
2014-12-31,55.27,1.525,3.14,1.644,1.375,1.666
2015-01-01,,,,,,
2015-01-02,55.38,1.492,3.01,1.589,1.357,1.559
2015-01-05,51.08,1.434,3.22,1.538,1.294,1.508
2015-01-06,50.12,1.389,2.98,1.535,1.279,1.545
2015-01-07,49.06,1.352,3.08,1.549,1.269,1.526
2015-01-08,49.43,1.370,2.92,1.559,1.238,1.536
2015-01-09,47.64,1.336,2.96,1.536,1.239,1.543
2015-01-12,46.90,1.283,2.90,1.485,1.168,1.422
2015-01-13,45.13,1.284,2.92,1.444,1.179,1.404
2015-01-14,45.82,1.361,3.15,1.473,1.166,1.475
2015-01-15,47.66,1.317,3.32,1.486,1.115,1.451
2015-01-16,47.38,1.382,3.11,1.532,1.200,1.507
2015-01-19,,,,,,
2015-01-20,46.49,1.336,2.94,1.503,1.201,1.478
2015-01-21,46.50,1.345,2.94,1.514,1.208,1.474
2015-01-22,46.09,1.353,2.95,1.519,1.341,1.486
2015-01-23,46.69,1.367,2.96,1.558,1.355,1.503
2015-01-26,46.07,1.321,2.92,1.552,1.479,1.497
2015-01-27,46.55,1.355,2.96,1.559,1.395,1.504
2015-01-28,47.07,1.368,2.89,1.535,1.427,1.480
2015-01-29,46.61,1.378,2.88,1.529,1.532,1.474
2015-01-30,47.52,1.462,2.88,1.628,1.586,1.539
2015-02-02,51.74,1.540,2.88,1.697,1.667,1.647
2015-02-03,54.41,1.575,2.67,1.764,1.750,1.709
2015-02-04,55.07,1.483,2.73,1.708,1.663,1.653
2015-02-05,55.98,1.516,2.66,1.740,1.659,1.675
2015-02-06,55.88,1.543,2.66,1.782,1.717,1.714
2015-02-09,57.00,1.562,2.62,1.814,1.777,1.754
2015-02-10,55.79,1.557,2.67,1.790,1.847,1.712
2015-02-11,53.48,1.544,2.86,1.768,1.814,1.703
2015-02-12,56.23,1.593,2.86,1.860,1.810,1.800
2015-02-13,60.33,1.617,2.75,1.895,1.837,1.855
2015-02-16,61.57,,,,,
2015-02-17,60.78,1.574,2.75,1.875,1.799,1.788
2015-02-18,60.72,1.568,2.92,1.857,1.895,1.787
2015-02-19,58.78,1.623,2.92,1.861,2.053,1.754
2015-02-20,60.99,1.651,3.02,1.951,2.021,1.891
2015-02-23,59.78,1.656,3.22,1.914,2.028,1.844
2015-02-24,60.33,1.623,3.22,1.633,2.171,1.744
2015-02-25,59.77,1.751,3.21,1.914,2.379,1.824
2015-02-26,61.39,1.739,3.21,1.971,2.557,1.889
2015-02-27,61.89,1.820,2.79,1.861,2.445,1.815
2015-03-02,60.75,1.742,2.79,1.829,2.387,1.726
2015-03-03,61.18,1.763,3.00,1.870,2.418,1.794
2015-03-04,59.18,1.730,3.27,1.816,2.305,1.746
2015-03-05,60.33,1.703,3.27,1.829,2.218,1.747
2015-03-06,59.15,1.691,2.89,1.813,2.176,1.743
2015-03-09,58.67,1.686,2.75,1.772,2.153,1.699
2015-03-10,55.95,1.634,2.76,1.755,2.091,1.675
2015-03-11,56.46,1.642,2.76,1.760,2.072,1.660
2015-03-12,56.66,1.618,2.82,1.711,2.048,1.626
2015-03-13,54.80,1.563,2.72,1.641,1.875,1.561
2015-03-16,52.00,1.540,2.68,1.636,1.762,1.554
2015-03-17,52.17,1.541,2.82,1.628,1.813,1.536
2015-03-18,52.59,1.616,2.80,1.709,1.891,1.629
2015-03-19,52.96,1.569,2.86,1.643,1.864,1.563
2015-03-20,53.88,1.609,2.86,1.646,1.881,1.566
2015-03-23,53.82,1.629,2.72,1.646,1.899,1.566
2015-03-24,53.61,1.639,2.79,1.631,1.896,1.539
2015-03-25,54.18,1.661,2.77,1.644,1.906,1.554
2015-03-26,57.02,1.708,2.77,1.713,1.987,1.623
2015-03-27,56.44,1.634,2.89,1.658,1.905,1.563
2015-03-30,53.99,1.640,2.64,1.669,1.936,1.591
2015-03-31,53.69,1.615,2.65,1.625,1.885,1.567
2015-04-01,55.73,1.666,2.62,1.656,1.974,1.598
2015-04-02,55.73,1.610,2.63,1.619,1.928,1.544
2015-04-03,,,,,,
2015-04-06,55.73,1.755,2.63,1.682,1.958,1.614
2015-04-07,57.55,1.775,2.71,1.699,1.934,1.639
2015-04-08,56.42,1.660,2.71,1.631,1.825,1.568
2015-04-09,56.04,1.670,2.72,1.665,1.810,1.603
2015-04-10,56.82,1.721,2.58,1.709,1.906,1.639
2015-04-13,57.14,1.715,2.58,1.725,1.930,1.655
2015-04-14,57.69,1.717,2.58,1.746,1.962,1.679
2015-04-15,59.32,1.807,2.62,1.817,2.080,1.747
2015-04-16,60.13,1.825,2.61,1.844,2.153,1.777
2015-04-17,61.31,1.822,2.67,1.833,2.132,1.760
2015-04-20,61.20,1.818,2.57,1.818,2.168,1.741
2015-04-21,60.12,1.787,2.59,1.791,2.152,1.719
2015-04-22,60.12,1.817,2.63,1.810,2.262,1.739
2015-04-23,62.66,1.906,2.59,1.859,2.336,1.779
2015-04-24,62.96,1.909,2.59,1.864,2.458,1.777
2015-04-27,62.86,1.906,2.50,1.859,2.457,1.764
2015-04-28,62.61,1.907,2.55,1.861,2.475,1.774
2015-04-29,63.97,1.909,2.55,1.881,2.547,1.796
2015-04-30,63.90,1.951,2.56,1.920,2.791,1.835
2015-05-01,64.13,1.947,2.68,1.933,2.639,1.860
2015-05-04,64.62,1.939,2.72,1.937,2.534,1.867
2015-05-05,65.44,1.968,2.76,1.977,2.423,1.907
2015-05-06,66.22,1.930,2.76,1.974,2.390,1.904
2015-05-07,64.93,1.889,2.74,1.923,2.514,1.865
2015-05-08,63.82,1.887,2.78,1.917,2.432,1.860
2015-05-11,62.82,1.880,2.85,1.902,2.495,1.855
2015-05-12,65.09,1.921,2.85,1.948,2.706,1.883
2015-05-13,66.33,1.943,2.85,1.951,2.706,1.889
2015-05-14,65.58,1.971,2.87,1.958,2.734,1.896
2015-05-15,64.69,1.970,2.96,1.959,2.640,1.889
2015-05-18,65.15,1.959,3.01,1.946,2.639,1.871
2015-05-19,63.48,1.916,3.01,1.887,2.426,1.799
2015-05-20,63.52,1.944,3.04,1.891,2.304,1.805
2015-05-21,64.70,1.998,2.96,1.935,2.393,1.860
2015-05-22,64.70,1.981,2.96,1.906,2.356,1.846
2015-05-25,,,,,,
2015-05-26,61.65,1.918,2.82,1.854,2.318,1.794
2015-05-27,61.35,1.870,2.82,1.814,2.236,1.732
2015-05-28,60.12,1.920,2.78,1.828,2.299,1.766
2015-05-29,63.16,2.011,2.78,1.902,2.248,1.842
2015-06-01,62.87,1.988,2.78,1.880,2.233,1.815
2015-06-02,63.14,2.015,2.63,1.891,2.198,1.820
2015-06-03,62.78,1.986,2.65,1.834,2.181,1.764
2015-06-04,60.34,1.924,2.60,1.786,2.094,1.716
2015-06-05,60.36,1.964,2.60,1.794,2.164,1.711
2015-06-08,61.33,1.952,2.60,1.742,2.122,1.692
2015-06-09,63.23,2.019,2.72,1.827,2.099,1.757
2015-06-10,64.68,2.092,2.81,1.851,2.187,1.776
2015-06-11,63.76,2.072,2.88,1.832,2.167,1.767
2015-06-12,63.19,2.070,2.88,1.803,2.195,1.740
2015-06-15,60.99,2.043,2.89,1.781,2.168,1.719
2015-06-16,60.75,2.098,2.94,1.789,2.215,1.729
2015-06-17,60.75,2.062,2.93,1.798,2.170,1.750
2015-06-18,61.37,2.041,2.93,1.825,2.186,1.765
2015-06-19,59.41,2.003,2.81,1.770,2.188,1.698
2015-06-22,60.54,1.985,2.79,1.749,2.155,1.669
2015-06-23,61.67,2.012,2.83,1.796,2.226,1.716
2015-06-24,61.63,1.975,2.83,1.793,2.202,1.708
2015-06-25,60.24,1.951,2.80,1.775,2.222,1.690
2015-06-26,60.14,1.960,2.77,1.771,2.241,1.706
2015-06-29,59.03,1.930,2.77,1.743,2.223,1.678
2015-06-30,60.31,1.971,2.80,1.804,2.289,1.727
2015-07-01,61.65,1.951,2.78,1.763,2.308,1.685
2015-07-02,61.73,1.969,2.79,1.770,2.367,1.695
2015-07-03,59.06,,2.79,,,
2015-07-06,57.19,1.885,2.79,1.663,2.270,1.581
2015-07-07,54.72,1.910,2.77,1.664,2.265,1.584
2015-07-08,55.70,1.957,2.77,1.654,2.402,1.566
2015-07-09,57.83,2.016,2.70,1.677,2.838,1.577
2015-07-10,57.72,1.994,2.70,1.675,3.401,1.568
2015-07-13,57.63,1.883,2.88,1.648,2.943,1.566
2015-07-14,57.20,1.873,2.88,1.642,2.933,1.575
2015-07-15,57.34,1.808,2.93,1.608,2.888,1.525
2015-07-16,57.31,1.843,2.90,1.602,2.943,1.515
2015-07-17,56.38,1.876,2.88,1.594,2.976,1.507
2015-07-20,56.42,1.880,2.88,1.591,2.972,1.499
2015-07-21,55.94,1.867,2.84,1.618,2.814,1.543
2015-07-22,56.36,1.803,2.84,1.605,2.610,1.530
2015-07-23,55.76,1.799,2.92,1.603,2.574,1.533
2015-07-24,54.29,1.768,2.92,1.573,2.608,1.511
2015-07-27,54.07,1.744,2.92,1.519,2.801,1.464
2015-07-28,54.30,1.742,2.89,1.538,2.789,1.485
2015-07-29,54.73,1.778,2.91,1.531,2.572,1.486
2015-07-30,54.29,1.766,2.87,1.528,2.427,1.475
2015-07-31,53.29,1.705,2.76,1.513,2.185,1.455
2015-08-03,49.49,1.751,2.76,1.468,2.173,1.405
2015-08-04,49.08,1.764,2.83,1.493,2.037,1.431
2015-08-05,49.04,1.674,2.85,1.480,2.012,1.417
2015-08-06,47.80,1.655,2.76,1.491,1.872,1.428
2015-08-07,47.54,1.631,2.76,1.472,2.008,1.412
2015-08-10,48.30,1.705,2.85,1.516,2.113,1.456
2015-08-11,47.33,1.713,2.84,1.500,2.685,1.433
2015-08-12,48.29,1.772,2.93,1.529,2.760,1.456
2015-08-13,48.01,1.729,2.93,1.514,2.589,1.437
2015-08-14,47.79,1.699,2.83,1.490,2.134,1.415
2015-08-17,47.77,1.669,2.79,1.491,2.021,1.416
2015-08-18,47.00,1.644,2.71,1.482,2.107,1.390
2015-08-19,45.75,1.560,2.77,1.443,2.100,1.350
2015-08-20,45.63,1.537,2.77,1.410,1.842,1.352
2015-08-21,43.84,1.556,2.70,1.402,1.861,1.322
2015-08-24,41.59,1.485,2.65,1.333,1.818,1.256
2015-08-25,41.86,1.456,2.71,1.323,1.758,1.243
2015-08-26,41.76,1.386,2.73,1.327,1.893,1.247
2015-08-27,44.46,1.464,2.69,1.443,1.978,1.358
2015-08-28,47.97,1.524,2.69,1.517,1.884,1.443
2015-08-31,,1.651,2.70,1.595,1.937,1.502
2015-09-01,48.80,1.393,2.70,1.495,1.861,1.402
2015-09-02,47.67,1.555,2.70,1.531,1.960,1.453
2015-09-03,50.41,1.561,2.67,1.527,1.934,1.465
2015-09-04,48.59,1.530,2.67,1.505,1.910,1.430
2015-09-07,46.42,,2.67,,,
2015-09-08,48.88,1.507,2.74,1.499,1.847,1.426
2015-09-09,48.04,1.474,2.74,1.458,1.734,1.383
2015-09-10,47.77,1.482,2.71,1.472,1.722,1.417
2015-09-11,46.87,1.456,2.67,1.452,1.608,1.395
2015-09-14,45.87,1.387,2.70,1.411,1.504,1.355
2015-09-15,45.91,1.420,2.74,1.398,1.598,1.338
2015-09-16,49.35,1.463,2.69,1.435,1.633,1.392
2015-09-17,48.27,1.461,2.69,1.420,1.634,1.377
2015-09-18,47.28,1.423,2.69,1.382,1.653,1.317
2015-09-21,47.64,1.454,2.61,1.380,1.639,1.353
2015-09-22,46.69,1.469,2.61,1.404,1.584,1.377
2015-09-23,48.00,1.441,2.62,1.394,1.700,1.366
2015-09-24,47.06,1.423,2.62,1.437,1.646,1.415
2015-09-25,47.28,1.445,2.60,1.423,1.674,1.408
2015-09-28,46.04,1.400,2.66,1.388,1.654,1.367
2015-09-29,47.58,1.415,2.57,1.410,1.651,1.393
2015-09-30,47.29,1.439,2.47,1.445,1.666,1.422
2015-10-01,47.48,1.422,2.37,1.440,1.679,1.403
2015-10-02,46.55,1.417,2.37,1.440,1.674,1.407
2015-10-05,49.45,1.459,2.34,1.474,1.739,1.437
2015-10-06,51.34,1.505,2.35,1.531,1.780,1.496
2015-10-07,51.66,1.465,2.35,1.494,1.742,1.449
2015-10-08,52.13,1.477,2.35,1.510,1.714,1.474
2015-10-09,52.08,1.477,2.49,1.485,1.714,1.445
2015-10-12,50.95,1.413,2.48,1.412,1.623,1.372
2015-10-13,48.94,1.371,2.47,1.379,1.621,1.340
2015-10-14,48.25,1.366,2.47,1.381,1.621,1.341
2015-10-15,47.87,1.375,2.54,1.406,1.658,1.358
2015-10-16,48.96,1.387,2.42,1.411,1.680,1.358
2015-10-19,47.51,1.320,2.43,1.365,1.583,1.340
2015-10-20,46.93,1.318,2.46,1.366,1.618,1.333
2015-10-21,46.72,1.327,2.37,1.366,1.637,1.346
2015-10-22,46.59,1.367,2.37,1.398,1.704,1.390
2015-10-23,46.30,1.354,2.28,1.381,1.626,1.389
2015-10-26,46.57,1.342,2.18,1.348,1.601,1.353
2015-10-27,45.54,1.337,2.14,1.345,1.620,1.345
2015-10-28,47.60,1.391,2.14,1.417,1.658,1.407
2015-10-29,48.04,1.392,2.15,1.409,1.690,1.386
2015-10-30,48.00,1.444,1.98,1.436,1.741,1.431
2015-11-02,47.91,1.423,1.92,1.427,1.756,1.412
2015-11-03,48.00,1.490,1.92,1.487,1.820,1.460
2015-11-04,46.96,1.462,2.04,1.482,1.765,1.427
2015-11-05,47.19,1.433,2.04,1.430,1.736,1.407
2015-11-06,46.09,1.434,2.19,1.434,1.682,1.422
2015-11-09,45.38,1.430,2.19,1.421,1.678,1.403
2015-11-10,46.44,1.422,2.14,1.427,1.674,1.382
2015-11-11,44.98,1.383,2.13,1.395,1.628,1.342
2015-11-12,44.98,1.332,2.05,1.341,1.490,1.306
2015-11-13,41.98,1.295,2.02,1.312,1.365,1.279
2015-11-16,40.28,1.303,2.02,1.298,1.370,1.283
2015-11-17,41.28,1.288,2.05,1.277,1.331,1.267
2015-11-18,41.45,1.323,2.10,1.282,1.283,1.282
2015-11-19,42.22,1.337,2.10,1.276,1.369,1.273
2015-11-20,42.49,1.330,2.18,1.273,1.312,1.251
2015-11-23,43.70,1.361,2.18,1.294,1.321,1.264
2015-11-24,44.38,1.389,2.14,1.319,1.449,1.289
2015-11-25,43.56,1.373,2.14,1.328,1.418,1.303
2015-11-26,43.55,,2.14,,,
2015-11-27,43.07,1.360,2.14,1.283,1.405,1.258
2015-11-30,43.73,1.377,2.11,1.262,1.377,1.237
2015-12-01,42.97,1.427,2.11,1.264,1.584,1.244
2015-12-02,41.92,1.368,2.19,1.200,1.553,1.190
2015-12-03,42.00,1.338,2.14,1.246,1.537,1.236
2015-12-04,41.44,1.316,2.10,1.234,1.513,1.221
2015-12-07,39.69,1.228,2.06,1.168,1.425,1.200
2015-12-08,39.44,1.212,2.01,1.154,1.372,1.179
2015-12-09,39.04,1.246,2.00,1.153,1.346,1.161
2015-12-10,38.65,1.283,1.95,1.123,1.433,1.131
2015-12-11,36.99,1.279,1.79,1.032,1.441,1.035
2015-12-14,36.51,1.247,1.70,0.981,1.410,0.996
2015-12-15,37.66,1.249,1.66,0.998,1.474,1.016
2015-12-16,36.96,1.259,1.70,0.990,1.515,0.997
2015-12-17,36.29,1.282,1.79,0.997,1.607,1.002
2015-12-18,36.76,1.287,1.74,1.000,1.722,1.023
2015-12-21,35.34,1.208,1.76,1.031,1.798,1.009
2015-12-22,35.26,1.191,1.73,1.033,1.729,1.013
2015-12-23,35.79,1.270,1.63,1.082,1.985,1.055
2015-12-24,37.22,1.278,1.63,1.062,1.945,1.035
2015-12-25,,,1.63,,,
2015-12-28,37.08,1.248,2.11,1.041,1.819,1.013
2015-12-29,36.85,1.298,2.39,1.082,1.857,1.052
2015-12-30,35.65,1.271,2.28,1.049,1.919,1.019
2015-12-31,36.61,1.284,2.28,1.056,1.947,1.026
2016-01-01,,,2.28,,,
2016-01-04,36.28,1.297,2.39,1.066,1.967,1.039
2016-01-05,35.56,1.264,2.33,1.067,1.899,1.035
2016-01-06,33.89,1.167,2.37,1.027,1.672,0.994
2016-01-07,33.57,1.155,2.35,1.012,1.463,0.972
2016-01-08,31.67,1.133,2.47,0.984,1.330,0.954
2016-01-11,30.14,1.117,2.54,0.955,1.345,0.925
2016-01-12,29.14,1.098,2.40,0.942,1.320,0.912
2016-01-13,28.58,1.067,2.28,0.920,1.219,0.887
2016-01-14,28.84,1.092,2.21,0.939,1.134,0.903
2016-01-15,28.80,1.043,2.18,0.896,1.093,0.868
2016-01-18,27.36,,2.18,,,
2016-01-19,27.36,1.057,2.23,0.863,1.107,0.849
2016-01-20,26.01,1.052,2.18,0.827,1.074,0.804
2016-01-21,27.59,1.066,2.22,0.860,1.089,0.835
2016-01-22,30.46,1.110,2.21,0.954,1.122,0.912
2016-01-25,29.82,1.053,2.16,0.895,1.028,0.865
2016-01-26,30.94,1.080,2.26,0.934,1.247,0.909
2016-01-27,31.83,1.074,2.26,0.985,1.239,0.963
2016-01-28,33.01,1.131,2.15,1.012,1.097,0.995
2016-01-29,33.14,1.152,2.28,1.025,1.245,1.013
2016-02-01,32.45,1.124,2.28,0.994,1.194,0.974
2016-02-02,30.98,1.028,2.07,0.971,1.144,0.936
2016-02-03,32.38,1.060,2.06,1.057,1.175,1.047
2016-02-04,32.76,1.055,2.07,1.049,1.020,1.041
2016-02-05,32.35,1.025,2.08,1.024,1.067,1.024
2016-02-08,31.64,0.994,2.23,1.010,1.050,1.018
2016-02-09,30.15,0.947,2.17,0.944,0.945,0.946
2016-02-10,29.64,0.978,2.16,0.935,0.873,0.925
2016-02-11,28.82,0.984,2.15,0.955,0.886,0.945
2016-02-12,31.80,1.066,2.08,1.017,0.878,1.002
2016-02-15,,,2.08,,,
2016-02-16,31.09,0.990,1.95,0.977,0.815,0.954
2016-02-17,33.21,1.013,1.93,1.030,0.736,1.008
2016-02-18,33.20,1.244,1.89,1.026,0.644,1.001
2016-02-19,31.66,1.233,1.83,0.982,0.618,0.957
2016-02-22,33.59,1.269,1.86,1.004,0.739,0.949
2016-02-23,31.90,0.985,1.85,0.957,0.765,0.902
2016-02-24,31.50,1.028,1.85,0.989,1.241,0.934
2016-02-25,32.83,1.055,1.78,1.001,1.236,0.943
2016-02-26,35.76,1.027,1.78,0.992,1.220,0.935
2016-02-29,35.92,1.050,1.62,1.046,1.248,0.991
2016-03-01,35.73,1.053,1.57,1.039,1.156,0.996
2016-03-02,36.38,1.062,1.60,1.058,1.165,0.998
2016-03-03,35.75,1.028,1.59,1.072,1.208,1.002
2016-03-04,37.61,1.041,1.49,1.100,1.306,1.048
2016-03-07,39.02,1.097,1.56,1.151,1.362,1.096
2016-03-08,39.16,1.097,1.60,1.152,1.352,1.072
2016-03-09,40.26,1.185,1.61,1.186,1.475,1.109
2016-03-10,38.63,1.173,1.72,1.175,1.506,1.090
2016-03-11,39.41,1.182,1.74,1.169,1.540,1.089
2016-03-14,38.06,1.157,1.68,1.146,1.545,1.068
2016-03-15,37.49,1.151,1.81,1.106,1.621,1.054
2016-03-16,38.38,1.185,1.77,1.175,1.600,1.105
2016-03-17,39.29,1.205,1.84,1.196,1.540,1.126
2016-03-18,39.26,1.209,1.84,1.173,1.579,1.110
2016-03-21,39.91,1.232,1.79,1.163,1.629,1.101
2016-03-22,40.54,1.273,1.79,1.190,1.683,1.140
2016-03-23,38.84,1.286,1.79,1.135,1.661,1.095
2016-03-24,38.33,1.321,1.78,1.119,1.722,1.064
2016-03-25,,,1.78,,,
2016-03-28,38.33,1.326,1.78,1.089,1.733,1.061
2016-03-29,36.75,1.323,1.77,1.047,1.713,1.012
2016-03-30,36.75,1.369,1.87,1.070,1.687,1.028
2016-03-31,36.75,1.351,1.98,1.100,1.645,1.056
2016-04-01,36.42,1.321,1.88,1.063,1.586,1.005
2016-04-04,36.05,1.315,1.96,1.019,1.557,0.967
2016-04-05,35.88,1.322,1.96,1.001,1.497,0.951
2016-04-06,37.77,1.339,1.91,1.070,1.406,1.045
2016-04-07,37.15,1.332,1.96,1.061,1.399,1.036
2016-04-08,40.71,1.424,1.99,1.138,1.469,1.098
2016-04-11,41.58,1.468,1.90,1.165,1.613,1.120
2016-04-12,43.02,1.489,1.97,1.220,1.644,1.180
2016-04-13,42.81,1.483,2.01,1.211,1.630,1.166
2016-04-14,43.02,1.464,1.93,1.203,1.604,1.158
2016-04-15,41.32,1.426,1.71,1.195,1.543,1.112
2016-04-18,41.64,1.400,1.76,1.201,1.513,1.119
2016-04-19,43.02,1.451,1.94,1.222,1.521,1.154
2016-04-20,43.09,1.462,1.94,1.287,1.492,1.217
2016-04-21,43.48,1.491,1.96,1.267,1.502,1.185
2016-04-22,43.97,1.504,1.92,1.269,1.515,1.177
2016-04-25,42.97,1.489,1.97,1.258,1.591,1.175
2016-04-26,43.94,1.542,1.97,1.290,1.580,1.207
2016-04-27,44.17,1.555,1.88,1.336,1.612,1.251
2016-04-28,45.60,1.569,1.88,1.357,1.623,1.397
2016-04-29,45.64,1.571,1.89,1.340,1.677,1.377
2016-05-02,45.82,1.535,1.91,1.308,1.628,1.213
2016-05-03,43.09,1.493,1.94,1.293,1.558,1.193
2016-05-04,43.08,1.478,2.03,1.290,1.543,1.202
2016-05-05,44.39,1.474,2.05,1.285,1.474,1.203
2016-05-06,44.60,1.481,1.86,1.289,1.461,1.209
2016-05-09,42.43,1.413,2.01,1.235,1.383,1.155
2016-05-10,44.01,1.460,2.01,1.279,1.430,1.213
2016-05-11,46.08,1.545,2.01,1.346,1.495,1.264
2016-05-12,46.43,1.548,2.01,1.345,1.478,1.262
2016-05-13,47.05,1.558,1.96,1.355,1.493,1.290
2016-05-16,48.49,1.589,1.91,1.396,1.514,1.329
2016-05-17,48.71,1.644,1.97,1.429,1.537,1.357
2016-05-18,48.93,1.627,1.91,1.434,1.535,1.362
2016-05-19,47.01,1.631,1.83,1.430,1.511,1.358
2016-05-20,48.54,1.618,1.81,1.450,1.545,1.378
2016-05-23,47.77,1.628,1.96,1.436,1.556,1.363
2016-05-24,48.42,1.639,1.91,1.452,1.620,1.375
2016-05-25,48.87,1.629,1.77,1.470,1.583,1.383
2016-05-26,49.52,1.597,1.77,1.453,1.514,1.367
2016-05-27,49.09,1.637,1.77,1.450,1.636,1.370
2016-05-30,,,1.77,,,
2016-05-31,49.26,1.590,2.12,1.444,1.540,1.360
2016-06-01,48.81,1.611,2.25,1.457,1.579,1.373
2016-06-02,49.05,1.607,2.30,1.457,1.609,1.378
2016-06-03,48.50,1.583,2.31,1.443,1.596,1.362
2016-06-06,48.94,1.565,2.32,1.460,1.670,1.375
2016-06-07,49.76,1.570,2.32,1.498,1.625,1.418
2016-06-08,50.73,1.604,2.36,1.534,1.706,1.454
2016-06-09,50.59,1.591,2.34,1.510,1.696,1.424
2016-06-10,49.70,1.534,2.46,1.474,1.594,1.392
2016-06-13,49.36,1.501,2.55,1.466,1.564,1.381
2016-06-14,47.88,1.462,2.55,1.457,1.547,1.374
2016-06-15,47.47,1.444,2.62,1.427,1.527,1.349
2016-06-16,45.66,1.401,2.62,1.382,1.513,1.304
2016-06-17,46.57,1.443,2.59,1.446,1.651,1.366
2016-06-20,48.68,1.511,2.74,1.479,1.709,1.400
2016-06-21,48.18,1.494,2.79,1.473,1.764,1.395
2016-06-22,48.43,1.487,2.82,1.453,1.682,1.384
2016-06-23,48.63,1.517,2.69,1.479,1.787,1.407
2016-06-24,46.69,1.444,2.71,1.420,1.716,1.349
2016-06-27,45.07,1.419,2.79,1.401,1.621,1.326
2016-06-28,46.29,1.441,2.89,1.438,1.690,1.358
2016-06-29,48.40,1.466,2.94,1.501,1.692,1.441
2016-06-30,48.05,1.430,2.94,1.456,1.597,1.396
2016-07-01,47.65,1.453,2.89,1.476,1.608,1.424
2016-07-04,48.02,,2.89,,,
2016-07-05,45.64,1.358,2.82,1.411,1.510,1.358
2016-07-06,45.70,1.400,2.82,1.431,1.522,1.364
2016-07-07,45.93,1.324,2.78,1.369,1.417,1.302
2016-07-08,44.53,1.328,2.80,1.372,1.422,1.302
2016-07-11,44.04,1.336,2.88,1.372,1.428,1.303
2016-07-12,46.72,1.376,2.88,1.413,1.495,1.345
2016-07-13,44.67,1.376,2.81,1.342,1.495,1.279
2016-07-14,46.01,1.366,2.79,1.346,1.489,1.288
2016-07-15,46.25,1.387,2.70,1.338,1.482,1.251
2016-07-18,45.35,1.351,2.83,1.322,1.436,1.242
2016-07-19,45.70,1.341,2.83,1.325,1.414,1.255
2016-07-20,45.82,1.329,2.76,1.348,1.401,1.277
2016-07-21,44.99,1.320,2.76,1.310,1.330,1.239
2016-07-22,44.24,1.331,2.80,1.303,1.348,1.231
2016-07-25,43.76,1.320,2.80,1.270,1.323,1.192
2016-07-26,43.56,1.343,2.84,1.269,1.329,1.192
2016-07-27,42.78,1.317,2.84,1.251,1.237,1.163
2016-07-28,41.87,1.298,2.79,1.227,1.180,1.142
2016-07-29,40.76,1.323,2.97,1.237,1.170,1.144
2016-08-01,40.17,1.307,2.97,1.200,1.167,1.133
2016-08-02,40.00,1.298,2.79,1.201,1.178,1.131
2016-08-03,40.45,1.343,2.89,1.234,1.233,1.156
2016-08-04,41.33,1.347,2.89,1.275,1.275,1.180
2016-08-05,42.47,1.359,2.88,1.274,1.290,1.193
2016-08-08,43.24,1.332,2.85,1.293,1.259,1.213
2016-08-09,43.37,1.314,2.85,1.279,1.249,1.202
2016-08-10,42.19,1.278,2.76,1.267,1.220,1.185
2016-08-11,44.23,1.342,2.70,1.341,1.287,1.249
2016-08-12,45.12,1.358,2.70,1.374,1.308,1.283
2016-08-15,47.31,1.387,2.75,1.411,1.335,1.321
2016-08-16,48.27,1.408,2.75,1.425,1.433,1.333
2016-08-17,48.58,1.439,2.76,1.461,1.532,1.361
2016-08-18,49.46,1.476,2.75,1.496,1.509,1.396
2016-08-19,49.39,1.497,2.67,1.487,1.482,1.384
2016-08-22,48.10,1.470,2.75,1.459,1.508,1.355
2016-08-23,48.70,1.416,2.75,1.478,1.533,1.370
2016-08-24,47.56,1.396,2.82,1.470,1.519,1.403
2016-08-25,49.25,1.414,2.89,1.494,1.494,1.424
2016-08-26,49.66,1.422,2.91,1.478,1.547,1.412
2016-08-29,49.66,1.395,2.97,1.465,1.520,1.400
2016-08-30,47.94,1.372,2.95,1.462,1.536,1.384
2016-08-31,47.94,1.336,2.95,1.402,1.511,1.327
2016-09-01,45.05,1.370,2.95,1.346,1.450,1.274
2016-09-02,45.96,1.380,2.88,1.365,1.457,1.278
2016-09-05,46.72,,2.88,,,
2016-09-06,46.21,1.384,2.88,1.378,1.594,1.296
2016-09-07,47.00,1.415,2.77,1.394,1.565,1.321
2016-09-08,49.23,1.463,2.88,1.440,1.635,1.373
2016-09-09,48.37,1.424,2.93,1.429,1.591,1.327
2016-09-12,47.82,1.439,3.04,1.402,1.628,1.332
2016-09-13,46.48,1.394,3.04,1.383,1.619,1.319
2016-09-14,45.65,1.383,3.07,1.346,1.433,1.282
2016-09-15,45.83,1.432,2.98,1.384,1.514,1.306
2016-09-16,45.26,1.549,2.97,1.373,1.487,1.298
2016-09-19,46.04,1.501,3.00,1.351,1.498,1.284
2016-09-20,45.24,1.409,3.12,1.353,1.446,1.286
2016-09-21,45.99,1.440,3.19,1.397,1.490,1.320
2016-09-22,47.21,1.434,3.18,1.417,1.534,1.337
2016-09-23,46.71,1.418,3.06,1.384,1.518,1.299
2016-09-26,46.61,1.418,3.06,1.418,1.577,1.324
2016-09-27,44.95,1.454,3.09,1.381,1.546,1.297
2016-09-28,45.49,1.528,3.07,1.454,1.611,1.369
2016-09-29,48.43,1.530,2.98,1.522,1.745,1.397
2016-09-30,48.24,1.498,2.84,1.515,1.758,1.418
2016-10-03,48.61,1.510,2.84,1.538,1.740,1.451
2016-10-04,48.81,1.534,2.83,1.552,1.769,1.445
2016-10-05,49.57,1.519,2.83,1.575,1.694,1.467
2016-10-06,50.14,1.492,3.04,1.577,1.527,1.490
2016-10-07,50.49,1.473,3.02,1.553,1.503,1.465
2016-10-10,51.54,1.473,3.18,1.553,1.503,1.465
2016-10-11,50.48,1.501,3.17,1.565,1.511,1.479
2016-10-12,49.53,1.479,3.17,1.543,1.619,1.460
2016-10-13,49.29,1.520,3.16,1.553,1.597,1.468
2016-10-14,48.87,1.541,3.18,1.545,1.674,1.460
2016-10-17,49.31,1.539,3.21,1.532,1.672,1.447
2016-10-18,49.81,1.542,3.25,1.544,1.675,1.462
2016-10-19,51.85,1.552,3.18,1.557,1.600,1.473
2016-10-20,50.42,1.538,3.12,1.533,1.570,1.451
2016-10-21,50.28,1.574,2.92,1.550,1.637,1.466
2016-10-24,49.80,1.539,2.78,1.560,1.507,1.469
2016-10-25,49.08,1.541,2.69,1.540,1.518,1.450
2016-10-26,48.98,1.533,2.69,1.532,1.517,1.441
2016-10-27,49.13,1.532,2.72,1.544,1.710,1.456
2016-10-28,47.78,1.524,2.72,1.518,1.873,1.436
2016-10-31,46.20,1.498,2.85,1.464,1.579,1.395
2016-11-01,45.77,1.522,2.53,1.475,1.639,1.412
2016-11-02,44.26,1.580,2.53,1.414,1.727,1.362
2016-11-03,43.84,1.545,2.41,1.414,1.718,1.346
2016-11-04,43.06,1.499,2.20,1.381,1.649,1.324
2016-11-07,42.83,1.480,2.37,1.395,1.630,1.335
2016-11-08,43.47,1.487,2.34,1.385,1.567,1.325
2016-11-09,43.88,1.478,2.22,1.404,1.508,1.336
2016-11-10,43.67,1.445,2.08,1.385,1.485,1.320
2016-11-11,41.61,1.404,2.08,1.353,1.319,1.280
2016-11-14,41.83,1.385,2.26,1.344,1.300,1.272
2016-11-15,44.15,1.397,2.49,1.417,1.357,1.330
2016-11-16,45.07,1.375,2.49,1.401,1.195,1.313
2016-11-17,44.57,1.393,2.37,1.406,1.463,1.321
2016-11-18,44.41,1.393,2.60,1.415,1.268,1.339
2016-11-21,45.96,1.455,2.81,1.484,1.330,1.413
2016-11-22,46.10,1.458,2.73,1.482,1.338,1.409
2016-11-23,46.54,1.479,2.76,1.475,1.352,1.400
2016-11-24,47.54,,2.76,,,
2016-11-25,46.32,1.479,2.76,1.475,1.352,1.400
2016-11-28,46.64,1.464,2.96,1.466,1.341,1.391
2016-11-29,44.68,1.438,3.02,1.425,1.286,1.351
2016-11-30,47.95,1.536,3.32,1.518,1.383,1.444
2016-12-01,52.28,1.600,3.32,1.579,1.447,1.484
2016-12-02,52.35,1.606,3.44,1.592,1.509,1.497
2016-12-05,53.30,1.605,3.44,1.568,1.480,1.488
2016-12-06,52.31,1.584,3.75,1.544,1.459,1.476
2016-12-07,51.90,1.565,3.80,1.526,1.442,1.371
2016-12-08,51.60,1.561,3.68,1.538,1.369,1.436
2016-12-09,52.19,1.559,3.75,1.541,1.346,1.451
2016-12-12,53.99,1.598,3.60,1.572,1.383,1.482
2016-12-13,53.28,1.604,3.65,1.575,1.385,1.485
2016-12-14,53.15,1.590,3.55,1.579,1.375,1.481
2016-12-15,51.72,1.599,3.56,1.580,1.444,1.478
2016-12-16,54.15,1.623,3.51,1.618,1.515,1.510
2016-12-19,53.53,1.622,3.55,1.611,1.514,1.500
2016-12-20,54.56,1.658,3.39,1.619,1.478,1.508
2016-12-21,53.01,1.660,3.50,1.590,1.485,1.468
2016-12-22,54.04,1.660,3.50,1.606,1.485,1.483
2016-12-23,53.93,1.674,3.60,1.632,1.598,1.519
2016-12-26,,,3.60,,,
2016-12-27,,1.711,3.70,1.646,1.630,1.543
2016-12-28,54.95,1.739,3.70,1.643,1.646,1.534
2016-12-29,54.97,1.729,3.71,1.655,1.689,1.545
2016-12-30,54.96,1.722,3.71,1.662,1.732,1.552
2017-01-02,,,3.71,,,
2017-01-03,55.05,1.682,3.41,1.618,1.687,1.528
2017-01-04,54.57,1.697,3.42,1.624,1.692,1.534
2017-01-05,54.99,1.695,3.42,1.631,1.690,1.541
2017-01-06,55.90,1.680,3.38,1.632,1.715,1.542
2017-01-09,54.39,1.615,3.14,1.573,1.755,1.481
2017-01-10,53.20,1.577,3.21,1.548,1.705,1.464
2017-01-11,53.61,1.635,3.27,1.594,1.660,1.510
2017-01-12,54.51,1.659,3.36,1.619,1.656,1.544
2017-01-13,54.37,1.654,3.36,1.594,1.577,1.529
2017-01-16,54.30,,3.36,,,
2017-01-17,54.68,1.644,3.37,1.588,1.577,1.514
2017-01-18,53.77,1.594,3.26,1.554,1.536,1.484
2017-01-19,53.18,1.579,3.25,1.556,1.524,1.486
2017-01-20,55.04,1.606,3.23,1.571,1.516,1.511
2017-01-23,54.80,1.600,3.16,1.576,1.522,1.516
2017-01-24,54.70,1.594,3.16,1.579,1.504,1.522
2017-01-25,54.34,1.552,3.26,1.573,1.467,1.503
2017-01-26,55.89,1.570,3.44,1.599,1.585,1.526
2017-01-27,54.80,1.556,3.31,1.580,1.574,1.498
2017-01-30,54.77,1.528,3.22,1.581,1.599,1.493
2017-01-31,55.25,1.555,3.00,1.595,1.620,1.500
2017-02-01,55.79,1.605,3.15,1.631,1.720,1.536
2017-02-02,55.94,1.567,3.13,1.620,1.699,1.525
2017-02-03,55.92,1.561,3.13,1.625,1.738,1.534
2017-02-06,55.02,1.508,2.92,1.600,1.685,1.508
2017-02-07,53.79,1.483,3.03,1.585,1.658,1.493
2017-02-08,54.42,1.546,3.05,1.602,1.728,1.504
2017-02-09,53.98,1.564,3.11,1.609,1.762,1.558
2017-02-10,55.20,1.581,3.11,1.632,1.793,1.581
2017-02-13,54.15,1.556,2.93,1.589,1.764,1.551
2017-02-14,54.96,1.552,2.85,1.597,1.752,1.555
2017-02-15,54.57,1.565,2.95,1.595,1.749,1.550
2017-02-16,54.16,1.539,2.88,1.593,1.722,1.548
2017-02-17,54.48,1.525,2.75,1.611,1.703,1.557
2017-02-20,55.25,,2.75,,,
2017-02-21,56.34,1.512,2.56,1.614,1.692,1.577
2017-02-22,54.90,1.534,2.52,1.599,1.754,1.562
2017-02-23,55.82,1.548,2.63,1.624,1.985,1.587
2017-02-24,54.69,1.545,2.63,1.606,1.798,1.549
2017-02-27,54.65,1.570,2.44,1.614,1.882,1.562
2017-02-28,53.36,1.549,2.54,1.600,1.828,1.555
2017-03-01,55.72,1.455,2.54,1.587,1.794,1.531
2017-03-02,54.16,1.438,2.59,1.544,1.793,1.488
2017-03-03,54.12,1.450,2.50,1.556,1.825,1.499
2017-03-06,54.73,1.496,2.68,1.571,1.831,1.527
2017-03-07,54.61,1.494,2.68,1.577,1.814,1.532
2017-03-08,53.30,1.482,2.59,1.527,1.782,1.480
2017-03-09,50.65,1.493,2.83,1.495,1.793,1.458
2017-03-10,50.63,1.456,2.98,1.464,1.706,1.427
2017-03-13,50.10,1.442,3.04,1.458,1.692,1.396
2017-03-14,49.60,1.452,3.02,1.458,1.697,1.396
2017-03-15,50.63,1.460,3.02,1.479,1.694,1.410
2017-03-16,50.56,1.457,2.84,1.467,1.652,1.399
2017-03-17,50.58,1.459,2.85,1.477,1.629,1.404
2017-03-20,50.67,1.492,2.93,1.483,1.645,1.410
2017-03-21,50.14,1.485,3.09,1.471,1.635,1.412
2017-03-22,49.56,1.484,3.02,1.465,1.587,1.406
2017-03-23,50.17,1.483,2.93,1.455,1.554,1.402
2017-03-24,49.97,1.512,2.97,1.473,1.703,1.416
2017-03-27,50.12,1.519,2.94,1.469,1.707,1.412
2017-03-28,50.72,1.546,2.95,1.488,1.714,1.433
2017-03-29,51.36,1.575,3.03,1.510,1.747,1.455
2017-03-30,52.25,1.585,3.08,1.528,1.761,1.473
2017-03-31,52.20,1.600,3.13,1.543,1.801,1.481
2017-04-03,52.04,1.593,3.13,1.526,1.793,1.471
2017-04-04,53.08,1.633,3.06,1.535,1.801,1.510
2017-04-05,53.41,1.617,3.22,1.536,1.795,1.511
2017-04-06,53.62,1.686,3.23,1.575,1.838,1.528
2017-04-07,54.24,1.649,3.23,1.593,1.839,1.543
2017-04-10,54.79,1.670,3.15,1.613,1.850,1.563
2017-04-11,54.73,1.665,3.11,1.616,1.845,1.566
2017-04-12,54.75,1.648,2.97,1.601,1.828,1.563
2017-04-13,55.05,1.649,3.00,1.614,1.867,1.573
2017-04-14,,,3.00,,,
2017-04-17,54.79,1.636,3.09,1.601,1.854,1.560
2017-04-18,52.60,1.653,3.11,1.594,1.843,1.539
2017-04-19,52.43,1.601,3.11,1.554,1.751,1.499
2017-04-20,50.66,1.615,3.13,1.547,1.730,1.492
2017-04-21,49.93,1.599,3.06,1.530,1.684,1.466
2017-04-24,49.45,1.577,3.06,1.519,1.706,1.455
2017-04-25,49.37,1.570,2.99,1.525,1.708,1.470
2017-04-26,49.99,1.527,3.06,1.505,1.656,1.450
2017-04-27,49.46,1.506,3.13,1.488,1.648,1.438
2017-04-28,49.46,1.484,3.20,1.475,1.634,1.425
2017-05-01,50.41,1.476,3.20,1.458,1.596,1.408
2017-05-02,49.31,1.469,3.13,1.441,1.586,1.376
2017-05-03,48.82,1.475,3.14,1.437,1.632,1.372
2017-05-04,47.53,1.428,3.11,1.379,1.586,1.314
2017-05-05,47.45,1.452,3.10,1.413,1.627,1.352
2017-05-08,46.61,1.462,3.06,1.422,1.647,1.357
2017-05-09,47.06,1.434,3.03,1.407,1.645,1.340
2017-05-10,48.09,1.492,3.03,1.442,1.697,1.373
2017-05-11,49.18,1.513,3.23,1.456,1.721,1.387
2017-05-12,49.08,1.528,3.24,1.456,1.726,1.386
2017-05-15,51.29,1.539,3.26,1.469,1.776,1.398
2017-05-16,51.21,1.562,3.27,1.480,1.805,1.403
2017-05-17,51.76,1.566,3.27,1.497,1.821,1.424
2017-05-18,51.71,1.566,3.13,1.508,1.886,1.435
2017-05-19,52.78,1.611,3.11,1.547,1.931,1.473
2017-05-22,53.35,1.620,3.24,1.564,1.900,1.489
2017-05-23,53.19,1.626,3.22,1.575,1.862,1.498
2017-05-24,53.29,1.617,3.22,1.571,1.803,1.499
2017-05-25,52.25,1.576,3.10,1.512,1.757,1.445
2017-05-26,50.84,1.612,3.10,1.526,1.768,1.459
2017-05-29,52.25,,3.10,,,
2017-05-30,50.65,1.602,3.10,1.514,1.816,1.440
2017-05-31,49.40,1.580,3.05,1.477,1.802,1.398
2017-06-01,50.41,1.573,3.05,1.452,1.738,1.367
2017-06-02,48.46,1.558,2.85,1.441,1.718,1.356
2017-06-05,48.25,1.512,2.92,1.416,1.662,1.323
2017-06-06,48.11,1.530,2.92,1.422,1.665,1.332
2017-06-07,47.08,1.453,3.06,1.381,1.621,1.281
2017-06-08,46.30,1.449,2.98,1.380,1.612,1.282
2017-06-09,46.64,1.460,3.03,1.389,1.603,1.291
2017-06-12,47.18,1.441,3.12,1.381,1.596,1.288
2017-06-13,46.95,1.458,3.12,1.406,1.608,1.313
2017-06-14,45.47,1.385,2.95,1.369,1.555,1.275
2017-06-15,45.61,1.389,2.94,1.369,1.581,1.280
2017-06-16,45.70,1.404,3.01,1.390,1.597,1.293
2017-06-19,45.93,1.404,2.87,1.369,1.592,1.277
2017-06-20,43.98,1.376,2.91,1.361,1.559,1.268
2017-06-21,44.62,1.368,2.91,1.326,1.548,1.242
2017-06-22,44.46,1.393,2.88,1.335,1.543,1.251
2017-06-23,44.14,1.399,2.89,1.331,1.583,1.236
2017-06-26,44.09,1.408,2.98,1.339,1.582,1.252
2017-06-27,46.17,1.425,2.99,1.379,1.621,1.284
2017-06-28,46.45,1.455,3.03,1.404,1.658,1.309
2017-06-29,47.02,1.454,3.07,1.408,1.657,1.327
2017-06-30,47.08,1.493,2.98,1.447,1.727,1.364
2017-07-03,49.13,,2.98,,,
2017-07-04,49.15,,2.98,,,
2017-07-05,47.58,1.482,2.98,1.434,1.657,1.351
2017-07-06,48.53,1.510,2.89,1.435,1.680,1.355
2017-07-07,46.47,1.492,2.91,1.408,1.652,1.328
2017-07-10,46.57,1.505,2.92,1.407,1.651,1.331
2017-07-11,46.68,1.522,2.98,1.439,1.658,1.355
2017-07-12,46.73,1.522,3.01,1.435,1.588,1.351
2017-07-13,47.65,1.531,2.96,1.451,1.597,1.369
2017-07-14,47.89,1.565,2.94,1.479,1.607,1.397
2017-07-17,47.66,1.561,3.04,1.460,1.603,1.377
2017-07-18,47.92,1.581,3.11,1.472,1.619,1.412
2017-07-19,48.34,1.627,3.11,1.517,1.658,1.460
2017-07-20,48.54,1.619,3.12,1.511,1.680,1.453
2017-07-21,47.47,1.569,3.06,1.480,1.630,1.424
2017-07-24,47.81,1.559,2.99,1.482,1.629,1.428
2017-07-25,49.19,1.603,2.99,1.530,1.672,1.477
2017-07-26,50.08,1.601,2.92,1.563,1.717,1.507
2017-07-27,50.67,1.626,2.95,1.573,1.753,1.521
2017-07-28,52.00,1.658,2.96,1.606,1.787,1.554
2017-07-31,51.99,1.686,2.87,1.633,1.766,1.573
2017-08-01,50.77,1.678,2.80,1.612,1.743,1.544
2017-08-02,52.09,1.656,2.80,1.621,1.721,1.553
2017-08-03,52.88,1.645,2.76,1.606,1.720,1.539
2017-08-04,52.48,1.654,2.76,1.613,1.729,1.546
2017-08-07,51.42,1.649,2.80,1.605,1.714,1.537
2017-08-08,52.18,1.634,2.81,1.593,1.704,1.527
2017-08-09,52.16,1.643,2.81,1.620,1.713,1.554
2017-08-10,52.59,1.616,2.89,1.594,1.716,1.528
2017-08-11,51.47,1.632,2.96,1.596,1.752,1.536
2017-08-14,51.29,1.598,3.02,1.566,1.718,1.506
2017-08-15,49.90,1.602,2.96,1.565,1.712,1.493
2017-08-16,50.39,1.584,2.94,1.541,1.689,1.473
2017-08-17,50.37,1.613,2.91,1.548,1.693,1.490
2017-08-18,50.96,1.646,2.90,1.589,1.724,1.545
2017-08-21,51.94,1.612,3.00,1.538,1.705,1.509
2017-08-22,52.29,1.619,3.00,1.557,1.727,1.528
2017-08-23,52.31,1.645,2.94,1.596,1.707,1.567
2017-08-24,51.73,1.707,2.97,1.599,1.879,1.566
2017-08-25,51.87,1.704,2.93,1.594,1.892,1.559
2017-08-28,51.87,1.749,2.95,1.611,1.981,1.599
2017-08-29,51.64,1.829,2.95,1.641,2.062,1.626
2017-08-30,51.91,1.930,2.95,1.655,2.160,1.651
2017-08-31,52.69,2.170,2.92,1.755,2.395,1.920
2017-09-01,53.15,2.074,2.88,1.772,1.999,1.997
2017-09-04,52.60,,2.88,,,
2017-09-05,53.63,1.998,2.88,1.773,1.938,1.918
2017-09-06,54.48,2.068,2.98,1.815,1.943,1.940
2017-09-07,54.16,2.053,2.92,1.827,1.923,1.967
2017-09-08,54.55,2.045,2.88,1.820,1.890,1.947
2017-09-11,54.20,1.974,2.88,1.747,1.831,1.769
2017-09-12,55.06,1.997,2.88,1.748,1.862,1.769
2017-09-13,55.52,1.824,3.02,1.750,1.844,1.798
2017-09-14,56.76,1.807,3.03,1.774,1.782,1.805
2017-09-15,56.18,1.843,3.00,1.764,1.843,1.728
2017-09-18,55.50,1.820,3.11,1.748,1.807,1.713
2017-09-19,56.58,1.784,3.18,1.740,1.759,1.703
2017-09-20,57.20,1.741,3.13,1.765,1.733,1.732
2017-09-21,57.73,1.738,3.11,1.775,1.696,1.742
2017-09-22,58.16,1.747,2.93,1.772,1.647,1.732
2017-09-25,59.42,1.827,2.96,1.814,1.791,1.739
2017-09-26,59.77,1.788,2.96,1.794,1.782,1.705
2017-09-27,58.74,1.714,2.98,1.787,1.746,1.701
2017-09-28,58.80,1.665,2.96,1.785,1.762,1.703
2017-09-29,57.02,1.637,2.94,1.768,1.712,1.686
2017-10-02,55.67,1.618,2.94,1.725,1.678,1.647
2017-10-03,56.12,1.627,2.73,1.714,1.682,1.632
2017-10-04,56.00,1.655,2.80,1.736,1.693,1.654
2017-10-05,57.09,1.693,2.80,1.752,1.730,1.669
2017-10-06,55.50,1.632,2.93,1.713,1.645,1.625
2017-10-09,55.29,1.628,2.87,1.693,1.633,1.613
2017-10-10,56.62,1.667,2.89,1.724,1.662,1.646
2017-10-11,56.13,1.684,2.89,1.740,1.664,1.665
2017-10-12,56.13,1.657,2.95,1.722,1.657,1.627
2017-10-13,56.86,1.691,2.99,1.752,1.771,1.647
2017-10-16,57.49,1.689,2.87,1.768,1.779,1.663
2017-10-17,57.63,1.697,2.88,1.768,1.815,1.655
2017-10-18,58.05,1.717,2.81,1.763,1.799,1.651
2017-10-19,57.82,1.706,2.83,1.731,1.781,1.620
2017-10-20,57.89,1.745,2.80,1.758,1.822,1.667
2017-10-23,57.69,1.738,2.95,1.739,1.815,1.652
2017-10-24,57.84,1.785,2.95,1.775,1.860,1.665
2017-10-25,58.45,1.800,2.98,1.770,1.825,1.659
2017-10-26,58.75,1.817,2.91,1.801,1.862,1.691
2017-10-27,60.15,1.830,2.78,1.826,1.839,1.716
2017-10-30,60.65,1.823,2.94,1.828,1.862,1.717
2017-10-31,61.35,1.840,2.84,1.826,1.876,1.713
2017-11-01,60.98,1.794,2.68,1.808,1.924,1.692
2017-11-02,60.79,1.846,2.68,1.808,1.964,1.689
2017-11-03,61.42,1.879,2.75,1.831,1.894,1.716
2017-11-06,64.27,1.928,3.01,1.876,2.153,1.773
2017-11-07,64.36,1.921,3.07,1.859,2.071,1.769
2017-11-08,63.96,1.934,3.16,1.855,2.032,1.769
2017-11-09,64.49,1.879,3.18,1.884,1.922,1.802
2017-11-10,64.35,1.899,3.17,1.868,1.939,1.780
2017-11-13,62.94,1.858,3.13,1.862,1.908,1.775
2017-11-14,60.91,1.813,3.06,1.826,1.855,1.740
2017-11-15,61.25,1.788,3.16,1.836,1.766,1.720
2017-11-16,61.18,1.772,3.09,1.834,1.680,1.730
2017-11-17,61.34,1.778,3.04,1.857,1.706,1.756
2017-11-20,61.34,1.778,3.04,1.857,1.706,1.756
2017-11-21,62.28,1.805,3.05,1.855,1.707,1.775
2017-11-22,62.92,1.803,3.05,1.854,1.696,1.772
2017-11-23,63.27,,3.05,,,
2017-11-24,63.58,1.822,3.05,1.876,1.801,1.803
2017-11-27,63.25,1.825,2.88,1.871,1.806,1.799
2017-11-28,63.56,1.796,2.88,1.884,1.733,1.797
2017-11-29,63.74,1.770,3.06,1.847,1.742,1.779
2017-11-30,63.53,1.763,3.06,1.819,1.702,1.752
2017-12-01,64.57,1.774,2.84,1.865,1.719,1.785
2017-12-04,63.45,1.738,2.91,1.821,1.655,1.740
2017-12-05,63.45,1.752,2.86,1.840,1.652,1.783
2017-12-06,62.25,1.703,2.86,1.785,1.663,1.734
2017-12-07,62.37,1.735,2.81,1.816,1.640,1.765
2017-12-08,63.86,1.751,2.78,1.854,1.646,1.816
2017-12-11,65.62,1.762,2.81,1.875,1.652,1.838
2017-12-12,64.96,1.735,2.87,1.864,1.622,1.824
2017-12-13,63.66,1.688,2.87,1.836,1.493,1.794
2017-12-14,63.72,1.714,2.69,1.830,1.589,1.779
2017-12-15,63.81,1.689,2.60,1.823,1.538,1.770
2017-12-18,64.45,1.700,2.71,1.843,1.490,1.790
2017-12-19,63.69,1.725,2.75,1.850,1.525,1.825
2017-12-20,64.43,1.772,2.72,1.857,1.627,1.815
2017-12-21,64.64,1.779,2.64,1.861,1.604,1.818
2017-12-22,64.61,1.791,2.63,1.883,1.601,1.828
2017-12-25,,,,,,
2017-12-26,,1.822,2.68,1.955,1.795,1.905
2017-12-27,66.03,1.824,2.76,1.941,1.799,1.898
2017-12-28,66.80,1.831,2.97,1.961,1.811,1.919
2017-12-29,66.73,1.829,3.69,1.966,1.844,1.904
2018-01-01,,,,,,
2018-01-02,66.65,1.792,6.24,1.965,1.849,1.903
2018-01-03,67.85,1.822,6.24,1.970,1.877,1.943
2018-01-04,68.73,1.832,4.65,1.955,1.967,1.927
2018-01-05,68.01,1.817,,1.969,1.971,1.936
2018-01-08,68.48,1.823,2.89,1.957,1.977,1.927
2018-01-09,69.08,1.862,2.93,1.976,1.925,1.946
2018-01-10,69.79,1.863,3.16,1.985,1.913,1.956
2018-01-11,70.36,1.866,3.16,2.073,1.872,1.953
2018-01-12,69.64,1.886,4.06,1.984,1.828,1.947
2018-01-15,70.31,,,,,
2018-01-16,69.40,1.878,5.46,1.962,1.815,1.925
2018-01-17,69.19,1.903,3.92,1.971,1.835,1.926
2018-01-18,69.48,1.926,3.92,1.980,1.871,1.922
2018-01-19,68.56,1.914,3.20,1.934,1.876,1.922
2018-01-22,69.32,1.948,3.13,1.995,1.948,1.950
2018-01-23,69.81,1.970,3.35,2.033,2.053,1.996
2018-01-24,69.91,1.981,3.54,2.052,2.038,2.000
2018-01-25,71.08,1.966,3.54,2.048,2.061,2.000
2018-01-26,70.08,1.999,3.58,2.080,2.089,2.030
2018-01-29,68.41,1.995,3.60,2.047,2.115,1.997
2018-01-30,67.78,1.951,3.60,2.011,2.071,1.968
2018-01-31,67.78,1.965,3.34,2.016,2.093,1.967
2018-02-01,68.60,1.948,3.06,2.044,2.096,1.991
2018-02-02,67.45,1.930,2.91,1.992,2.067,1.942
2018-02-05,67.69,1.897,2.85,1.962,2.019,1.914
2018-02-06,66.75,1.860,2.75,1.940,1.987,1.890
2018-02-07,65.74,1.815,2.74,1.882,1.937,1.832
2018-02-08,64.26,1.801,2.74,1.866,1.889,1.819
2018-02-09,63.04,1.757,2.66,1.815,1.835,1.765
2018-02-12,62.20,1.732,2.60,1.801,1.740,1.745
2018-02-13,61.94,1.731,2.58,1.797,1.776,1.740
2018-02-14,62.29,1.758,2.53,1.847,1.790,1.792
2018-02-15,62.86,1.782,2.49,1.852,1.779,1.801
2018-02-16,64.30,1.791,2.49,1.868,1.851,1.825
2018-02-19,64.95,,,,,
2018-02-20,64.68,1.787,2.61,1.884,1.872,1.840
2018-02-21,64.81,1.788,2.65,1.883,1.903,1.835
2018-02-22,66.12,1.804,2.65,1.914,1.985,1.861
2018-02-23,67.04,1.854,2.58,1.934,1.834,1.899
2018-02-26,67.96,1.868,2.60,1.949,1.816,1.919
2018-02-27,67.59,1.844,2.59,1.928,1.788,1.897
2018-02-28,66.08,1.794,2.66,1.866,1.728,1.852
2018-03-01,64.23,1.927,2.67,1.848,1.899,1.825
2018-03-02,64.26,1.767,2.67,1.844,1.932,1.814
2018-03-05,65.78,1.794,2.70,1.849,1.976,1.821
2018-03-06,65.67,1.793,2.70,1.854,1.978,1.834
2018-03-07,65.09,1.794,2.80,1.834,2.004,1.814
2018-03-08,63.87,1.752,2.80,1.816,2.000,1.781
2018-03-09,65.19,1.753,2.71,1.835,2.008,1.800
2018-03-12,64.53,1.751,2.78,1.818,2.036,1.780
2018-03-13,64.20,1.755,2.76,1.825,2.015,1.790
2018-03-14,63.61,1.786,2.69,1.839,2.066,1.797
2018-03-15,63.67,1.788,2.70,1.848,2.093,1.805
2018-03-16,64.68,1.814,2.62,1.909,2.107,1.821
2018-03-19,64.82,1.797,2.62,1.868,2.089,1.815
2018-03-20,66.00,1.831,2.71,1.910,2.158,1.852
2018-03-21,68.15,1.897,2.74,1.973,2.205,1.928
2018-03-22,68.98,1.889,2.62,1.950,2.174,1.905
2018-03-23,69.03,1.912,2.58,1.979,2.187,1.942
2018-03-26,68.81,1.893,2.63,1.973,2.163,1.940
2018-03-27,68.63,1.892,2.60,1.970,2.107,1.938
2018-03-28,68.13,1.899,2.64,1.975,2.199,1.955
2018-03-29,69.02,1.938,2.81,1.982,2.183,1.957
2018-03-30,,,,,,
2018-04-02,,1.888,2.75,1.943,2.138,1.916
2018-04-03,69.02,1.889,2.75,1.960,2.144,1.933
2018-04-04,66.04,1.892,2.81,1.945,2.189,1.923
2018-04-05,66.54,1.891,2.81,1.941,2.194,1.919
2018-04-06,66.51,1.855,2.81,1.920,2.152,1.908
2018-04-09,68.19,1.887,2.78,1.962,2.165,1.949
2018-04-10,70.67,1.960,2.78,2.029,2.242,2.014
2018-04-11,72.74,2.002,2.74,2.057,2.217,2.045
2018-04-12,71.44,1.991,2.76,2.044,2.211,2.032
2018-04-13,73.18,1.997,2.82,2.059,2.197,2.044
2018-04-16,72.05,2.015,2.88,2.026,2.147,2.013
2018-04-17,71.71,2.013,2.84,2.008,2.170,1.998
2018-04-18,73.73,2.047,2.85,2.054,2.229,2.044
2018-04-19,74.85,2.053,2.80,2.065,2.246,2.053
2018-04-20,74.62,2.067,2.78,2.071,2.259,2.069
2018-04-23,74.54,2.064,2.78,2.066,2.261,2.064
2018-04-24,75.86,2.070,2.79,2.077,2.238,2.065
2018-04-25,73.79,2.062,2.81,2.086,2.220,2.068
2018-04-26,75.39,2.086,2.81,2.102,2.246,2.085
2018-04-27,75.33,2.081,2.82,2.094,2.296,2.084
2018-04-30,75.92,2.084,2.75,2.109,2.307,2.099
2018-05-01,74.85,2.053,2.75,2.071,2.273,2.051
2018-05-02,73.14,2.031,2.77,2.082,2.261,2.062
2018-05-03,73.45,2.048,2.75,2.085,2.280,2.068
2018-05-04,74.75,2.068,2.75,2.120,2.293,2.103
2018-05-07,,2.075,2.74,2.141,2.302,2.116
2018-05-08,74.16,2.081,2.77,2.146,2.331,2.118
2018-05-09,77.60,2.132,2.75,2.197,2.400,2.169
2018-05-10,77.59,2.148,2.78,2.201,2.373,2.168
2018-05-11,77.37,2.136,2.75,2.199,2.338,2.166
2018-05-14,78.17,2.156,2.84,2.232,2.274,2.200
2018-05-15,78.94,2.159,2.83,2.216,2.271,2.183
2018-05-16,78.19,2.208,2.85,2.236,2.325,2.206
2018-05-17,80.09,2.206,2.75,2.251,2.323,2.219
2018-05-18,78.38,2.178,2.75,2.237,2.251,2.204
2018-05-21,78.34,2.205,2.77,2.242,2.280,2.207
2018-05-22,80.42,2.203,2.76,2.232,2.321,2.201
2018-05-23,78.69,2.199,2.89,2.245,2.319,2.222
2018-05-24,78.90,2.178,2.88,2.222,2.275,2.197
2018-05-25,76.60,2.109,2.88,2.160,2.259,2.135
2018-05-28,,,,,,
2018-05-29,74.51,2.079,2.84,2.140,2.256,2.110
2018-05-30,75.89,2.122,2.83,2.187,2.307,2.165
2018-05-31,76.45,2.093,2.94,2.167,2.225,2.157
2018-06-01,74.54,2.083,2.91,2.139,2.238,2.122
2018-06-04,73.41,2.061,2.89,2.112,2.209,2.102
2018-06-05,72.91,2.043,2.89,2.094,2.156,2.086
2018-06-06,73.23,2.022,2.89,2.097,2.150,2.089
2018-06-07,75.23,2.061,3.02,2.138,2.188,2.132
2018-06-08,75.11,2.050,2.91,2.122,2.198,2.115
2018-06-11,74.58,2.044,3.00,2.116,2.174,2.109
2018-06-12,74.86,2.022,2.98,2.115,2.157,2.110
2018-06-13,75.07,2.058,2.98,2.142,2.163,2.134
2018-06-14,74.77,2.035,2.99,2.117,2.103,2.111
2018-06-15,72.02,1.959,3.02,2.039,2.042,2.022
2018-06-18,74.87,1.991,2.99,2.088,2.078,2.075
2018-06-19,74.92,1.986,2.95,2.081,2.084,2.058
2018-06-20,74.25,1.967,2.96,2.054,2.054,2.034
2018-06-21,72.87,1.964,3.08,2.034,2.051,2.019
2018-06-22,73.67,2.011,2.95,2.080,2.071,2.060
2018-06-25,72.82,1.999,2.96,2.062,2.069,2.047
2018-06-26,73.58,2.016,2.98,2.088,2.096,2.073
2018-06-27,76.09,2.066,3.01,2.128,2.171,2.116
2018-06-28,76.26,2.070,2.99,2.130,2.180,2.117
2018-06-29,77.44,2.117,2.96,2.163,2.229,2.148
2018-07-02,76.71,2.080,2.90,2.115,2.160,2.100
2018-07-03,75.87,2.091,2.90,2.124,2.176,2.107
2018-07-04,76.99,,,,,
2018-07-05,77.09,2.107,2.91,2.141,2.187,2.123
2018-07-06,74.98,2.071,2.91,2.132,2.159,2.125
2018-07-09,77.08,2.112,2.90,2.159,2.209,2.154
2018-07-10,77.80,2.123,2.90,2.185,2.243,2.180
2018-07-11,75.35,2.037,2.89,2.075,2.137,2.090
2018-07-12,72.11,2.040,2.89,2.080,2.132,2.080
2018-07-13,74.11,2.066,2.86,2.088,2.148,2.088
2018-07-16,71.03,1.975,2.76,2.015,2.045,2.017
2018-07-17,70.87,1.986,2.81,2.022,2.041,2.024
2018-07-18,70.52,2.018,2.80,2.050,2.068,2.053
2018-07-19,71.94,2.020,2.75,2.051,2.050,2.051
2018-07-20,71.99,2.038,2.79,2.063,2.060,2.063
2018-07-23,73.45,2.073,2.79,2.078,2.101,2.080
2018-07-24,73.53,2.077,2.73,2.090,2.102,2.093
2018-07-25,73.67,2.100,2.82,2.111,2.162,2.117
2018-07-26,74.51,2.139,2.82,2.129,2.192,2.142
2018-07-27,74.84,2.143,2.78,2.112,2.196,2.119
2018-07-30,74.99,2.132,2.75,2.123,2.185,2.131
2018-07-31,74.16,2.107,2.82,2.094,2.154,2.114
2018-08-01,72.28,2.067,2.80,2.058,2.069,2.071
2018-08-02,72.95,2.082,2.77,2.090,2.094,2.100
2018-08-03,72.48,2.089,2.86,2.095,2.072,2.105
2018-08-06,72.51,2.086,2.85,2.097,2.068,2.112
2018-08-07,72.31,2.121,2.95,2.122,2.093,2.130
2018-08-08,70.71,2.039,2.99,2.071,2.012,2.079
2018-08-09,70.55,2.028,3.02,2.070,1.963,2.065
2018-08-10,71.00,2.065,2.96,2.100,1.990,2.097
2018-08-13,70.62,2.055,2.92,2.099,1.968,2.094
2018-08-14,70.77,2.062,3.02,2.086,1.977,2.091
2018-08-15,68.38,2.011,3.02,2.047,1.916,2.059
2018-08-16,69.21,2.012,3.02,2.054,1.970,2.074
2018-08-17,70.14,2.007,3.01,2.054,1.955,2.064
2018-08-20,71.11,2.039,3.04,2.067,2.022,2.077
2018-08-21,71.65,2.044,3.01,2.078,2.027,2.086
2018-08-22,72.96,2.098,3.02,2.129,2.111,2.134
2018-08-23,73.73,2.095,3.01,2.137,2.090,2.139
2018-08-24,74.41,2.109,2.99,2.159,2.217,2.161
2018-08-27,74.41,2.119,2.98,2.183,2.229,2.193
2018-08-28,75.91,2.098,2.98,2.182,2.213,2.180
2018-08-29,76.07,2.123,2.96,2.218,2.245,2.208
2018-08-30,77.05,2.158,2.96,2.214,2.315,2.204
2018-08-31,76.94,2.154,2.98,2.209,2.170,2.191
2018-09-03,77.81,,,,,
2018-09-04,77.51,2.138,2.96,2.211,2.168,2.199
2018-09-05,76.68,2.079,3.00,2.200,2.149,2.192
2018-09-06,75.67,2.049,2.93,2.173,2.142,2.156
2018-09-07,75.55,2.065,2.88,2.181,2.175,2.166
2018-09-10,76.77,2.021,2.90,2.177,2.153,2.164
2018-09-11,78.22,2.085,2.94,2.211,2.207,2.211
2018-09-12,80.02,2.107,2.98,2.216,2.212,2.211
2018-09-13,77.66,2.057,2.94,2.182,2.172,2.177
2018-09-14,77.87,2.034,2.91,2.165,2.144,2.160
2018-09-17,78.22,2.039,2.95,2.160,2.144,2.130
2018-09-18,79.25,2.082,3.00,2.194,2.187,2.157
2018-09-19,79.43,2.097,3.11,2.201,2.192,2.174
2018-09-20,79.03,2.079,3.07,2.182,2.194,2.157
2018-09-21,78.90,2.080,3.02,2.177,2.200,2.150
2018-09-24,80.89,2.126,3.04,2.243,2.331,2.217
2018-09-25,82.21,2.135,3.12,2.261,2.335,2.226
2018-09-26,81.87,2.129,3.10,2.268,2.336,2.228
2018-09-27,81.54,2.144,3.05,2.276,2.351,2.236
2018-09-28,82.72,2.158,3.01,2.307,2.365,2.267
2018-10-01,84.94,2.195,3.13,2.364,2.453,2.327
2018-10-02,85.63,2.204,3.14,2.352,2.481,2.317
2018-10-03,85.45,2.219,3.26,2.385,2.474,2.345
2018-10-04,86.07,2.189,3.39,2.354,2.379,2.312
2018-10-05,85.12,2.170,3.25,2.343,2.360,2.301
2018-10-08,84.22,2.175,3.28,2.347,2.423,2.315
2018-10-09,85.16,2.157,3.40,2.372,2.390,2.342
2018-10-10,83.82,2.100,3.45,2.340,2.332,2.310
2018-10-11,81.35,2.014,3.16,2.281,2.244,2.244
2018-10-12,80.71,2.024,3.19,2.277,2.359,2.237
2018-10-15,80.91,2.023,3.26,2.276,2.351,2.241
2018-10-16,80.53,2.059,3.27,2.290,2.301,2.255
2018-10-17,79.91,2.008,3.30,2.263,2.275,2.230
2018-10-18,80.30,1.958,3.28,2.249,2.258,2.217
2018-10-19,80.38,1.991,3.20,2.254,2.316,2.229
2018-10-22,80.45,1.985,3.20,2.270,2.385,2.247
2018-10-23,78.67,1.913,3.28,2.191,2.278,2.163
2018-10-24,77.34,1.873,3.42,2.182,1.998,2.157
2018-10-25,77.30,1.881,3.42,2.218,2.006,2.193
2018-10-26,77.40,1.901,3.27,2.250,1.988,2.220
2018-10-29,77.56,1.895,3.20,2.222,2.005,2.190
2018-10-30,75.68,1.883,3.27,2.208,1.915,2.173
2018-10-31,74.84,1.833,3.31,2.193,1.878,2.158
2018-11-01,71.25,1.778,3.36,2.147,1.823,2.114
2018-11-02,71.11,1.763,3.26,2.118,1.808,2.086
2018-11-05,72.68,1.743,3.53,2.129,1.828,2.109
2018-11-06,70.64,1.755,3.53,2.124,1.885,2.108
2018-11-07,70.10,1.712,3.54,2.171,1.822,2.147
2018-11-08,69.29,1.714,3.54,2.096,1.789,2.067
2018-11-09,69.01,1.678,3.74,2.084,1.753,2.057
2018-11-12,69.81,1.682,3.96,2.048,1.695,2.033
2018-11-13,65.45,1.599,4.10,1.970,1.623,1.950
2018-11-14,64.88,1.619,4.10,2.003,1.643,1.978
2018-11-15,65.61,1.620,4.69,1.980,1.641,1.943
2018-11-16,65.29,1.648,4.30,1.984,1.669,1.969
2018-11-19,64.14,1.646,4.65,1.994,1.779,1.986
2018-11-20,61.50,1.567,4.65,1.892,1.697,1.877
2018-11-21,61.65,1.574,4.70,1.875,1.857,1.860
2018-11-22,61.11,,,,,
2018-11-23,57.69,,,,,
2018-11-26,59.70,1.513,4.28,1.793,1.840,1.778
2018-11-27,59.58,1.501,4.28,1.777,1.654,1.787
2018-11-28,57.97,1.464,4.50,1.749,1.569,1.742
2018-11-29,58.29,1.524,4.50,1.749,1.629,1.741
2018-11-30,57.71,1.511,4.61,1.728,1.546,1.728
2018-12-03,60.17,1.525,4.40,1.785,1.545,1.790
2018-12-04,61.22,1.518,4.40,1.782,1.508,1.790
2018-12-05,61.40,1.526,4.69,1.771,1.524,1.791
2018-12-06,57.83,1.525,4.44,1.763,1.490,1.768
2018-12-07,61.71,1.554,4.51,1.787,1.551,1.787
2018-12-10,60.29,1.503,4.54,1.730,1.485,1.742
2018-12-11,59.73,1.498,4.53,1.737,1.508,1.742
2018-12-12,59.94,1.484,4.53,1.739,1.529,1.744
2018-12-13,59.03,1.546,4.31,1.778,1.591,1.786
2018-12-14,58.56,1.499,3.99,1.738,1.534,1.743
2018-12-17,57.59,1.457,3.80,1.696,1.747,1.701
2018-12-18,55.26,1.400,3.80,1.653,1.850,1.663
2018-12-19,55.60,1.422,3.64,1.689,2.097,1.699
2018-12-20,52.84,1.384,3.70,1.632,1.609,1.650
2018-12-21,51.93,1.360,3.70,1.612,1.560,1.619
2018-12-24,,,,,,
2018-12-25,,,,,,
2018-12-26,,1.397,3.42,1.632,1.597,1.640
2018-12-27,51.49,1.377,3.10,1.588,1.570,1.596
2018-12-28,50.57,1.368,3.25,1.551,1.560,1.564
2018-12-31,,,,,,
2019-01-01,,,,,,
2019-01-02,54.06,1.394,3.25,1.607,1.579,1.607
2019-01-03,53.23,1.405,2.72,1.643,1.525,1.658
2019-01-04,55.64,1.408,2.80,1.691,1.508,1.711
2019-01-07,57.10,1.395,2.74,1.696,1.495,1.714
2019-01-08,56.91,1.413,2.89,1.732,1.510,1.758
2019-01-09,59.46,1.478,2.92,1.788,1.576,1.823
2019-01-10,60.47,1.474,2.95,1.807,1.564,1.842
2019-01-11,59.24,1.453,2.95,1.791,1.550,1.826
2019-01-14,58.80,1.413,3.36,1.763,1.565,1.796
2019-01-15,58.65,1.449,3.54,1.787,1.634,1.805
2019-01-16,59.81,1.447,3.58,1.819,1.657,1.821
2019-01-17,59.85,1.456,3.58,1.811,1.669,1.806
2019-01-18,62.04,1.476,3.43,1.846,1.809,1.836
2019-01-21,62.18,,,,,
2019-01-22,60.90,1.435,3.43,1.841,1.745,1.828
2019-01-23,61.05,1.417,3.13,1.828,1.673,1.821
2019-01-24,61.09,1.417,3.13,1.826,1.673,1.819
2019-01-25,61.49,1.421,3.07,1.836,1.589,1.836
2019-01-28,59.71,1.369,3.05,1.789,1.552,1.797
2019-01-29,60.98,1.385,2.94,1.844,1.538,1.851
2019-01-30,61.89,1.438,3.00,1.853,1.678,1.858
2019-01-31,62.46,1.410,2.82,1.838,1.648,1.841
2019-02-01,61.86,1.463,2.70,1.867,1.808,1.865
2019-02-04,62.26,1.468,2.57,1.854,1.873,1.866
2019-02-05,61.67,1.457,2.54,1.843,1.862,1.856
2019-02-06,62.22,1.485,2.58,1.852,1.902,1.872
2019-02-07,61.01,1.468,2.62,1.846,1.871,1.851
2019-02-08,61.37,1.492,2.66,1.848,1.802,1.863
2019-02-11,61.30,1.470,2.76,1.828,1.825,1.833
2019-02-12,62.58,1.478,2.71,1.845,1.798,1.845
2019-02-13,63.27,1.517,2.61,1.880,1.819,1.875
2019-02-14,64.00,1.558,2.61,1.915,1.841,1.910
2019-02-15,65.65,1.629,2.59,1.959,1.904,2.017
2019-02-18,66.41,,,,,
2019-02-19,65.86,1.620,2.69,1.940,1.895,1.995
2019-02-20,66.82,1.651,2.69,1.959,1.901,1.954
2019-02-21,66.91,1.669,2.73,1.979,1.744,1.969
2019-02-22,66.91,1.672,2.74,1.974,1.742,1.957
2019-02-25,64.02,1.612,2.84,1.923,1.710,1.905
2019-02-26,64.51,1.655,2.74,1.950,1.753,1.933
2019-02-27,65.55,1.695,2.89,1.970,1.700,1.953
2019-02-28,65.03,1.679,2.89,1.977,1.689,1.955
2019-03-01,63.71,1.776,3.19,1.947,1.816,1.924
2019-03-04,64.44,1.667,4.25,1.960,1.837,1.915
2019-03-05,64.24,1.685,3.18,1.960,1.855,1.913
2019-03-06,64.51,1.717,3.18,1.956,1.877,1.906
2019-03-07,64.82,1.732,2.90,1.948,1.912,1.898
2019-03-08,65.66,1.736,2.90,1.939,1.916,1.897
2019-03-11,65.06,1.762,2.86,1.939,1.942,1.894
2019-03-12,65.33,1.754,2.83,1.932,1.939,1.884
2019-03-13,65.89,1.803,2.87,1.943,1.958,1.906
2019-03-14,66.18,1.831,2.95,1.931,1.926,1.894
2019-03-15,66.11,1.833,2.95,1.918,1.941,1.886
2019-03-18,66.65,1.865,2.90,1.919,1.962,1.886
2019-03-19,67.13,1.877,2.92,1.940,2.017,1.905
2019-03-20,68.35,1.892,2.86,1.963,2.037,1.923
2019-03-21,68.30,1.914,2.86,1.939,2.159,1.904
2019-03-22,66.29,1.903,2.75,1.917,2.093,1.882
2019-03-25,67.37,1.893,2.72,1.937,2.111,1.907
2019-03-26,67.51,1.915,2.74,1.945,2.252,1.915
2019-03-27,67.35,1.847,2.69,1.933,2.189,1.903
2019-03-28,66.08,1.824,2.69,1.927,2.169,1.897
2019-03-29,67.93,1.831,2.73,1.926,2.176,1.896
2019-04-01,69.08,1.838,2.73,1.955,2.201,1.916
2019-04-02,69.68,1.865,2.76,1.962,2.290,1.932
2019-04-03,69.21,1.970,2.74,1.961,2.350,1.931
2019-04-04,69.80,1.954,2.66,1.964,2.349,1.934
2019-04-05,69.93,1.992,2.62,1.997,2.507,1.967
2019-04-08,71.12,2.008,2.72,2.009,2.523,1.979
2019-04-09,71.02,2.019,2.71,2.001,2.559,1.969
2019-04-10,71.63,2.074,2.72,2.028,2.622,1.993
2019-04-11,71.30,2.050,2.72,2.021,2.633,1.986
2019-04-12,71.57,2.047,2.75,2.016,2.554,1.977
2019-04-15,70.90,2.035,2.75,2.012,2.537,1.969
2019-04-16,70.74,2.058,2.66,2.032,2.536,1.989
2019-04-17,71.14,2.066,2.55,2.019,2.544,1.979
2019-04-18,70.71,2.092,2.54,2.021,2.602,1.986
2019-04-19,,,,,,
2019-04-22,70.71,2.146,2.61,2.056,2.661,2.021
2019-04-23,74.39,2.147,2.53,2.067,2.567,2.032
2019-04-24,73.59,2.138,2.53,2.046,2.563,2.016
2019-04-25,74.94,2.118,2.54,2.049,2.508,2.022
2019-04-26,71.03,2.077,2.58,1.990,2.417,1.958
2019-04-29,71.22,2.074,2.58,2.004,2.549,1.969
2019-04-30,72.19,2.052,2.59,2.025,2.585,1.990
2019-05-01,72.01,1.999,2.59,2.041,2.552,2.006
2019-05-02,70.56,2.005,2.63,2.021,2.492,1.976
2019-05-03,71.95,1.971,2.59,2.021,2.526,1.977
2019-05-06,71.95,1.949,2.54,2.032,2.504,1.992
2019-05-07,70.98,1.884,2.54,1.985,2.409,1.955
2019-05-08,71.09,1.918,2.64,2.011,2.293,1.986
2019-05-09,70.61,1.918,2.62,1.992,2.248,1.977
2019-05-10,71.63,1.937,2.64,2.006,2.187,1.998
2019-05-13,72.35,1.905,2.71,1.978,2.153,1.970
2019-05-14,72.53,1.921,2.70,2.004,2.211,1.997
2019-05-15,73.09,1.962,2.69,2.038,2.252,2.028
2019-05-16,74.70,2.010,2.62,2.077,2.290,2.072
2019-05-17,73.94,1.980,2.61,2.043,2.248,2.043
2019-05-20,73.21,1.957,2.70,2.026,2.222,2.023
2019-05-21,72.94,1.959,2.73,2.028,2.212,2.038
2019-05-22,71.94,1.918,2.73,1.991,2.143,1.984
2019-05-23,68.37,1.848,2.56,1.915,2.073,1.905
2019-05-24,67.98,1.875,2.60,1.933,2.110,1.943
2019-05-27,,,,,,
2019-05-28,70.19,1.880,2.65,1.939,2.115,1.939
2019-05-29,70.64,1.868,2.69,1.920,2.143,1.922
2019-05-30,69.55,1.801,2.69,1.870,2.051,1.875
2019-05-31,66.78,1.727,2.59,1.797,1.958,1.802
2019-06-03,63.16,1.623,2.50,1.758,1.888,1.761
2019-06-04,63.56,1.639,2.45,1.780,1.879,1.785
2019-06-05,62.14,1.629,2.45,1.733,1.849,1.738
2019-06-06,62.77,1.663,2.40,1.763,1.883,1.778
2019-06-07,64.10,1.677,2.43,1.781,1.895,1.799
2019-06-10,64.31,1.671,2.42,1.766,1.889,1.783
2019-06-11,63.56,1.714,2.41,1.775,1.909,1.800
2019-06-12,61.66,1.639,2.43,1.726,1.834,1.741
2019-06-13,63.28,1.692,2.43,1.761,1.782,1.771
2019-06-14,63.13,1.701,2.37,1.786,1.791,1.793
2019-06-17,62.56,1.665,2.46,1.757,1.712,1.765
2019-06-18,63.35,1.694,2.44,1.786,1.719,1.797
2019-06-19,62.85,1.729,2.43,1.790,1.726,1.800
2019-06-20,65.44,1.774,2.38,1.846,1.772,1.857
2019-06-21,65.99,1.846,2.27,1.873,1.781,1.884
2019-06-24,65.16,1.830,2.31,1.860,1.770,1.872
2019-06-25,66.24,1.865,2.31,1.880,1.903,1.882
2019-06-26,66.85,1.933,2.34,1.923,1.983,1.928
2019-06-27,66.78,1.909,2.32,1.907,2.029,1.915
2019-06-28,67.52,1.913,2.42,1.883,2.030,1.888
2019-07-01,65.10,1.893,2.33,1.893,2.043,1.915
2019-07-02,62.72,1.891,2.30,1.837,1.996,1.867
2019-07-03,63.53,1.919,2.29,1.850,1.974,1.877
2019-07-04,63.62,,,,,
2019-07-05,64.23,,,,,
2019-07-08,64.89,1.893,2.39,1.835,1.928,1.865
2019-07-09,64.30,1.927,2.41,1.860,1.947,1.890
2019-07-10,66.41,1.991,2.49,1.931,2.016,1.984
2019-07-11,67.64,1.982,2.54,1.933,1.977,2.005
2019-07-12,66.65,1.961,2.54,1.931,1.926,2.001
2019-07-15,66.86,1.908,2.53,1.897,1.873,1.962
2019-07-16,65.87,1.893,2.53,1.862,1.863,1.905
2019-07-17,63.67,1.855,2.44,1.831,1.822,1.878
2019-07-18,60.70,1.825,2.38,1.832,1.793,1.877
2019-07-19,61.04,1.832,2.30,1.849,1.797,1.892
2019-07-22,61.96,1.816,2.33,1.860,1.776,1.900
2019-07-23,62.28,1.846,2.34,1.881,1.791,1.921
2019-07-24,63.83,1.844,2.33,1.867,1.844,1.905
2019-07-25,63.47,1.866,2.26,1.868,1.866,1.895
2019-07-26,62.46,1.866,2.23,1.864,1.974,1.902
2019-07-29,62.29,1.858,2.23,1.873,1.965,1.911
2019-07-30,62.55,1.887,2.22,1.913,2.010,1.953
2019-07-31,64.07,1.877,2.28,1.908,2.012,1.948
2019-08-01,62.90,1.773,2.36,1.822,1.810,1.860
2019-08-02,61.12,1.784,2.12,1.829,1.821,1.852
2019-08-05,59.32,1.734,2.02,1.794,1.762,1.817
2019-08-06,58.63,1.701,2.15,1.780,1.723,1.797
2019-08-07,55.03,1.660,2.18,1.730,1.683,1.743
2019-08-08,56.29,1.667,2.13,1.737,1.674,1.752
2019-08-09,57.37,1.679,2.09,1.747,1.686,1.760
2019-08-12,57.13,1.678,2.21,1.754,1.695,1.766
2019-08-13,59.90,1.745,2.24,1.826,1.772,1.836
2019-08-14,57.86,1.684,2.22,1.788,1.711,1.800
2019-08-15,57.37,1.645,2.19,1.763,1.750,1.768
2019-08-16,59.00,1.659,2.20,1.773,1.766,1.769
2019-08-19,59.79,1.687,2.26,1.793,1.744,1.803
2019-08-20,59.03,1.703,2.35,1.813,1.760,1.823
2019-08-21,60.60,1.721,2.31,1.819,1.776,1.829
2019-08-22,59.81,1.694,2.28,1.801,1.767,1.814
2019-08-23,58.64,1.671,2.15,1.775,1.816,1.787
2019-08-26,58.64,1.649,2.23,1.765,1.796,1.772
2019-08-27,58.44,1.675,2.24,1.781,1.850,1.789
2019-08-28,60.42,1.721,2.24,1.821,2.096,1.824
2019-08-29,60.59,1.708,2.36,1.832,2.208,1.835
2019-08-30,61.04,1.643,2.33,1.796,2.138,1.811
2019-09-02,58.55,,,,,
2019-09-03,57.93,1.501,2.39,1.769,1.976,1.784
2019-09-04,60.68,1.672,2.48,1.849,2.116,1.827
2019-09-05,62.70,1.675,2.49,1.851,2.045,1.826
2019-09-06,61.28,1.711,2.49,1.863,2.076,1.830
2019-09-09,63.99,1.726,2.65,1.892,1.961,1.857
2019-09-10,64.67,1.729,2.67,1.896,1.904,1.861
2019-09-11,63.02,1.699,2.63,1.868,1.884,1.836
2019-09-12,60.76,1.679,2.62,1.846,1.904,1.816
2019-09-13,61.25,1.686,2.61,1.840,1.903,1.798
2019-09-16,68.42,1.859,2.75,2.014,2.077,1.972
2019-09-17,65.59,1.800,2.70,1.950,2.117,1.918
2019-09-18,64.29,1.777,2.72,1.938,2.155,1.910
2019-09-19,64.25,1.818,2.65,1.977,2.080,1.946
2019-09-20,65.23,1.789,2.34,1.965,2.064,1.957
2019-09-23,64.66,1.781,2.55,1.954,2.218,1.942
2019-09-24,64.13,1.748,2.55,1.919,2.185,1.907
2019-09-25,62.41,1.726,2.54,1.916,2.163,1.902
2019-09-26,62.08,1.763,2.57,1.914,2.198,1.902
2019-09-27,62.48,1.754,2.41,1.905,2.189,1.903
2019-09-30,60.99,1.707,2.37,1.879,1.885,1.852
2019-10-01,60.06,1.679,2.36,1.878,1.829,1.850
2019-10-02,57.92,1.690,2.36,1.840,2.768,1.818
2019-10-03,58.01,1.652,2.31,1.849,2.652,1.827
2019-10-04,59.13,1.673,2.25,1.880,2.673,1.847
2019-10-07,59.46,1.674,2.36,1.881,2.724,1.856
2019-10-08,58.14,1.673,2.29,1.874,2.398,1.849
2019-10-09,59.70,1.703,2.26,1.882,2.335,1.854
2019-10-10,59.08,1.734,2.26,1.886,2.367,1.856
2019-10-11,60.59,1.759,2.13,1.913,2.462,1.883
2019-10-14,58.81,1.729,2.13,1.867,2.362,1.837
2019-10-15,59.19,1.729,2.29,1.874,2.364,1.844
2019-10-16,59.30,1.740,2.44,1.889,2.371,1.871
2019-10-17,59.35,1.749,2.29,1.894,2.024,1.884
2019-10-18,59.96,1.751,2.08,1.884,2.019,1.869
2019-10-21,58.95,1.740,2.13,1.881,1.952,1.874
2019-10-22,60.50,1.719,2.21,1.886,1.819,1.881
2019-10-23,60.52,1.756,2.34,1.903,1.858,1.900
2019-10-24,61.71,1.767,2.33,1.923,1.840,1.920
2019-10-25,62.06,1.777,2.26,1.909,1.889,1.906
2019-10-28,60.39,1.784,2.49,1.890,2.011,1.880
2019-10-29,61.05,1.791,2.61,1.866,2.024,1.871
2019-10-30,60.22,1.760,2.71,1.824,1.992,1.829
2019-10-31,59.30,1.721,2.73,1.775,2.296,1.800
2019-11-01,60.17,1.745,2.54,1.831,2.355,1.856
2019-11-04,62.52,1.787,2.77,1.852,2.357,1.829
2019-11-05,62.72,1.796,2.77,1.866,2.371,1.866
2019-11-06,62.11,1.732,2.82,1.846,2.325,1.833
2019-11-07,62.60,1.732,2.84,1.836,1.987,1.821
2019-11-08,62.00,1.730,2.87,1.837,2.005,1.827
2019-11-11,62.58,,,,,
2019-11-12,62.19,1.699,2.72,1.806,1.939,1.801
2019-11-13,62.27,1.724,2.66,1.821,1.924,1.824
2019-11-14,62.46,1.698,2.68,1.818,1.906,1.801
2019-11-15,63.32,1.715,2.70,1.847,1.763,1.830
2019-11-18,62.82,1.678,2.64,1.798,1.785,1.770
2019-11-19,62.37,1.659,2.53,1.760,1.766,1.725
2019-11-20,63.80,1.716,2.56,1.804,1.754,1.774
2019-11-21,64.99,1.748,2.53,1.846,1.788,1.828
2019-11-22,64.83,1.733,2.62,1.853,1.698,1.843
2019-11-25,64.67,1.730,2.51,1.863,1.695,1.850
2019-11-26,64.82,1.739,2.51,1.883,1.762,1.858
2019-11-27,65.03,1.714,2.46,1.866,1.729,1.851
2019-11-28,64.68,,,,,
2019-11-29,64.50,,2.46,,,
2019-12-02,63.20,1.613,2.29,1.808,1.615,1.796
2019-12-03,62.95,1.602,2.42,1.806,1.547,1.799
2019-12-04,65.25,1.642,2.43,1.839,1.537,1.834
2019-12-05,65.67,1.660,2.42,1.840,1.559,1.833
2019-12-06,66.50,1.687,2.31,1.854,1.582,1.842
2019-12-09,66.44,1.698,2.17,1.847,1.623,1.830
2019-12-10,66.57,1.700,2.18,1.865,1.617,1.857
2019-12-11,65.37,1.675,2.28,1.830,1.590,1.822
2019-12-12,66.67,1.677,2.28,1.851,1.562,1.839
2019-12-13,67.44,1.702,2.28,1.882,1.587,1.865
2019-12-16,68.04,1.708,2.34,1.905,1.628,1.887
2019-12-17,68.99,1.727,2.30,1.939,1.676,1.922
2019-12-18,69.12,1.734,2.26,1.923,1.682,1.913
2019-12-19,69.70,1.751,2.21,1.936,1.706,1.936
2019-12-20,68.66,1.746,2.27,1.928,1.706,1.931
2019-12-23,67.49,1.752,2.17,1.949,1.717,1.946
2019-12-24,69.26,1.768,2.11,1.963,1.733,1.961
2019-12-25,,,,,,
2019-12-26,69.26,1.791,2.09,1.977,1.786,1.977
2019-12-27,68.91,1.785,1.75,1.970,1.795,1.980
2019-12-30,68.30,1.766,2.06,1.960,1.774,1.965
2019-12-31,67.77,1.738,2.09,1.945,1.738,1.942
2020-01-01,,,,,,
2020-01-02,67.05,1.744,2.05,1.947,1.742,1.934
2020-01-03,69.08,1.792,2.06,1.974,1.789,1.972
2020-01-06,70.25,1.783,2.10,1.944,1.811,1.941
2020-01-07,68.74,1.758,2.17,1.947,1.788,1.949
2020-01-08,67.31,1.698,2.09,1.887,1.781,1.892
2020-01-09,66.58,1.696,2.05,1.866,1.858,1.874
2020-01-10,66.77,1.698,2.05,1.849,1.861,1.856
2020-01-13,64.14,1.698,2.03,1.814,1.866,1.821
2020-01-14,64.45,1.695,2.15,1.822,1.897,1.822
2020-01-15,63.29,1.686,2.01,1.792,1.879,1.792
2020-01-16,64.63,1.703,2.06,1.754,1.888,1.774
2020-01-17,64.05,1.686,2.07,1.773,1.846,1.773
2020-01-20,64.63,,,,,
2020-01-21,63.66,1.677,1.98,1.736,1.837,1.736
2020-01-22,62.11,1.618,1.89,1.713,1.778,1.711
2020-01-23,61.26,1.603,1.95,1.703,1.903,1.702
2020-01-24,59.34,1.559,1.91,1.662,1.909,1.665
2020-01-27,58.54,1.517,2.03,1.595,1.852,1.598
2020-01-28,59.37,1.543,1.96,1.638,1.878,1.641
2020-01-29,59.46,1.571,1.93,1.618,1.883,1.620
2020-01-30,57.72,1.562,1.94,1.584,1.910,1.584
2020-01-31,57.77,1.534,1.91,1.544,1.879,1.504
2020-02-03,54.00,1.505,1.90,1.490,1.868,1.450
2020-02-04,53.90,1.480,1.89,1.496,1.843,1.451
2020-02-05,55.36,1.534,1.89,1.557,1.898,1.520
2020-02-06,55.18,1.531,1.86,1.598,1.898,1.553
2020-02-07,54.53,1.563,1.93,1.564,1.846,1.522
2020-02-10,53.39,1.562,1.85,1.516,1.842,1.491
2020-02-11,54.00,1.550,1.85,1.554,1.835,1.500
2020-02-12,55.54,1.620,1.91,1.606,1.900,1.560
2020-02-13,56.34,1.616,1.95,1.609,1.936,1.576
2020-02-14,57.37,1.625,1.93,1.627,1.940,1.591
2020-02-17,57.83,,,,,
2020-02-18,57.35,1.650,2.04,1.604,1.910,1.559
2020-02-19,59.72,1.705,2.01,1.631,1.965,1.584
2020-02-20,59.57,1.705,1.98,1.628,1.955,1.583
2020-02-21,58.60,1.690,1.96,1.622,1.922,1.582
2020-02-24,56.71,1.650,1.94,1.556,1.892,1.511
2020-02-25,55.29,1.583,1.93,1.514,1.688,1.466
2020-02-26,54.96,1.523,1.96,1.450,1.723,1.412
2020-02-27,52.19,1.470,1.78,1.422,1.670,1.384
2020-02-28,51.31,1.458,1.79,1.436,1.646,1.381
2020-03-02,52.52,1.523,1.75,1.496,1.755,1.438
2020-03-03,52.24,1.510,1.78,1.495,1.742,1.430
2020-03-04,51.86,1.542,1.83,1.503,1.779,1.438
2020-03-05,51.29,1.500,1.89,1.449,1.712,1.379
2020-03-06,45.60,1.383,1.76,1.347,1.535,1.275
2020-03-09,35.33,1.129,1.74,1.114,1.229,1.039
2020-03-10,35.57,1.175,1.91,1.204,1.277,1.112
2020-03-11,34.45,1.092,1.96,1.184,1.228,1.057
2020-03-12,31.02,0.895,1.82,1.090,1.063,0.945
2020-03-13,32.25,0.929,1.94,1.122,1.097,0.977
2020-03-16,27.98,0.692,1.89,0.988,0.700,0.836
2020-03-17,27.97,0.712,1.89,0.980,0.719,0.838
2020-03-18,22.79,0.657,1.73,0.929,0.629,0.724
2020-03-19,23.98,0.667,1.68,0.982,0.640,0.777
2020-03-20,25.55,0.606,1.76,0.951,0.494,0.716
2020-03-23,23.75,0.449,1.70,0.975,0.387,0.697
2020-03-24,24.50,0.434,1.73,1.010,0.419,0.687
2020-03-25,25.62,0.542,1.80,1.014,0.447,0.692
2020-03-26,23.55,0.518,1.73,1.005,0.450,0.728
2020-03-27,22.39,0.550,1.70,1.004,0.405,0.766
2020-03-30,19.19,0.551,1.65,0.963,0.406,0.725
2020-03-31,14.85,0.543,1.71,0.930,0.348,0.697
2020-04-01,14.97,0.503,1.69,0.875,0.348,0.650
2020-04-02,20.24,0.512,1.55,0.928,0.452,0.705
2020-04-03,24.33,0.533,1.50,1.026,0.503,0.808
2020-04-06,22.58,0.637,1.64,0.977,0.457,0.765
2020-04-07,22.10,0.576,1.83,0.942,0.341,0.729
2020-04-08,25.22,0.635,1.86,0.944,0.385,0.731
2020-04-09,20.23,0.592,1.74,0.903,0.382,0.690
2020-04-10,,,,,,
2020-04-13,,0.614,1.86,0.917,0.414,0.707
2020-04-14,21.74,0.609,1.76,0.874,0.384,0.662
2020-04-15,19.80,0.597,1.68,0.850,0.377,0.625
2020-04-16,18.69,0.600,1.59,0.888,0.325,0.653
2020-04-17,19.75,0.623,1.71,0.894,0.343,0.667
2020-04-20,17.36,0.573,1.78,0.828,0.293,0.600
2020-04-21,9.12,0.471,1.92,0.675,0.406,0.453
2020-04-22,13.77,0.585,1.90,0.685,0.560,0.507
2020-04-23,15.06,0.594,1.86,0.659,0.516,0.497
2020-04-24,15.87,0.617,1.81,0.576,0.534,0.453
2020-04-27,15.17,0.598,1.68,0.540,0.623,0.407
2020-04-28,15.60,0.622,1.80,0.553,0.670,0.416
2020-04-29,17.86,0.683,1.73,0.643,0.758,0.485
2020-04-30,18.11,0.672,1.63,0.699,0.777,0.517
2020-05-01,18.49,0.686,1.69,0.702,0.781,0.480
2020-05-04,20.40,0.769,1.78,0.730,0.864,0.503
2020-05-05,25.46,0.827,1.93,0.809,0.902,0.574
2020-05-06,24.20,0.807,1.90,0.724,0.887,0.504
2020-05-07,24.23,0.844,1.84,0.738,0.929,0.518
2020-05-08,,0.877,1.74,0.809,0.982,0.579
2020-05-11,25.53,0.856,1.70,0.802,1.006,0.555
2020-05-12,26.67,0.820,1.61,0.752,0.980,0.629
2020-05-13,27.89,0.753,1.56,0.760,0.923,0.637
2020-05-14,29.87,0.835,1.60,0.831,1.005,0.703
2020-05-15,30.95,0.875,1.66,0.852,1.045,0.725
2020-05-18,33.30,0.954,1.77,0.960,1.119,0.822
2020-05-19,33.06,0.964,1.85,0.898,1.139,0.773
2020-05-20,34.76,0.974,1.83,0.919,1.149,0.824
2020-05-21,34.78,0.973,1.75,0.918,1.168,0.823
2020-05-22,33.80,0.959,1.70,0.908,1.164,0.813
2020-05-25,,,,,,
2020-05-26,33.95,0.973,1.79,0.925,1.168,0.813
2020-05-27,32.73,0.917,1.78,0.891,1.112,0.786
2020-05-28,33.98,0.915,1.79,0.892,1.134,0.800
2020-05-29,34.15,0.948,1.70,0.943,1.186,0.856
2020-06-01,36.74,0.995,1.59,0.950,1.232,0.856
2020-06-02,37.72,1.017,1.58,1.013,1.237,0.913
2020-06-03,37.98,1.007,1.84,0.970,1.207,0.878
2020-06-04,38.41,1.046,1.68,0.996,1.256,0.896
2020-06-05,41.00,1.131,1.80,1.067,1.316,0.962
2020-06-08,39.66,1.122,1.68,1.043,1.297,0.938
2020-06-09,40.45,1.124,1.68,1.080,1.309,0.970
2020-06-10,41.18,1.125,1.72,1.101,1.300,0.981
2020-06-11,37.76,1.032,1.77,1.019,1.255,0.921
2020-06-12,38.54,1.056,1.67,1.062,1.279,0.964
2020-06-15,39.44,1.097,1.64,1.086,1.320,1.001
2020-06-16,40.75,1.141,1.43,1.127,1.344,1.049
2020-06-17,40.47,1.151,1.55,1.134,1.351,1.039
2020-06-18,41.75,1.198,1.51,1.154,1.398,1.059
2020-06-19,42.33,1.198,1.49,1.158,1.395,1.063
2020-06-22,43.20,1.244,1.64,1.180,1.409,1.080
2020-06-23,42.72,1.255,1.61,1.150,1.400,1.050
2020-06-24,40.40,1.150,1.64,1.101,1.290,1.001
2020-06-25,41.18,1.168,1.53,1.107,1.303,1.007
2020-06-26,40.97,1.094,1.42,1.071,1.214,0.971
2020-06-29,41.58,1.148,1.67,1.123,1.253,1.006
2020-06-30,41.64,1.160,1.76,1.137,1.265,1.020
2020-07-01,42.18,1.178,1.69,1.155,1.265,1.025
2020-07-02,43.19,1.207,1.58,1.180,1.294,1.040
2020-07-03,42.92,,,,,
2020-07-06,42.73,1.205,1.71,1.199,1.327,1.072
2020-07-07,43.28,1.230,1.76,1.191,1.373,1.063
2020-07-08,43.67,1.263,1.78,1.190,1.378,1.067
2020-07-09,42.35,1.215,1.88,1.181,1.345,1.071
2020-07-10,43.27,1.244,1.79,1.193,1.374,1.091
2020-07-13,42.85,1.232,1.75,1.171,1.337,1.066
2020-07-14,42.97,1.229,1.74,1.168,1.334,1.073
2020-07-15,43.96,1.238,1.76,1.196,1.338,1.101
2020-07-16,43.71,1.207,1.79,1.178,1.307,1.068
2020-07-17,43.53,1.197,1.79,1.171,1.232,1.061
2020-07-20,43.30,1.204,1.71,1.189,1.219,1.077
2020-07-21,44.31,1.260,1.66,1.229,1.275,1.119
2020-07-22,43.98,1.259,1.69,1.227,1.334,1.114
2020-07-23,42.96,1.223,1.75,1.200,1.333,1.110
2020-07-24,43.29,1.245,1.77,1.199,1.385,1.112
2020-07-27,43.39,1.239,1.85,1.206,1.379,1.134
2020-07-28,43.11,1.227,1.83,1.191,1.367,1.101
2020-07-29,43.51,1.203,1.77,1.207,1.358,1.117
2020-07-30,42.98,1.183,1.81,1.173,1.348,1.083
2020-07-31,43.13,1.147,1.83,1.177,1.322,1.087
2020-08-03,43.76,1.169,1.95,1.185,1.354,1.095
2020-08-04,43.99,1.179,2.07,1.196,1.324,1.111
2020-08-05,44.92,1.194,2.23,1.207,1.339,1.127
2020-08-06,45.04,1.205,2.26,1.194,1.325,1.127
2020-08-07,44.07,1.182,2.15,1.164,1.302,1.094
2020-08-10,44.19,1.207,2.18,1.183,1.325,1.115
2020-08-11,43.68,1.173,2.19,1.185,1.303,1.122
2020-08-12,45.09,1.223,2.05,1.201,1.340,1.119
2020-08-13,44.87,1.223,2.19,1.190,1.388,1.097
2020-08-14,44.86,1.234,2.23,1.189,1.399,1.097
2020-08-17,44.91,1.258,2.32,1.198,1.436,1.108
2020-08-18,45.34,1.270,2.45,1.205,1.480,1.123
2020-08-19,45.21,1.277,2.43,1.192,1.477,1.094
2020-08-20,44.56,1.292,2.35,1.209,1.489,1.107
2020-08-21,43.94,1.271,2.39,1.163,1.468,1.076
2020-08-24,44.43,1.365,2.57,1.198,1.560,1.110
2020-08-25,46.01,1.375,2.54,1.215,1.550,1.149
2020-08-26,45.79,1.339,2.52,1.240,1.511,1.160
2020-08-27,44.84,1.250,2.52,1.210,1.441,1.105
2020-08-28,45.22,1.284,2.46,1.222,1.491,1.117
2020-08-31,,1.239,2.30,1.173,1.451,1.104
2020-09-01,45.72,1.280,2.22,1.184,1.437,1.104
2020-09-02,42.70,1.251,2.15,1.139,1.409,1.071
2020-09-03,42.72,1.255,2.32,1.116,1.400,1.049
2020-09-04,41.10,1.221,1.80,1.113,1.356,1.041
2020-09-07,40.67,,,,,
2020-09-08,38.53,1.155,2.35,1.050,1.280,0.978
2020-09-09,39.98,1.169,2.21,1.063,1.294,1.005
2020-09-10,39.27,1.139,2.13,1.034,1.209,0.959
2020-09-11,38.80,1.155,1.93,1.049,1.220,0.994
2020-09-14,38.57,1.163,2.18,1.050,1.228,0.988
2020-09-15,39.54,1.192,2.19,1.056,1.262,0.991
2020-09-16,41.23,1.251,2.06,1.074,1.301,1.004
2020-09-17,42.35,1.281,1.65,1.123,1.306,1.041
2020-09-18,42.16,1.288,1.56,1.106,1.298,1.031
2020-09-21,40.37,1.242,1.33,1.061,1.252,0.986
2020-09-22,40.84,1.226,1.49,1.044,1.231,0.956
2020-09-23,41.09,1.232,1.74,1.048,1.242,0.953
2020-09-24,41.24,1.233,1.93,1.073,1.278,0.981
2020-09-25,40.91,1.256,1.90,1.082,1.301,0.990
2020-09-28,41.59,1.291,1.83,1.097,1.351,1.005
2020-09-29,40.33,1.236,1.74,1.060,1.306,0.968
2020-09-30,40.30,1.248,1.66,1.098,1.311,1.038
2020-10-01,39.75,1.217,1.60,1.076,1.260,1.003
2020-10-02,38.00,1.187,1.41,1.035,1.224,0.960
2020-10-05,39.78,1.263,1.92,1.090,1.303,1.028
2020-10-06,41.27,1.285,1.86,1.137,1.340,1.067
2020-10-07,40.62,1.253,2.01,1.123,1.298,1.058
2020-10-08,42.00,1.283,1.49,1.152,1.328,1.087
2020-10-09,41.63,1.252,2.25,1.155,1.287,1.095
2020-10-12,40.50,1.227,2.31,1.115,1.242,1.062
2020-10-13,41.34,1.229,2.14,1.124,1.239,1.064
2020-10-14,41.81,1.248,2.02,1.150,1.238,1.092
2020-10-15,41.61,1.232,2.23,1.146,1.232,1.088
2020-10-16,41.34,1.215,2.16,1.133,1.215,1.076
2020-10-19,41.29,1.201,2.30,1.108,1.244,1.077
2020-10-20,41.62,1.225,2.57,1.125,1.263,1.082
2020-10-21,40.09,1.179,2.95,1.086,1.214,1.038
2020-10-22,41.28,1.188,2.99,1.109,1.239,1.054
2020-10-23,40.71,1.168,2.91,1.112,1.214,1.049
2020-10-26,39.06,1.141,3.14,1.084,1.232,1.024
2020-10-27,39.72,1.168,3.07,1.114,1.254,1.054
2020-10-28,37.86,1.111,3.14,1.077,1.190,1.009
2020-10-29,36.56,1.080,3.06,1.063,1.181,0.986
2020-10-30,36.33,1.078,3.03,1.045,1.190,0.987
2020-11-02,37.78,1.085,3.03,1.079,1.196,1.016
2020-11-03,38.17,1.125,2.88,1.097,1.250,1.037
2020-11-04,39.68,1.135,2.63,1.140,1.292,1.070
2020-11-05,39.47,1.145,2.69,1.144,1.300,1.074
2020-11-06,38.08,1.121,2.67,1.135,1.276,1.053
2020-11-09,40.93,1.186,2.63,1.185,1.304,1.123
2020-11-10,42.25,1.225,2.74,1.224,1.343,1.154
2020-11-11,42.50,1.212,2.75,1.215,1.314,1.145
2020-11-12,42.16,1.183,2.81,1.196,1.286,1.126
2020-11-13,41.51,1.158,2.82,1.173,1.245,1.103
2020-11-16,42.71,1.184,2.62,1.193,1.257,1.107
2020-11-17,42.54,1.190,2.55,1.204,1.249,1.106
2020-11-18,42.91,1.180,2.37,1.229,1.272,1.132
2020-11-19,43.09,1.191,2.19,1.243,1.329,1.151
2020-11-20,43.79,1.202,2.22,1.250,1.338,1.185
2020-11-23,45.00,1.225,2.23,1.276,1.362,1.189
2020-11-24,46.63,1.281,2.47,1.336,1.448,1.246
2020-11-25,47.30,1.311,2.47,1.359,1.484,1.264
2020-11-26,46.32,,,,,
2020-11-27,46.88,,,,,
2020-11-30,46.84,1.271,2.89,1.336,1.384,1.239
2020-12-01,47.03,1.254,2.89,1.308,1.373,1.231
2020-12-02,47.80,1.276,2.75,1.329,1.395,1.251
2020-12-03,48.37,1.288,2.46,1.347,1.318,1.295
2020-12-04,49.10,1.287,2.48,1.357,1.317,1.282
2020-12-07,48.63,1.282,2.39,1.356,1.307,1.286
2020-12-08,48.84,1.294,2.36,1.365,1.314,1.295
2020-12-09,48.81,1.312,2.45,1.359,1.337,1.281
2020-12-10,50.33,1.344,2.45,1.397,1.364,1.306
2020-12-11,50.01,1.338,2.54,1.396,1.383,1.314
2020-12-14,50.27,1.351,2.69,1.418,1.386,1.338
2020-12-15,50.77,1.355,2.63,1.421,1.375,1.346
2020-12-16,50.83,1.385,2.73,1.435,1.405,1.350
2020-12-17,51.20,1.421,2.70,1.451,1.431,1.373
2020-12-18,52.17,1.430,2.73,1.466,1.495,1.388
2020-12-21,50.61,1.387,2.68,1.428,1.452,1.350
2020-12-22,49.88,1.372,2.76,1.409,1.437,1.324
2020-12-23,51.05,1.415,2.76,1.443,1.570,1.363
2020-12-24,50.88,1.413,2.68,1.440,1.568,1.360
2020-12-25,,,,,,
2020-12-28,50.88,1.396,2.39,1.427,1.556,1.343
2020-12-29,50.44,1.417,2.40,1.436,1.567,1.353
2020-12-30,50.74,1.438,2.36,1.436,1.578,1.355
2020-12-31,51.22,1.438,2.39,1.432,1.578,1.340
2021-01-01,,,,,,
2021-01-04,50.37,1.402,2.60,1.397,1.534,1.312
2021-01-05,53.16,1.485,2.77,1.471,1.608,1.376
2021-01-06,53.80,1.503,2.76,1.461,1.621,1.371
2021-01-07,53.70,1.512,2.81,1.491,1.625,1.380
2021-01-08,55.51,1.576,2.77,1.535,1.659,1.424
2021-01-11,54.84,1.549,2.71,1.522,1.631,1.412
2021-01-12,55.98,1.583,2.89,1.546,1.650,1.463
2021-01-13,55.52,1.575,2.82,1.545,1.643,1.462
2021-01-14,55.76,1.596,2.82,1.564,1.631,1.473
2021-01-15,54.80,1.561,2.86,1.534,1.596,1.433
2021-01-18,54.21,,,,,
2021-01-19,55.38,1.580,2.65,1.542,1.615,1.443
2021-01-20,55.66,1.578,2.57,1.541,1.603,1.442
2021-01-21,55.68,1.588,2.49,1.543,1.623,1.444
2021-01-22,55.22,1.578,2.45,1.521,1.708,1.421
2021-01-25,55.44,1.598,2.63,1.543,1.733,1.464
2021-01-26,55.26,1.611,2.73,1.543,1.744,1.409
2021-01-27,55.07,1.607,2.77,1.552,1.727,1.424
2021-01-28,54.87,1.618,2.76,1.546,1.738,1.418
2021-01-29,55.25,1.594,2.68,1.540,1.728,1.417
2021-02-01,56.42,1.628,2.88,1.594,1.740,1.454
2021-02-02,57.62,1.657,3.24,1.629,1.770,1.484
2021-02-03,58.61,1.685,3.01,1.642,1.767,1.505
2021-02-04,58.98,1.682,2.99,1.656,1.764,1.521
2021-02-05,59.48,1.672,3.49,1.667,1.772,1.527
2021-02-08,60.17,1.699,3.40,1.701,1.799,1.567
2021-02-09,60.74,1.688,3.35,1.704,1.793,1.569
2021-02-10,61.17,1.661,3.76,1.701,1.756,1.569
2021-02-11,61.09,1.667,6.50,1.683,1.762,1.554
2021-02-12,62.47,1.712,6.12,1.718,1.722,1.581
2021-02-15,63.58,,,,,
2021-02-16,63.96,1.795,11.32,1.777,1.780,1.632
2021-02-17,65.02,1.831,23.86,1.824,1.816,1.659
2021-02-18,64.09,1.796,8.56,1.789,1.781,1.624
2021-02-19,62.84,1.807,4.96,1.787,1.862,1.618
2021-02-22,64.73,1.862,3.16,1.840,1.922,1.671
2021-02-23,65.16,1.895,2.94,1.846,1.947,1.717
2021-02-24,66.85,1.919,2.80,1.882,1.964,1.754
2021-02-25,66.69,1.912,2.72,1.874,1.962,1.729
2021-02-26,65.86,1.897,2.66,1.818,1.947,1.682
2021-03-01,64.56,1.869,2.70,1.797,2.009,1.645
2021-03-02,63.17,1.880,2.87,1.790,1.985,1.636
2021-03-03,64.70,1.920,2.86,1.816,1.985,1.655
2021-03-04,67.32,1.979,2.79,1.880,2.054,1.719
2021-03-05,69.95,2.050,2.72,1.924,2.125,1.769
2021-03-08,68.00,2.023,2.67,1.877,2.078,1.710
2021-03-09,67.03,2.002,2.62,1.872,2.070,1.702
2021-03-10,67.53,2.049,2.62,1.892,2.117,1.722
2021-03-11,69.34,2.119,2.70,1.940,2.174,1.760
2021-03-12,68.87,2.211,2.65,1.945,2.196,1.760
2021-03-15,68.78,2.166,2.58,1.925,2.166,1.748
2021-03-16,67.95,2.127,2.50,1.901,2.175,1.728
2021-03-17,67.73,2.077,2.60,1.869,2.125,1.686
2021-03-18,62.11,1.941,2.45,1.734,1.998,1.579
2021-03-19,64.00,1.890,2.53,1.787,2.020,1.622
2021-03-22,63.89,1.908,2.55,1.785,2.033,1.633
2021-03-23,59.96,1.850,2.56,1.702,1.950,1.540
2021-03-24,63.70,1.961,2.56,1.783,2.051,1.645
2021-03-25,61.21,1.898,2.52,1.711,1.986,1.573
2021-03-26,63.77,1.925,2.52,1.771,2.043,1.604
2021-03-29,64.06,1.961,2.58,1.777,2.088,1.610
2021-03-30,63.28,1.940,2.55,1.743,2.063,1.588
2021-03-31,63.52,1.938,2.52,1.725,2.031,1.571
2021-04-01,63.85,1.997,2.52,1.778,2.092,1.624
2021-04-02,,,,,,
2021-04-05,,1.940,2.43,1.728,2.045,1.582
2021-04-06,61.47,1.953,2.44,1.750,2.044,1.596
2021-04-07,61.86,1.930,2.43,1.758,2.005,1.604
2021-04-08,62.09,1.947,2.47,1.765,2.017,1.610
2021-04-09,61.89,1.956,2.48,1.760,2.041,1.805
2021-04-12,62.38,1.960,2.50,1.764,2.040,1.623
2021-04-13,62.83,1.970,2.57,1.772,2.050,1.632
2021-04-14,66.11,2.018,2.65,1.836,2.098,1.696
2021-04-15,66.13,2.040,2.62,1.851,2.145,1.710
2021-04-16,65.98,2.029,2.63,1.845,2.134,1.699
2021-04-19,66.54,2.029,2.75,1.847,2.142,1.701
2021-04-20,65.34,2.000,2.76,1.828,2.110,1.682
2021-04-21,64.02,1.946,2.72,1.801,2.066,1.644
2021-04-22,65.07,1.953,2.77,1.818,2.078,1.661
2021-04-23,65.75,1.967,2.79,1.830,2.122,1.670
2021-04-26,65.50,1.946,2.73,1.833,2.104,1.673
2021-04-27,66.25,1.995,2.91,1.848,2.147,1.703
2021-04-28,67.08,2.036,2.98,1.869,2.189,1.724
2021-04-29,68.26,2.081,2.91,1.911,2.221,1.729
2021-04-30,67.73,2.055,2.86,1.871,2.190,1.689
2021-05-03,,2.093,2.96,1.905,2.220,1.722
2021-05-04,68.91,2.147,3.00,1.954,2.275,1.762
2021-05-05,69.71,2.132,2.99,1.947,2.262,1.755
2021-05-06,68.62,2.107,2.90,1.946,2.242,1.749
2021-05-07,68.73,2.121,2.90,1.961,2.266,1.750
2021-05-10,68.61,2.118,2.93,1.965,2.255,1.749
2021-05-11,68.83,2.137,2.91,1.994,2.252,1.770
2021-05-12,69.62,2.172,2.91,2.024,2.262,1.810
2021-05-13,67.36,2.098,2.95,1.950,2.148,1.736
2021-05-14,69.24,2.151,2.95,1.990,2.186,1.775
2021-05-17,69.62,2.175,2.99,2.011,2.230,1.777
2021-05-18,69.01,2.175,2.96,2.006,2.238,1.772
2021-05-19,66.88,2.097,2.88,1.958,2.185,1.738
2021-05-20,65.18,2.021,2.86,1.909,2.151,1.672
2021-05-21,66.72,2.056,2.84,1.945,2.226,1.699
2021-05-24,68.59,2.093,2.78,1.993,2.268,1.765
2021-05-25,68.80,2.084,2.87,1.977,2.242,1.750
2021-05-26,68.93,2.119,2.91,1.996,2.282,1.763
2021-05-27,69.43,2.122,2.85,2.006,2.287,1.773
2021-05-28,69.36,2.110,2.91,1.992,2.304,1.759
2021-05-31,,,,,,
2021-06-01,70.03,2.145,3.02,2.030,2.340,1.797
2021-06-02,70.60,2.153,3.09,2.056,2.353,1.823
2021-06-03,70.71,2.161,3.01,2.053,2.366,1.818
2021-06-04,71.30,2.164,3.01,2.064,2.349,1.828
2021-06-07,70.89,2.155,2.98,2.064,2.290,1.829
2021-06-08,71.39,2.186,3.11,2.089,2.306,1.854
2021-06-09,71.31,2.157,3.13,2.071,2.277,1.819
2021-06-10,71.65,2.169,3.13,2.089,2.292,1.841
2021-06-11,72.05,2.143,3.23,2.067,2.261,1.822
2021-06-14,72.27,2.138,3.36,2.060,2.298,1.847
2021-06-15,73.38,2.135,3.31,2.063,2.262,1.855
2021-06-16,73.88,2.105,3.25,2.042,2.233,1.834
2021-06-17,72.92,2.096,3.24,2.015,2.186,1.826
2021-06-18,73.10,2.129,3.23,2.036,2.254,1.863
2021-06-21,74.49,2.157,3.15,2.072,2.282,1.899
2021-06-22,74.92,2.190,3.21,2.100,2.340,1.933
2021-06-23,75.22,2.241,3.36,2.107,2.366,1.939
2021-06-24,75.95,2.233,3.30,2.111,2.378,1.903
2021-06-25,76.45,2.217,3.40,2.093,2.362,1.882
2021-06-28,74.78,2.175,3.62,2.066,2.322,1.876
2021-06-29,75.38,2.211,3.75,2.078,2.361,1.884
2021-06-30,76.94,2.209,3.79,2.077,2.359,1.883
2021-07-01,76.69,2.232,3.76,2.091,2.370,1.897
2021-07-02,77.51,2.276,3.67,2.123,2.398,1.934
2021-07-05,78.34,,,,,
2021-07-06,75.81,2.209,3.68,2.063,2.326,1.870
2021-07-07,74.31,2.176,3.66,2.030,2.293,1.837
2021-07-08,75.07,2.234,3.56,2.071,2.332,1.878
2021-07-09,77.14,2.261,3.71,2.095,2.359,1.902
2021-07-12,76.77,2.265,3.70,2.096,2.330,1.923
2021-07-13,77.50,2.302,3.78,2.127,2.367,1.954
2021-07-14,75.74,2.288,3.80,2.084,2.358,1.904
2021-07-15,74.53,2.244,3.68,2.051,2.321,1.864
2021-07-16,74.46,2.243,3.70,2.050,2.320,1.865
2021-07-19,69.33,2.112,3.75,1.932,2.192,1.747
2021-07-20,70.03,2.139,3.82,1.956,2.224,1.846
2021-07-21,72.54,2.215,3.94,2.029,2.305,1.839
2021-07-22,74.25,2.264,4.02,2.072,2.364,1.886
2021-07-23,74.86,2.292,4.11,2.079,2.412,1.890
2021-07-26,74.79,2.319,4.09,2.102,2.439,1.913
2021-07-27,74.87,2.316,4.15,2.089,2.446,1.899
2021-07-28,75.09,2.305,4.10,2.094,2.445,1.901
2021-07-29,76.30,2.352,4.03,2.132,2.492,1.940
2021-07-30,77.72,2.359,3.94,2.133,2.486,1.936
2021-08-02,73.91,2.283,4.02,2.085,2.411,1.887
2021-08-03,73.24,2.292,4.06,2.067,2.397,1.858
2021-08-04,70.99,2.258,4.20,2.013,2.333,1.789
2021-08-05,72.14,2.312,4.27,2.045,2.387,1.821
2021-08-06,71.02,2.265,4.21,2.018,2.340,1.804
2021-08-09,69.65,2.260,4.24,1.986,2.310,1.791
2021-08-10,71.14,2.284,4.12,2.026,2.334,1.816
2021-08-11,71.99,2.324,4.07,2.052,2.374,1.843
2021-08-12,71.79,2.289,4.10,2.043,2.364,1.838
2021-08-13,70.90,2.263,3.95,2.008,2.338,1.806
2021-08-16,70.07,2.219,3.93,1.995,2.281,1.795
2021-08-17,69.40,2.180,3.92,1.982,2.250,1.782
2021-08-18,68.61,2.120,3.86,1.944,2.193,1.742
2021-08-19,66.80,2.082,3.83,1.916,2.142,1.710
2021-08-20,65.51,2.008,3.94,1.846,2.068,1.645
2021-08-23,69.07,2.113,3.93,1.945,2.211,1.769
2021-08-24,71.21,2.174,3.95,2.018,2.241,1.842
2021-08-25,72.12,2.291,4.03,2.066,2.511,1.880
2021-08-26,70.42,2.261,4.07,2.028,2.481,1.842
2021-08-27,72.26,2.285,4.35,2.058,2.485,1.879
2021-08-30,,2.320,4.25,2.093,2.490,1.918
2021-08-31,73.45,2.293,4.33,2.095,2.453,1.921
2021-09-01,71.99,2.298,4.45,2.081,2.278,1.907
2021-09-02,73.56,2.347,4.65,2.118,2.307,1.942
2021-09-03,73.07,2.339,4.77,2.116,2.289,1.949
2021-09-06,72.43,,,,,
2021-09-07,71.52,2.280,4.71,2.087,2.290,1.907
2021-09-08,72.36,2.292,4.66,2.096,2.222,1.916
2021-09-09,71.32,2.269,4.97,2.073,2.199,1.893
2021-09-10,72.44,2.307,5.13,2.095,2.152,1.922
2021-09-13,72.97,2.299,5.21,2.114,2.171,1.955
2021-09-14,73.05,2.307,5.39,2.115,2.229,1.965
2021-09-15,74.84,2.318,5.66,2.158,2.153,2.015
2021-09-16,75.14,2.299,5.52,2.165,2.129,2.022
2021-09-17,74.64,2.290,5.32,2.155,2.165,2.021
2021-09-20,73.59,2.230,5.25,2.120,2.148,1.972
2021-09-21,73.65,2.218,4.96,2.126,2.175,1.989
2021-09-22,75.50,2.219,4.92,2.152,2.177,2.015
2021-09-23,76.44,2.262,4.94,2.192,2.349,2.053
2021-09-24,77.42,2.263,5.10,2.210,2.355,2.080
2021-09-27,78.85,2.279,5.53,2.240,2.369,2.115
2021-09-28,78.30,2.254,5.94,2.224,2.329,2.105
2021-09-29,77.86,2.282,5.73,2.257,2.362,2.124
2021-09-30,77.81,2.309,5.58,2.291,2.399,2.201
2021-10-01,79.40,2.346,5.61,2.321,2.391,2.168
2021-10-04,81.44,2.412,5.80,2.381,2.417,2.284
2021-10-05,82.72,2.426,6.37,2.440,2.456,2.278
2021-10-06,81.39,2.378,6.00,2.380,2.408,2.220
2021-10-07,82.34,2.413,5.71,2.412,2.385,2.257
2021-10-08,82.17,2.440,5.46,2.416,2.405,2.263
2021-10-11,83.75,2.477,5.46,2.459,2.405,2.309
2021-10-12,83.53,2.464,5.34,2.449,2.462,2.299
2021-10-13,83.53,2.486,5.56,2.464,2.494,2.314
2021-10-14,83.86,2.508,5.92,2.511,2.528,2.361
2021-10-15,84.67,2.574,5.44,2.506,2.604,2.360
2021-10-18,84.13,2.575,5.01,2.475,2.615,2.305
2021-10-19,85.02,2.557,4.81,2.500,2.610,2.322
2021-10-20,85.76,2.589,4.87,2.531,2.641,2.353
2021-10-21,84.58,2.544,4.94,2.495,2.602,2.314
2021-10-22,85.43,2.571,5.10,2.490,2.671,2.312
2021-10-25,84.85,2.591,5.72,2.501,2.691,2.326
2021-10-26,85.11,2.591,5.59,2.511,2.636,2.339
2021-10-27,84.12,2.508,5.91,2.443,2.566,2.271
2021-10-28,83.40,2.518,5.68,2.448,2.583,2.278
2021-10-29,83.10,2.537,5.49,2.429,2.662,2.285
2021-11-01,84.51,2.494,5.22,2.445,2.597,2.301
2021-11-02,84.42,2.596,5.33,2.441,2.601,2.300
2021-11-03,81.10,2.487,5.59,2.362,2.501,2.221
2021-11-04,80.15,2.442,5.73,2.355,2.450,2.212
2021-11-05,82.43,2.458,5.51,2.395,2.465,2.253
2021-11-08,83.22,2.437,5.53,2.416,2.497,2.273
2021-11-09,84.52,2.480,5.08,2.447,2.625,2.319
2021-11-10,82.91,2.400,4.56,2.385,2.550,2.258
2021-11-11,83.40,2.416,4.81,2.376,2.566,2.245
2021-11-12,82.90,2.415,4.97,2.343,2.640,2.214
2021-11-15,81.94,2.424,4.77,2.343,2.669,2.210
2021-11-16,82.85,2.438,5.11,2.366,2.683,2.239
2021-11-17,80.67,2.363,4.82,2.305,2.628,2.175
2021-11-18,82.45,2.378,4.95,2.319,2.555,2.187
2021-11-19,80.24,2.288,4.90,2.222,2.505,2.090
2021-11-22,80.97,2.330,4.83,2.256,2.548,2.123
2021-11-23,83.43,2.414,4.95,2.328,2.579,2.195
2021-11-24,82.37,2.385,4.93,2.311,2.560,2.198
2021-11-25,82.05,,,,,
2021-11-26,72.37,,,,,
2021-11-29,73.34,2.130,4.90,2.078,2.235,1.965
2021-11-30,70.86,2.028,4.52,1.995,2.155,1.882
2021-12-01,69.53,1.992,4.31,2.002,2.125,1.880
2021-12-02,70.56,2.070,4.08,2.061,2.200,1.930
2021-12-03,70.71,2.037,3.79,2.096,2.179,1.935
2021-12-06,73.38,2.136,3.66,2.125,2.283,2.035
2021-12-07,75.54,2.193,3.60,2.178,2.340,2.088
2021-12-08,75.94,2.235,3.79,2.212,2.317,2.127
2021-12-09,74.10,2.193,3.67,2.168,2.270,2.103
2021-12-10,74.98,2.225,3.65,2.195,2.303,2.125
2021-12-13,74.12,2.206,4.05,2.175,2.288,2.103
2021-12-14,73.37,2.184,3.71,2.146,2.251,2.076
2021-12-15,73.71,2.225,3.79,2.168,2.292,2.098
2021-12-16,74.64,2.233,3.67,2.189,2.316,2.112
2021-12-17,72.97,2.208,3.71,2.150,2.271,2.075
2021-12-20,70.51,2.149,3.91,2.130,2.234,2.020
2021-12-21,72.85,2.207,3.96,2.209,2.282,2.094
2021-12-22,74.69,2.222,3.95,2.257,2.287,2.142
2021-12-23,76.26,2.257,3.56,2.290,2.372,2.172
2021-12-24,75.24,,,,,
2021-12-27,,2.283,3.45,2.305,2.428,2.192
2021-12-28,,2.293,3.32,2.318,2.468,2.205
2021-12-29,78.63,2.317,3.40,2.319,2.492,2.209
2021-12-30,78.61,2.322,3.82,2.323,2.487,2.213
2021-12-31,77.24,2.274,3.82,2.271,2.439,2.161
2022-01-03,78.25,2.302,3.74,2.305,2.452,2.195
2022-01-04,79.39,2.314,3.73,2.354,2.491,2.247
2022-01-05,80.60,2.312,3.78,2.338,2.482,2.263
2022-01-06,81.99,2.346,3.94,2.390,2.506,2.315
2022-01-07,82.28,2.346,3.83,2.434,2.491,2.329
2022-01-10,81.56,2.323,4.16,2.437,2.468,2.351
2022-01-11,84.98,2.401,4.16,2.515,2.536,2.429
2022-01-12,85.83,2.439,4.62,2.540,2.572,2.444
2022-01-13,85.80,2.417,4.78,2.539,2.569,2.444
2022-01-14,87.17,2.473,4.37,2.588,2.560,2.486
2022-01-17,87.82,,,,,
2022-01-18,88.83,2.500,4.55,2.638,2.512,2.558
2022-01-19,89.64,2.497,4.89,2.620,2.509,2.540
2022-01-20,89.75,2.476,4.45,2.576,2.458,2.484
2022-01-21,89.75,2.486,4.11,2.616,2.339,2.519
2022-01-24,87.74,2.465,4.20,2.579,2.565,2.467
2022-01-25,89.49,2.498,4.24,2.594,2.613,2.459
2022-01-26,91.22,2.568,4.43,2.669,2.673,2.564
2022-01-27,90.70,2.610,4.43,2.786,2.703,2.653
2022-01-28,91.47,2.605,5.69,2.743,2.718,2.593
2022-01-31,92.35,2.607,5.56,2.730,2.734,2.580
2022-02-01,90.24,2.634,5.45,2.710,2.756,2.578
2022-02-02,91.43,2.655,6.70,2.735,2.777,2.595
2022-02-03,92.99,2.701,5.84,2.799,2.776,2.652
2022-02-04,96.86,2.726,5.34,2.843,2.816,2.681
2022-02-07,97.28,2.755,4.44,2.842,2.810,2.732
2022-02-08,96.07,2.694,4.30,2.784,2.704,2.684
2022-02-09,94.95,2.725,4.13,2.814,2.735,2.707
2022-02-10,96.37,2.722,4.03,2.787,2.679,2.687
2022-02-11,97.50,2.812,4.04,2.900,2.837,2.800
2022-02-14,101.66,2.824,4.05,2.924,2.854,2.789
2022-02-15,98.43,2.729,4.31,2.842,2.789,2.685
2022-02-16,97.44,2.655,4.39,2.753,2.715,2.610
2022-02-17,95.28,2.713,4.57,2.741,2.773,2.584
2022-02-18,96.18,2.743,4.61,2.737,2.778,2.599
2022-02-21,98.95,,,,,
2022-02-22,98.73,2.740,4.48,2.739,2.923,2.627
2022-02-23,99.29,2.778,4.59,2.781,2.798,2.671
2022-02-24,101.29,2.825,4.78,2.854,3.013,2.721
2022-02-25,98.56,2.782,4.63,2.814,2.982,2.692
2022-02-28,103.08,2.826,4.46,2.993,3.024,2.856
2022-03-01,110.93,3.172,4.36,3.202,3.212,3.040
2022-03-02,118.94,3.246,4.65,3.553,3.431,3.383
2022-03-03,115.36,3.183,4.63,3.542,3.425,3.317
2022-03-04,123.86,3.414,4.74,3.820,3.696,3.588
2022-03-07,129.02,3.480,4.93,3.997,3.760,3.712
2022-03-08,133.18,3.595,4.61,4.483,4.105,4.100
2022-03-09,116.58,3.221,4.55,3.568,3.731,3.198
2022-03-10,114.54,3.039,4.65,3.297,3.599,3.117
2022-03-11,118.11,3.199,4.79,3.421,3.779,3.246
2022-03-14,110.39,3.056,4.59,3.245,3.571,3.070
2022-03-15,105.14,2.851,4.46,2.976,3.988,2.826
2022-03-16,104.61,2.862,4.68,3.114,4.002,2.954
2022-03-17,113.50,3.098,4.80,3.475,4.058,3.290
2022-03-18,114.32,3.133,4.87,3.602,4.093,3.372
2022-03-21,122.29,3.269,4.77,3.803,4.119,3.626
2022-03-22,121.53,3.208,5.00,3.773,4.058,3.588
2022-03-23,127.52,3.325,5.26,3.997,4.175,3.842
2022-03-24,123.98,3.250,5.19,4.080,4.107,3.962
2022-03-25,122.67,3.318,5.51,4.210,3.948,3.825
2022-03-28,114.50,3.041,5.52,3.866,3.681,3.481
2022-03-29,112.79,3.037,5.32,3.873,3.653,4.011
2022-03-30,115.59,3.120,5.32,3.890,3.501,4.000
2022-03-31,107.29,3.107,5.46,3.755,3.339,3.835
2022-04-01,106.13,3.071,5.43,3.545,3.371,3.625
2022-04-04,108.15,3.202,5.72,3.578,3.447,3.811
2022-04-05,106.60,3.125,5.95,3.609,3.340,3.629
2022-04-06,100.81,3.059,6.29,3.516,3.199,3.591
2022-04-07,99.83,3.032,6.05,3.447,3.182,3.367
2022-04-08,101.26,3.106,6.38,3.486,3.261,3.406
2022-04-11,97.92,2.998,6.35,3.361,3.153,3.343
2022-04-12,104.42,3.151,6.59,3.517,3.276,3.502
2022-04-13,108.49,3.279,6.68,3.779,3.354,3.724
2022-04-14,110.83,3.315,6.94,3.903,3.425,3.848
2022-04-15,,,,,,
2022-04-18,,3.303,7.48,3.961,3.395,3.848
2022-04-19,105.49,3.038,7.44,3.894,3.323,3.799
2022-04-20,105.05,3.085,7.12,3.916,3.400,3.903
2022-04-21,107.20,3.111,6.88,3.908,3.450,3.865
2022-04-22,105.15,3.067,6.59,3.904,3.485,3.881
2022-04-25,99.27,3.231,6.42,4.087,3.450,4.227
2022-04-26,102.89,3.347,6.89,4.633,3.531,4.520
2022-04-27,103.30,3.434,6.91,4.984,3.617,4.789
2022-04-28,105.78,3.463,6.97,5.296,3.753,5.066
2022-04-29,108.36,3.433,6.84,4.729,3.740,4.529
2022-05-02,,3.494,7.30,4.516,3.767,4.466
2022-05-03,104.94,3.525,7.84,4.323,3.783,4.203
2022-05-04,110.53,3.697,8.30,4.344,3.925,4.326
2022-05-05,112.11,3.698,8.42,4.355,3.926,4.180
2022-05-06,113.86,3.850,8.35,4.120,4.080,4.155
2022-05-09,106.67,3.648,8.06,3.901,3.868,3.961
2022-05-10,102.61,3.558,6.78,3.990,3.778,4.123
2022-05-11,107.70,3.700,7.53,3.976,3.950,4.094
2022-05-12,108.06,3.832,7.25,3.932,4.082,4.009
2022-05-13,112.12,3.988,7.75,3.944,4.303,4.021
2022-05-16,114.86,4.060,8.07,3.812,4.360,3.827
2022-05-17,112.89,4.003,8.26,3.683,4.138,3.645
2022-05-18,110.04,3.784,8.53,3.497,3.954,3.472
2022-05-19,113.22,3.892,8.21,3.622,4.062,3.564
2022-05-20,113.63,3.918,7.97,3.599,3.983,3.504
2022-05-23,115.13,3.857,8.16,3.594,3.922,3.517
2022-05-24,115.77,3.849,8.87,3.721,3.929,3.636
2022-05-25,116.41,3.898,9.44,3.834,4.122,3.741
2022-05-26,119.81,3.927,9.19,3.938,4.143,3.823
2022-05-27,121.19,4.102,8.30,3.959,4.314,3.852
2022-05-30,123.01,,,,,
2022-05-31,125.53,4.110,8.46,3.963,4.332,3.815
2022-06-01,122.20,4.282,8.47,4.113,4.417,3.933
2022-06-02,,4.442,8.90,4.237,4.567,4.052
2022-06-03,125.68,4.509,8.34,4.314,4.654,4.104
2022-06-06,124.99,4.440,9.08,4.364,4.585,4.152
2022-06-07,126.89,4.307,9.28,4.323,4.492,4.086
2022-06-08,129.20,4.384,9.43,4.308,4.619,4.080
2022-06-09,128.47,4.304,8.16,4.416,4.579,4.213
2022-06-10,127.44,4.205,8.78,4.362,4.480,4.172
2022-06-13,128.44,4.068,9.00,4.277,4.343,4.079
2022-06-14,127.02,4.052,7.68,4.361,4.292,4.201
2022-06-15,124.96,3.945,7.72,4.499,4.145,4.319
2022-06-16,125.78,3.966,7.88,4.537,4.146,4.401
2022-06-17,119.22,3.888,7.37,4.350,4.068,4.210
2022-06-20,118.25,,,,,
2022-06-21,118.51,3.888,6.60,4.350,4.068,4.210
2022-06-22,115.54,3.855,6.76,4.317,4.065,4.192
2022-06-23,114.50,3.836,6.54,4.251,4.021,4.066
2022-06-24,117.36,3.966,5.80,4.298,4.150,4.253
2022-06-27,119.69,3.927,6.09,4.188,4.095,4.133
2022-06-28,122.21,3.960,6.66,4.202,4.132,4.040
2022-06-29,120.80,3.813,6.69,4.034,3.974,3.872
2022-06-30,119.78,3.679,6.54,3.906,3.783,3.753
2022-07-01,119.21,3.812,5.75,3.956,3.887,3.779
2022-07-04,121.80,,,,,
2022-07-05,110.49,3.492,5.72,3.566,3.397,3.411
2022-07-06,108.54,3.393,5.65,3.408,3.253,3.246
2022-07-07,113.40,3.597,5.83,3.673,3.342,3.500
2022-07-08,113.95,3.645,6.40,3.694,3.390,3.524
2022-07-11,114.85,3.643,6.82,3.780,3.443,3.607
2022-07-12,106.98,3.468,6.81,3.673,3.208,3.518
2022-07-13,107.17,3.439,6.68,3.684,3.249,3.582
2022-07-14,107.74,3.394,6.90,3.678,3.204,3.538
2022-07-15,112.26,3.419,6.60,3.697,3.299,3.542
2022-07-18,117.27,3.472,7.65,3.620,3.352,3.465
2022-07-19,114.96,3.518,7.35,3.602,3.338,3.445
2022-07-20,115.86,3.466,7.58,3.567,3.261,3.404
2022-07-21,112.81,3.229,7.99,3.542,3.154,3.379
2022-07-22,106.77,3.346,8.25,3.474,3.216,3.334
2022-07-25,108.23,3.446,8.52,3.478,3.371,3.343
2022-07-26,107.32,3.425,9.46,3.538,3.350,3.436
2022-07-27,109.64,3.521,8.65,3.688,3.339,3.585
2022-07-28,109.68,3.560,8.75,3.686,3.278,3.521
2022-07-29,111.51,3.391,8.33,3.582,3.262,3.402
2022-08-01,106.09,3.373,8.20,3.400,3.155,3.245
2022-08-02,106.51,3.250,8.01,3.330,3.209,3.180
2022-08-03,101.82,3.198,7.81,3.363,3.087,3.190
2022-08-04,97.99,3.049,8.40,3.236,2.919,3.063
2022-08-05,100.31,3.132,8.30,3.147,2.987,2.968
2022-08-08,103.46,3.166,7.76,3.106,3.016,2.941
2022-08-09,103.81,3.260,7.87,3.270,3.168,3.078
2022-08-10,105.06,3.136,7.86,3.343,3.244,3.213
2022-08-11,107.19,3.144,8.53,3.424,3.229,3.267
2022-08-12,103.70,3.117,8.73,3.454,3.247,3.259
2022-08-15,98.25,3.033,8.62,3.395,3.163,3.210
2022-08-16,95.36,2.983,9.28,3.413,3.123,3.211
2022-08-17,97.22,3.014,9.51,3.539,3.169,3.319
2022-08-18,96.35,3.067,9.42,3.579,3.272,3.367
2022-08-19,96.45,3.028,9.14,3.631,3.223,3.416
2022-08-22,95.06,2.920,9.85,3.707,3.105,3.489
2022-08-23,99.49,2.958,9.75,3.766,3.143,3.554
2022-08-24,99.87,2.847,9.27,3.954,3.044,3.766
2022-08-25,98.81,2.842,9.47,3.934,3.029,3.691
2022-08-26,101.13,2.874,9.48,3.980,3.101,3.753
2022-08-29,,2.912,9.24,3.888,3.153,3.651
2022-08-30,99.34,2.719,9.10,3.784,2.969,3.547
2022-08-31,96.55,2.598,8.93,3.667,3.070,3.422
2022-09-01,92.24,2.552,9.38,3.265,3.112,3.270
2022-09-02,93.09,2.624,9.18,3.587,3.429,3.354
2022-09-05,94.22,,,,,
2022-09-06,91.43,2.594,8.52,3.538,3.574,3.306
2022-09-07,86.83,2.566,8.12,3.528,3.461,3.318
2022-09-08,87.99,2.583,8.27,3.492,3.575,3.309
2022-09-09,91.68,2.672,8.31,3.524,3.607,3.349
2022-09-12,93.45,2.717,8.20,3.555,3.567,3.380
2022-09-13,92.04,2.728,8.49,3.493,3.453,3.328
2022-09-14,92.83,2.778,8.70,3.325,3.503,3.145
2022-09-15,89.28,2.673,8.60,3.148,3.408,2.968
2022-09-16,89.43,2.621,8.11,3.112,3.401,2.942
2022-09-19,,2.666,7.96,3.246,3.916,3.056
2022-09-20,89.62,2.596,8.01,3.302,3.896,3.192
2022-09-21,89.86,2.593,7.99,3.253,3.918,3.200
2022-09-22,90.40,2.653,7.76,3.315,3.966,3.250
2022-09-23,84.29,2.538,6.75,3.220,3.850,3.112
2022-09-26,82.55,2.418,6.75,3.112,4.791,3.052
2022-09-27,85.97,2.716,6.83,3.241,4.876,3.244
2022-09-28,89.55,2.781,6.59,3.440,4.578,3.443
2022-09-29,89.41,2.730,6.57,3.432,4.862,3.752
2022-09-30,88.90,2.692,6.40,3.372,4.826,3.522
2022-10-03,90.68,2.838,5.64,3.362,4.968,3.322
2022-10-04,93.74,2.976,5.40,3.620,4.901,3.440
2022-10-05,94.35,2.982,5.84,3.753,4.547,3.641
2022-10-06,95.65,3.018,6.91,3.893,4.583,3.803
2022-10-07,98.88,3.077,6.25,4.068,3.282,3.928
2022-10-10,97.13,,,,,
2022-10-11,95.17,2.882,6.20,3.920,2.937,3.627
2022-10-12,93.44,2.915,6.60,3.895,2.870,3.623
2022-10-13,95.16,2.942,6.25,4.135,2.942,3.810
2022-10-14,92.22,2.983,6.10,4.065,2.883,3.647
2022-10-17,91.04,2.868,6.08,4.091,2.548,3.711
2022-10-18,89.46,2.870,6.16,3.939,2.510,3.504
2022-10-19,91.34,2.955,5.63,3.767,2.620,3.407
2022-10-20,91.52,2.956,5.10,3.587,2.626,3.282
2022-10-21,91.82,2.949,4.45,3.576,2.816,3.389
2022-10-24,91.57,3.049,4.81,4.009,2.772,3.749
2022-10-25,91.76,3.198,5.17,4.024,2.849,3.764
2022-10-26,92.93,3.226,5.28,4.188,2.908,4.013
2022-10-27,94.17,3.293,5.30,4.344,3.043,4.099
2022-10-28,94.64,3.152,5.02,4.570,2.976,4.365
2022-10-31,93.30,3.127,5.02,4.463,2.953,4.183
2022-11-01,95.12,3.095,4.57,3.602,3.030,3.309
2022-11-02,96.07,2.992,4.58,3.643,3.185,3.371
2022-11-03,95.29,3.186,4.65,3.853,3.191,3.605
2022-11-04,99.53,3.232,4.00,3.901,3.377,3.596
2022-11-07,99.87,3.159,4.62,3.694,3.304,3.449
2022-11-08,96.85,3.131,4.00,3.688,3.536,3.368
2022-11-09,93.05,3.022,3.46,3.439,3.617,3.179
2022-11-10,94.25,3.040,4.80,3.373,3.635,3.096
2022-11-11,96.37,,4.80,,,
2022-11-14,93.59,2.928,6.24,3.298,3.253,3.141
2022-11-15,94.30,2.930,5.90,3.332,3.120,3.242
2022-11-16,92.61,2.776,5.88,3.334,3.101,3.232
2022-11-17,91.00,2.732,6.20,3.229,2.647,3.137
2022-11-18,88.93,2.692,6.10,3.222,2.367,3.145
2022-11-21,88.44,2.712,6.23,3.192,2.387,3.125
2022-11-22,88.65,2.729,6.27,3.135,2.364,3.035
2022-11-23,85.90,2.653,6.57,2.966,2.288,2.873
2022-11-24,85.59,,,,,
2022-11-25,83.40,2.553,6.57,2.892,2.208,2.799
2022-11-28,83.50,2.506,6.00,2.913,2.087,2.720
2022-11-29,83.22,2.530,6.03,3.042,2.130,2.850
2022-11-30,85.61,2.441,7.00,3.140,2.254,2.935
2022-12-01,86.28,2.575,6.33,3.003,2.200,2.851
2022-12-02,86.54,2.531,4.92,2.917,2.099,2.800
2022-12-05,83.36,2.453,4.15,2.746,1.993,2.628
2022-12-06,79.92,2.389,4.58,2.720,1.934,2.560
2022-12-07,77.11,2.328,4.49,2.598,1.873,2.438
2022-12-08,76.02,2.159,4.79,2.721,2.074,2.648
2022-12-09,76.37,2.162,4.98,2.661,2.057,2.588
2022-12-12,78.00,2.186,6.73,2.771,2.091,2.733
2022-12-13,80.14,2.262,7.20,2.892,2.167,2.874
2022-12-14,83.33,2.350,6.54,3.092,2.105,3.050
2022-12-15,82.34,2.277,6.80,3.102,2.189,3.035
2022-12-16,80.20,2.237,6.63,2.921,2.149,2.883
2022-12-19,81.66,2.275,6.08,2.882,2.285,2.802
2022-12-20,79.45,2.315,5.28,2.866,2.320,2.756
2022-12-21,80.25,2.357,6.13,3.021,2.362,2.916
2022-12-22,79.58,2.363,7.10,3.010,2.368,2.935
2022-12-23,82.45,2.464,7.15,3.124,2.529,3.049
2022-12-26,,,,,,
2022-12-27,,2.468,4.88,3.360,2.527,3.290
2022-12-28,81.70,2.448,4.06,3.313,2.517,3.308
2022-12-29,80.96,2.474,3.78,3.380,2.611,3.355
2022-12-30,82.82,2.617,3.52,3.368,2.777,3.333
2023-01-02,,,,,,
2023-01-03,80.36,2.483,3.64,3.142,2.618,3.107
2023-01-04,75.31,2.393,3.75,2.968,2.443,3.078
2023-01-05,76.73,2.392,3.78,2.973,2.327,3.091
2023-01-06,76.41,2.382,3.43,3.001,2.327,3.191
2023-01-09,77.50,2.413,3.65,3.050,2.358,3.400
2023-01-10,78.40,2.422,3.32,3.133,2.372,3.315
2023-01-11,81.11,2.547,3.41,3.181,2.467,3.471
2023-01-12,82.59,2.558,3.47,3.213,2.488,3.503
2023-01-13,83.43,2.636,3.43,3.224,2.556,3.817
2023-01-16,82.65,,,,,
2023-01-17,84.38,2.667,3.43,3.224,2.577,3.567
2023-01-18,83.78,2.630,3.20,3.216,2.520,3.558
2023-01-19,85.08,2.701,2.91,3.313,2.611,3.603
2023-01-20,86.96,2.732,3.15,3.391,2.652,3.916
2023-01-23,87.54,2.779,3.43,3.467,2.609,3.839
2023-01-24,85.25,2.749,3.35,3.362,2.639,3.735
2023-01-25,85.08,2.684,3.09,3.374,2.574,3.796
2023-01-26,86.29,2.727,2.72,3.404,2.652,3.992
2023-01-27,85.36,2.692,2.83,3.248,2.816,3.788
2023-01-30,84.90,2.605,2.82,3.090,2.875,3.630
2023-01-31,83.42,2.662,2.65,3.160,2.939,3.437
2023-02-01,81.61,2.560,2.65,2.918,2.840,2.965
2023-02-02,80.57,2.554,2.67,2.853,2.834,2.753
2023-02-03,78.85,2.457,2.40,2.725,2.690,2.577
2023-02-06,80.48,2.519,2.17,2.710,2.757,2.690
2023-02-07,82.92,2.601,2.35,2.839,2.874,2.879
2023-02-08,84.17,2.601,2.40,2.834,2.873,2.886
2023-02-09,83.46,2.579,2.40,2.744,2.832,2.802
2023-02-10,85.46,2.631,2.37,2.797,2.904,2.796
2023-02-13,85.98,2.644,2.42,2.812,2.917,2.807
2023-02-14,84.96,2.614,2.42,2.843,2.961,2.843
2023-02-15,84.11,2.623,2.45,2.770,3.073,2.693
2023-02-16,83.84,2.511,2.48,2.718,2.993,2.628
2023-02-17,81.97,2.497,2.28,2.671,2.984,2.541
2023-02-20,82.79,,,,,
2023-02-21,82.14,2.495,2.12,2.730,2.917,2.600
2023-02-22,79.55,2.413,2.07,2.640,2.825,2.780
2023-02-23,82.08,2.449,2.17,2.679,2.936,2.766
2023-02-24,82.31,2.423,2.36,2.775,2.930,2.957
2023-02-27,81.24,2.444,2.55,2.797,2.996,3.069
2023-02-28,83.21,2.500,2.50,2.790,3.095,2.973
2023-03-01,83.68,2.571,2.59,2.833,3.131,3.016
2023-03-02,84.15,2.593,2.67,2.821,3.143,2.911
2023-03-03,85.74,2.651,2.66,2.865,3.181,2.987
2023-03-06,85.86,2.644,2.46,2.849,3.174,2.929
2023-03-07,83.03,2.543,2.52,2.752,3.033,2.832
2023-03-08,82.10,2.531,2.50,2.690,2.916,2.800
2023-03-09,81.00,2.446,2.50,2.624,2.711,2.729
2023-03-10,82.30,2.505,2.40,2.768,2.748,2.778
2023-03-13,79.67,2.462,2.40,2.771,2.654,2.773
2023-03-14,76.77,2.416,2.65,2.712,2.616,2.644
2023-03-15,74.30,2.328,2.45,2.597,2.503,2.529
2023-03-16,73.12,2.359,2.45,2.604,2.519,2.566
2023-03-17,71.03,2.347,2.42,2.605,2.507,2.500
2023-03-20,72.42,2.384,2.23,2.602,2.432,2.497
2023-03-21,74.78,2.495,1.93,2.617,2.435,2.502
2023-03-22,76.08,2.525,2.03,2.634,2.567,2.507
2023-03-23,74.31,2.535,2.08,2.592,2.588,2.477
2023-03-24,73.63,2.523,2.04,2.620,2.625,2.528
2023-03-27,76.80,2.610,2.04,2.693,2.751,2.726
2023-03-28,78.07,2.623,2.02,2.778,2.779,2.695
2023-03-29,77.51,2.574,1.94,2.659,2.750,2.577
2023-03-30,78.45,2.573,1.95,2.596,2.793,2.566
2023-03-31,79.19,2.596,2.10,2.579,2.843,2.541
2023-04-03,85.81,2.729,2.09,2.623,2.976,2.573
2023-04-04,85.70,2.814,2.13,2.644,2.859,2.581
2023-04-05,85.89,2.885,2.17,2.678,2.873,2.588
2023-04-06,86.56,2.870,2.18,2.622,2.913,2.517
2023-04-07,,,,,,
2023-04-10,,2.885,2.15,2.642,2.927,2.530
2023-04-11,87.32,2.931,2.19,2.611,2.959,2.506
2023-04-12,88.31,2.940,2.22,2.640,2.957,2.533
2023-04-13,86.51,2.878,2.04,2.609,2.910,2.506
2023-04-14,87.31,2.901,1.87,2.583,2.936,2.413
2023-04-17,85.63,2.843,2.21,2.561,2.860,2.363
2023-04-18,85.48,2.778,2.23,2.525,2.768,2.310
2023-04-19,85.34,2.679,2.20,2.481,2.614,2.288
2023-04-20,83.29,2.623,2.19,2.418,2.558,2.233
2023-04-21,83.36,2.639,2.20,2.428,2.604,2.246
2023-04-24,84.23,2.668,2.19,2.457,2.739,2.274
2023-04-25,82.13,2.629,2.21,2.394,2.686,2.201
2023-04-26,79.19,2.593,2.19,2.319,2.692,2.142
2023-04-27,80.11,2.615,2.17,2.297,2.679,2.142
2023-04-28,81.32,2.641,2.27,2.314,2.677,2.159
2023-05-01,,2.632,2.24,2.341,2.702,2.169
2023-05-02,76.71,2.511,2.12,2.266,2.546,2.102
2023-05-03,72.91,2.386,2.01,2.182,2.431,2.044
2023-05-04,73.00,2.399,1.96,2.190,2.439,2.050
2023-05-05,75.85,2.458,1.85,2.282,2.528,2.150
2023-05-08,,2.523,2.12,2.326,2.593,2.213
2023-05-09,77.76,2.552,2.22,2.343,2.597,2.233
2023-05-10,76.70,2.554,2.12,2.362,2.616,2.254
2023-05-11,75.32,2.527,2.07,2.323,2.539,2.215
2023-05-12,74.54,2.489,1.98,2.265,2.501,2.153
2023-05-15,75.46,2.520,2.25,2.343,2.593,2.218
2023-05-16,75.15,2.516,2.28,2.315,2.609,2.183
2023-05-17,76.98,2.605,2.25,2.378,2.677,2.251
2023-05-18,75.75,2.610,2.30,2.360,2.740,2.238
2023-05-19,75.42,2.598,2.37,2.346,2.805,2.194
2023-05-22,75.77,2.676,2.30,2.314,2.891,2.201
2023-05-23,76.66,2.702,2.22,2.311,2.815,2.169
2023-05-24,77.99,2.740,2.25,2.356,2.837,2.225
2023-05-25,75.66,2.690,2.23,2.289,2.830,2.151
2023-05-26,76.33,2.715,1.88,2.321,2.915,2.184
2023-05-29,,,,,,
2023-05-30,73.38,2.605,2.11,2.235,2.828,2.110
2023-05-31,71.98,2.536,2.10,2.206,2.759,2.091
2023-06-01,74.18,2.663,1.77,2.260,2.658,2.165
2023-06-02,76.00,2.730,1.74,2.309,2.725,2.219
2023-06-05,76.61,2.715,1.92,2.320,2.743,2.225
2023-06-06,76.22,2.742,1.95,2.304,2.879,2.238
2023-06-07,76.85,2.833,2.13,2.344,3.090,2.309
2023-06-08,75.88,2.793,2.10,2.319,2.951,2.282
2023-06-09,74.74,2.788,1.85,2.302,2.868,2.248
2023-06-12,71.80,2.681,1.90,2.247,2.761,2.171
2023-06-13,74.24,2.731,2.00,2.329,2.826,2.253
2023-06-14,73.39,2.636,2.05,2.302,2.776,2.187
2023-06-15,75.75,2.714,2.18,2.422,2.859,2.295
2023-06-16,76.76,2.742,2.13,2.493,2.767,2.366
2023-06-19,76.09,,,,,
2023-06-20,75.79,2.662,2.38,2.408,2.739,2.264
2023-06-21,76.92,2.586,2.24,2.492,2.746,2.392
2023-06-22,73.93,2.523,2.27,2.431,2.613,2.296
2023-06-23,73.56,2.502,2.22,2.337,2.692,2.209
2023-06-26,73.86,2.521,2.62,2.385,2.771,2.253
2023-06-27,71.88,2.519,2.68,2.331,2.741,2.209
2023-06-28,73.64,2.568,2.71,2.326,2.830,2.204
2023-06-29,73.86,2.579,2.40,2.348,2.887,2.216
2023-06-30,74.51,2.614,2.48,2.371,2.912,2.246
2023-07-03,74.52,2.451,2.48,2.324,2.838,2.207
2023-07-04,76.23,,,,,
2023-07-05,76.74,2.575,2.65,2.431,2.883,2.314
2023-07-06,76.72,2.567,2.50,2.417,2.890,2.314
2023-07-07,78.77,2.612,2.49,2.491,2.925,2.372
2023-07-10,77.83,2.604,2.55,2.484,2.956,2.371
2023-07-11,79.54,2.658,2.57,2.506,2.763,2.394
2023-07-12,80.35,2.709,2.55,2.535,2.994,2.423
2023-07-13,81.31,2.689,2.50,2.541,3.001,2.416
2023-07-14,79.90,2.583,2.50,2.520,2.848,2.393
2023-07-17,77.80,2.584,2.46,2.489,2.849,2.383
2023-07-18,79.54,2.647,2.52,2.522,2.859,2.412
2023-07-19,79.38,2.678,2.51,2.560,2.890,2.448
2023-07-20,79.62,2.708,2.61,2.590,2.865,2.481
2023-07-21,81.06,2.766,2.61,2.662,2.926,2.553
2023-07-24,82.53,2.876,2.68,2.705,3.046,2.588
2023-07-25,83.46,2.823,2.66,2.710,3.088,2.603
2023-07-26,82.98,2.877,2.60,2.776,3.137,2.668
2023-07-27,84.28,2.848,2.47,2.843,3.191,2.740
2023-07-28,84.49,2.855,2.53,2.890,3.255,2.818
2023-07-31,85.22,2.889,2.58,2.934,3.194,2.860
2023-08-01,85.34,2.900,2.49,2.971,3.115,2.901
2023-08-02,84.01,2.798,2.43,2.947,3.078,2.861
2023-08-03,86.19,2.804,2.44,3.019,3.094,2.936
2023-08-04,87.38,2.799,2.53,2.990,3.149,2.897
2023-08-07,86.47,2.846,2.65,2.961,3.126,2.874
2023-08-08,88.00,2.879,2.77,3.005,3.131,2.919
2023-08-09,89.31,2.987,2.92,3.148,3.219,3.063
2023-08-10,87.44,2.950,2.83,3.084,3.213,3.007
2023-08-11,87.93,2.995,2.61,3.049,3.288,2.969
2023-08-14,87.40,2.954,2.74,3.012,3.236,2.935
2023-08-15,86.28,2.904,2.65,2.968,3.177,2.900
2023-08-16,84.49,2.905,2.55,2.960,3.193,2.882
2023-08-17,85.24,2.862,2.56,3.032,3.304,2.967
2023-08-18,85.92,2.879,2.44,3.108,3.274,3.106
2023-08-21,85.44,2.840,2.60,3.056,3.235,3.084
2023-08-22,84.70,2.845,2.58,3.103,3.253,3.055
2023-08-23,83.94,2.830,2.60,3.067,3.235,3.017
2023-08-24,84.07,2.824,2.42,3.098,3.559,3.047
2023-08-25,85.42,2.923,2.46,3.221,3.658,3.188
2023-08-28,,2.841,2.60,3.108,3.441,3.075
2023-08-29,86.37,2.851,2.50,3.144,3.491,3.090
2023-08-30,86.62,2.871,2.48,3.022,3.471,2.957
2023-08-31,87.29,2.818,2.56,3.071,3.418,3.006
2023-09-01,89.98,2.648,2.70,3.072,3.383,2.982
2023-09-04,90.42,,,,,
2023-09-05,91.25,2.868,2.60,3.172,3.373,3.087
2023-09-06,91.79,2.866,2.49,3.129,3.396,2.994
2023-09-07,91.16,2.885,2.45,3.162,3.425,3.026
2023-09-08,91.85,2.916,2.53,3.234,3.501,3.082
2023-09-11,91.97,2.987,2.50,3.302,3.562,3.145
2023-09-12,93.58,3.013,2.72,3.266,3.563,3.111
2023-09-13,93.04,3.024,2.76,3.373,3.664,3.240
2023-09-14,95.20,3.036,2.81,3.399,3.761,3.269
2023-09-15,95.55,3.003,2.74,3.312,4.313,3.144
2023-09-18,95.95,2.990,2.54,3.223,4.300,3.055
2023-09-19,96.11,2.925,2.46,3.327,4.168,3.137
2023-09-20,94.56,2.872,2.78,3.295,3.910,3.215
2023-09-21,93.70,2.872,2.70,3.361,3.422,3.206
2023-09-22,93.99,2.833,2.63,3.323,3.723,3.150
2023-09-25,94.01,2.767,2.63,3.238,3.839,3.073
2023-09-26,94.46,2.836,2.55,3.210,3.876,3.052
2023-09-27,97.10,2.914,2.72,3.278,4.467,3.130
2023-09-28,96.64,2.846,2.74,3.308,4.014,3.145
2023-09-29,95.86,2.769,2.68,3.324,3.936,3.162
2023-10-02,91.21,2.709,2.70,3.185,3.409,2.999
2023-10-03,94.46,2.655,2.71,3.164,2.950,2.978
2023-10-04,89.83,2.492,2.92,2.998,2.630,2.799
2023-10-05,88.28,2.414,2.92,2.838,2.499,2.656
2023-10-06,87.86,2.411,3.30,2.866,2.526,2.684
2023-10-09,91.37,,,,,
2023-10-10,90.70,2.558,3.34,2.964,2.713,2.862
2023-10-11,87.58,2.524,3.19,2.923,2.679,2.850
2023-10-12,88.40,2.472,3.16,2.970,2.532,2.850
2023-10-13,94.33,2.554,3.11,3.133,2.614,3.065
2023-10-16,90.99,2.578,2.98,3.087,2.638,3.019
2023-10-17,92.52,2.579,2.94,3.069,2.639,3.029
2023-10-18,91.99,2.580,2.92,3.037,2.705,2.855
2023-10-19,93.12,2.583,2.84,3.078,2.578,2.905
2023-10-20,93.72,2.578,2.60,3.119,2.623,2.952
2023-10-23,91.88,2.534,2.65,3.062,2.574,2.894
2023-10-24,88.00,2.474,2.85,2.982,2.449,2.825
2023-10-25,90.14,2.436,2.86,2.962,2.461,2.837
2023-10-26,88.45,2.425,2.87,2.970,2.530,2.863
2023-10-27,90.73,2.468,3.24,2.967,2.583,2.859
2023-10-30,90.73,2.525,3.17,2.899,2.505,2.854
2023-10-31,86.82,2.448,3.34,2.917,2.508,2.869
2023-11-01,86.92,2.412,3.19,2.888,2.432,2.875
2023-11-02,89.02,2.068,3.12,2.928,2.483,3.105
2023-11-03,87.55,2.028,3.00,2.832,2.493,2.837
2023-11-06,87.31,2.415,2.71,2.846,2.575,2.889
2023-11-07,83.43,2.298,2.00,2.716,2.590,2.808
2023-11-08,81.46,2.262,2.18,2.632,2.554,2.724
2023-11-09,81.74,2.254,2.71,2.553,2.607,2.665
2023-11-10,83.66,2.287,2.71,2.584,2.627,2.669
2023-11-13,84.09,2.342,2.61,2.673,2.682,2.789
2023-11-14,84.20,2.333,2.69,2.637,2.693,2.862
2023-11-15,82.40,2.272,2.88,2.633,2.697,2.825
2023-11-16,77.73,2.242,2.91,2.522,2.582,2.709
2023-11-17,81.22,2.345,2.62,2.534,2.490,2.611
2023-11-20,83.25,2.384,2.49,2.617,2.419,2.695
2023-11-21,82.42,2.405,2.63,2.725,2.435,2.702
2023-11-22,81.76,2.395,2.72,2.676,2.425,2.654
2023-11-23,80.85,,,,,
2023-11-24,79.82,2.341,2.72,2.553,2.361,2.601
2023-11-27,79.49,2.328,2.74,2.601,2.391,2.618
2023-11-28,81.66,2.332,2.78,2.640,2.492,2.662
2023-11-29,82.98,2.382,2.70,2.611,2.562,2.646
2023-11-30,81.72,2.295,2.75,2.494,2.415,2.476
2023-12-01,78.72,2.226,2.63,2.411,2.346,2.401
2023-12-04,78.16,2.315,2.55,2.371,2.325,2.401
2023-12-05,77.27,2.281,2.72,2.312,2.261,2.357
2023-12-06,74.33,2.202,2.76,2.293,2.332,2.303
2023-12-07,74.21,2.181,2.52,2.280,2.396,2.290
2023-12-08,75.94,2.230,2.57,2.239,2.480,2.299
2023-12-11,75.75,2.214,2.39,2.262,2.449,2.322
2023-12-12,74.11,2.141,2.37,2.220,2.051,2.152
2023-12-13,74.14,2.183,2.33,2.263,2.093,2.196
2023-12-14,77.05,2.270,2.39,2.341,2.215,2.351
2023-12-15,76.84,2.283,2.44,2.374,2.183,2.384
2023-12-18,78.89,2.252,2.59,2.488,2.192,2.453
2023-12-19,79.82,2.281,2.44,2.546,2.221,2.543
2023-12-20,81.10,2.257,2.48,2.542,2.207,2.537
2023-12-21,80.73,2.237,2.48,2.526,2.187,2.541
2023-12-22,80.23,2.196,2.54,2.486,2.376,2.498
2023-12-25,,,,,,
2023-12-26,,2.223,2.50,2.490,2.603,2.503
2023-12-27,80.97,2.222,2.63,2.464,2.502,2.451
2023-12-28,79.04,2.166,2.55,2.398,2.496,2.385
2023-12-29,77.69,2.159,2.58,2.403,2.489,2.365
2024-01-01,,,,,,
2024-01-02,76.24,2.215,2.56,2.383,2.450,2.333
2024-01-03,77.18,2.228,2.57,2.463,2.508,2.435
2024-01-04,75.79,2.213,2.83,2.459,2.448,2.431
2024-01-05,78.31,2.207,2.75,2.499,2.187,2.466
2024-01-08,75.47,2.137,2.72,2.471,2.107,2.473
2024-01-09,77.97,2.176,3.25,2.534,2.041,2.537
2024-01-10,78.46,2.140,3.25,2.485,2.070,2.558
2024-01-11,80.21,2.201,3.15,2.564,2.131,2.637
2024-01-12,79.89,2.192,13.20,2.563,2.082,2.596
2024-01-15,79.76,,,,,
2024-01-16,80.15,2.188,3.25,2.519,2.068,2.579
2024-01-17,78.88,2.202,2.86,2.525,2.134,2.585
2024-01-18,81.04,2.245,2.88,2.574,2.177,2.584
2024-01-19,80.71,2.241,2.70,2.548,2.151,2.568
2024-01-22,81.70,2.301,2.35,2.574,2.086,2.594
2024-01-23,82.04,2.274,2.15,2.611,2.059,2.624
2024-01-24,82.15,2.307,2.45,2.599,2.067,2.602
2024-01-25,82.33,2.345,2.56,2.698,2.525,2.701
2024-01-26,83.34,2.379,2.36,2.767,2.564,2.749
2024-01-29,83.99,2.324,2.41,2.719,2.609,2.786
2024-01-30,84.14,2.345,2.26,2.685,2.630,2.753
2024-01-31,82.98,2.256,2.19,2.707,2.666,2.700
2024-02-01,82.20,2.227,2.15,2.665,2.547,2.650
2024-02-02,79.54,2.169,2.01,2.601,2.439,2.586
2024-02-05,79.30,2.238,2.12,2.669,2.568,2.639
2024-02-06,80.46,2.252,2.10,2.681,2.587,2.663
2024-02-07,81.18,2.312,1.94,2.757,2.620,2.754
2024-02-08,83.01,2.359,1.74,2.854,2.589,2.816
2024-02-09,83.58,2.354,1.74,2.906,2.614,2.869
2024-02-12,83.88,2.386,1.76,2.905,2.656,2.860
2024-02-13,84.72,2.404,1.61,2.822,2.674,2.789
2024-02-14,84.41,2.334,1.51,2.741,2.604,2.701
2024-02-15,84.33,2.326,1.53,2.757,2.653,2.712
2024-02-16,84.88,2.348,1.55,2.725,2.648,2.707
2024-02-19,85.52,,,,,
2024-02-20,84.78,2.312,1.50,2.649,2.612,2.631
2024-02-21,84.77,2.367,1.58,2.624,2.474,2.664
2024-02-22,85.84,2.360,1.62,2.716,2.500,2.696
2024-02-23,84.18,2.315,1.52,2.606,2.455,2.576
2024-02-26,84.01,2.341,1.65,2.662,2.441,2.642
2024-02-27,83.80,2.377,1.52,2.643,2.477,2.623
2024-02-28,84.08,2.346,1.61,2.555,2.436,2.533
2024-02-29,84.57,2.390,1.67,2.592,2.505,2.552
2024-03-01,84.82,2.420,1.47,2.641,2.805,2.609
2024-03-04,86.58,2.396,1.48,2.574,2.786,2.552
2024-03-05,85.82,2.379,1.51,2.533,2.729,2.511
2024-03-06,86.59,2.353,1.67,2.595,2.728,2.585
2024-03-07,84.88,2.360,1.56,2.627,2.735,2.617
2024-03-08,84.29,2.330,1.54,2.559,2.695,2.556
2024-03-11,83.44,2.412,1.54,2.583,2.762,2.588
2024-03-12,83.66,2.420,1.57,2.544,2.800,2.572
2024-03-13,83.95,2.488,1.25,2.614,2.868,2.644
2024-03-14,86.16,2.527,1.26,2.632,2.907,2.628
2024-03-15,85.39,2.545,1.38,2.655,2.955,2.655
2024-03-18,86.47,2.550,1.54,2.708,2.975,2.718
2024-03-19,87.36,2.566,1.55,2.686,2.991,2.671
2024-03-20,85.77,2.586,1.58,2.613,3.006,2.606
2024-03-21,84.92,2.572,1.55,2.585,3.017,2.608
2024-03-22,84.87,2.585,1.50,2.592,3.030,2.582
2024-03-25,86.18,2.555,1.46,2.600,3.052,2.583
2024-03-26,85.91,2.490,1.48,2.537,3.120,2.530
2024-03-27,84.94,2.491,1.43,2.532,3.121,2.524
2024-03-28,86.17,2.583,1.54,2.543,3.138,2.526
2024-03-29,,,,,,
2024-04-01,,2.693,1.64,2.560,3.203,2.583
2024-04-02,87.63,2.743,1.65,2.647,3.268,2.693
2024-04-03,90.60,2.751,1.86,2.665,3.266,2.725
2024-04-04,90.32,2.787,1.78,2.684,3.397,2.744
2024-04-05,92.81,2.763,1.58,2.688,3.295,2.724
2024-04-08,91.73,2.736,1.73,2.660,3.269,2.717
2024-04-09,92.13,2.748,1.83,2.610,3.110,2.668
2024-04-10,91.57,2.754,1.90,2.644,3.297,2.681
2024-04-11,91.49,2.756,1.62,2.598,3.264,2.635
2024-04-12,93.12,2.769,1.36,2.614,3.277,2.672
2024-04-15,90.84,2.776,1.41,2.590,3.268,2.690
2024-04-16,91.29,2.789,1.38,2.584,3.296,2.684
2024-04-17,89.54,2.707,1.50,2.509,3.150,2.609
2024-04-18,88.34,2.676,1.59,2.459,3.099,2.490
2024-04-19,87.96,2.684,1.43,2.473,3.076,2.496
2024-04-22,87.30,2.723,1.64,2.495,3.008,2.525
2024-04-23,88.29,2.759,1.59,2.499,3.044,2.519
2024-04-24,89.02,2.763,1.60,2.476,3.053,2.495
2024-04-25,88.10,2.797,1.46,2.480,3.217,2.498
2024-04-26,89.95,2.789,1.40,2.486,3.212,2.494
2024-04-29,88.44,2.781,1.55,2.481,3.119,2.498
2024-04-30,88.23,2.733,1.68,2.453,3.085,2.470
2024-05-01,83.55,2.608,1.63,2.389,2.880,2.402
2024-05-02,84.81,2.641,1.66,2.373,2.894,2.395
2024-05-03,83.60,2.599,1.67,2.364,2.822,2.386
2024-05-06,,2.575,1.88,2.391,2.853,2.427
2024-05-07,82.69,2.540,1.95,2.393,2.818,2.430
2024-05-08,82.44,2.533,2.01,2.408,2.821,2.435
2024-05-09,83.27,2.581,2.03,2.406,2.789,2.426
2024-05-10,83.39,2.521,2.14,2.357,2.713,2.361
2024-05-13,83.18,2.533,2.11,2.361,2.726,2.368
2024-05-14,81.00,2.481,2.14,2.351,2.644,2.342
2024-05-15,79.98,2.520,2.12,2.354,2.712,2.345
2024-05-16,81.65,2.554,2.32,2.383,2.711,2.378
2024-05-17,82.24,2.588,2.44,2.428,2.746,2.453
2024-05-20,81.91,2.551,2.52,2.421,2.659,2.446
2024-05-21,81.22,2.527,2.52,2.403,2.635,2.424
2024-05-22,79.90,2.482,2.51,2.355,2.519,2.338
2024-05-23,79.25,2.505,2.64,2.351,2.593,2.333
2024-05-24,78.92,2.503,2.22,2.342,2.665,2.336
2024-05-27,,,,,,
2024-05-28,81.34,2.526,2.29,2.404,2.688,2.401
2024-05-29,81.50,2.470,2.20,2.358,2.632,2.353
2024-05-30,81.42,2.409,1.87,2.294,2.441,2.294
2024-05-31,79.41,2.435,1.78,2.291,2.488,2.291
2024-06-03,76.45,2.343,2.55,2.220,2.346,2.210
2024-06-04,75.33,2.347,2.58,2.219,2.357,2.224
2024-06-05,75.41,2.360,2.27,2.238,2.340,2.242
2024-06-06,77.62,2.400,2.30,2.288,2.380,2.298
2024-06-07,78.12,2.376,2.46,2.283,2.276,2.293
2024-06-10,79.59,2.413,2.61,2.348,2.313,2.358
2024-06-11,80.15,2.411,2.71,2.351,2.311,2.371
2024-06-12,80.52,2.393,2.80,2.370,2.303,2.375
2024-06-13,81.44,2.412,2.79,2.426,2.352,2.429
2024-06-14,81.49,2.402,2.74,2.412,2.422,2.423
2024-06-17,82.45,2.446,2.50,2.426,2.466,2.434
2024-06-18,84.79,2.480,2.43,2.466,2.500,2.474
2024-06-19,85.64,,,,,
2024-06-20,85.92,2.500,2.39,2.469,2.535,2.489
2024-06-21,86.42,2.511,2.44,2.439,2.546,2.459
2024-06-24,86.75,2.512,2.58,2.471,2.547,2.491
2024-06-25,86.81,2.514,2.61,2.457,2.614,2.477
2024-06-26,85.76,2.536,2.45,2.474,2.536,2.475
2024-06-27,87.00,2.544,2.55,2.491,2.544,2.490
2024-06-28,87.26,2.527,2.42,2.472,2.477,2.467
2024-07-01,86.57,2.573,2.21,2.540,2.533,2.542
2024-07-02,88.28,2.577,2.06,2.559,2.537,2.561
2024-07-03,88.25,2.592,2.02,2.555,2.607,2.625
2024-07-04,88.34,,,,,
2024-07-05,88.66,2.579,2.02,2.545,2.529,2.550
2024-07-08,87.15,2.542,2.10,2.506,2.492,2.508
2024-07-09,86.48,2.527,2.42,2.452,2.477,2.467
2024-07-10,86.55,2.510,2.40,2.453,2.420,2.469
2024-07-11,86.49,2.525,2.23,2.454,2.405,2.470
2024-07-12,87.35,2.503,2.17,2.437,2.388,2.442
2024-07-15,86.42,2.483,2.12,2.438,2.363,2.443
2024-07-16,86.60,2.464,2.10,2.397,2.314,2.402
2024-07-17,85.76,2.492,1.98,2.414,2.302,2.424
2024-07-18,86.26,2.498,2.00,2.401,2.303,2.411
2024-07-19,85.19,2.446,1.88,2.349,2.091,2.362
2024-07-22,83.44,2.457,2.19,2.360,2.167,2.371
2024-07-23,82.20,2.415,2.13,2.343,2.125,2.364
2024-07-24,83.01,2.433,2.00,2.361,2.143,2.361
2024-07-25,82.58,2.457,2.00,2.384,2.392,2.384
2024-07-26,81.35,2.446,1.98,2.322,2.351,2.308
2024-07-29,80.94,2.405,1.90,2.282,2.415,2.268
2024-07-30,79.26,2.387,1.81,2.250,2.397,2.211
2024-07-31,81.39,2.477,1.94,2.319,2.457,2.280
2024-08-01,81.37,2.399,1.95,2.323,2.379,2.290
2024-08-02,78.35,2.328,1.89,2.228,2.243,2.190
2024-08-05,77.51,2.380,1.83,2.223,2.285,2.168
2024-08-06,76.62,2.346,1.83,2.199,2.256,2.161
2024-08-07,78.26,2.387,1.96,2.258,2.312,2.224
2024-08-08,80.76,2.421,1.85,2.254,2.346,2.224
2024-08-09,81.07,2.419,1.94,2.228,2.356,2.193
2024-08-12,83.06,2.462,2.10,2.288,2.397,2.253
2024-08-13,82.51,2.400,2.16,2.303,2.405,2.228
2024-08-14,82.15,2.352,2.18,2.280,2.427,2.205
2024-08-15,83.09,2.380,2.19,2.287,2.435,2.234
2024-08-16,81.56,2.339,2.01,2.251,2.364,2.203
2024-08-19,81.09,2.292,2.12,2.191,2.317,2.130
2024-08-20,78.85,2.280,2.18,2.192,2.305,2.130
2024-08-21,78.77,2.215,2.14,2.182,2.300,2.113
2024-08-22,78.80,2.253,1.93,2.201,2.388,2.140
2024-08-23,80.34,2.301,1.82,2.230,2.436,2.136
2024-08-26,,2.298,2.13,2.266,2.433,2.171
2024-08-27,81.51,2.256,1.91,2.212,2.591,2.117
2024-08-28,80.04,2.232,1.89,2.179,2.545,2.082
2024-08-29,81.55,2.268,1.85,2.236,2.581,2.151
2024-08-30,80.20,2.220,1.93,2.207,2.535,2.127
2024-09-02,77.82,,,,,
2024-09-03,76.46,1.979,1.93,2.138,2.444,2.048
2024-09-04,74.67,2.062,2.05,2.080,2.402,2.004
2024-09-05,74.47,2.039,2.02,2.097,2.384,2.025
2024-09-06,72.82,2.009,2.09,2.050,2.354,1.977
2024-09-09,72.37,2.036,2.03,2.079,2.381,1.999
2024-09-10,70.34,1.994,2.13,2.003,2.354,1.928
2024-09-11,70.31,2.009,2.13,2.029,2.369,1.954
2024-09-12,73.81,2.048,2.13,2.052,2.463,1.971
2024-09-13,73.68,2.051,2.25,2.016,2.466,1.921
2024-09-16,73.96,2.085,2.23,2.024,2.425,1.929
2024-09-17,74.55,2.105,2.33,2.070,2.450,1.973
2024-09-18,74.52,2.078,2.31,2.062,2.268,1.960
2024-09-19,75.93,2.139,2.24,2.108,2.334,2.007
2024-09-20,75.96,2.124,2.20,2.108,2.244,2.007
2024-09-23,74.95,2.076,2.40,2.091,2.256,1.999
2024-09-24,75.29,2.105,2.61,2.118,2.315,2.018
2024-09-25,75.40,2.083,2.62,2.102,2.323,2.002
2024-09-26,73.06,2.028,2.64,2.063,2.298,1.967
2024-09-27,71.63,2.033,2.53,2.073,2.328,1.977
2024-09-30,72.35,2.050,2.65,2.067,2.315,1.968
2024-10-01,75.30,2.081,2.67,2.121,2.256,2.025
2024-10-02,74.86,2.105,2.77,2.129,2.272,2.033
2024-10-03,77.57,2.202,2.75,2.235,2.449,2.204
2024-10-04,79.32,2.196,2.49,2.249,2.444,2.140
2024-10-07,81.74,2.257,2.51,2.324,2.505,2.219
2024-10-08,78.19,2.181,2.51,2.238,2.357,2.132
2024-10-09,77.06,2.173,2.43,2.207,2.319,2.102
2024-10-10,79.45,2.248,2.26,2.266,2.414,2.155
2024-10-11,80.27,2.257,2.31,2.270,2.503,2.175
2024-10-14,78.47,,,,,
2024-10-15,73.68,2.148,2.37,2.121,2.393,2.021
2024-10-16,73.65,2.148,2.21,2.102,2.218,2.007
2024-10-17,74.37,2.150,2.19,2.119,2.220,2.027
2024-10-18,72.75,2.108,1.82,2.076,2.178,1.995
2024-10-21,73.29,2.118,1.76,2.117,2.188,2.017
2024-10-22,75.59,2.172,1.76,2.169,2.237,2.069
2024-10-23,74.68,2.150,1.90,2.144,2.185,2.052
2024-10-24,74.27,2.141,2.04,2.137,2.176,2.029
2024-10-25,75.62,2.185,1.93,2.159,2.220,2.051
2024-10-28,71.87,2.082,2.03,2.058,2.177,1.958
2024-10-29,71.09,2.043,1.82,2.078,2.143,1.977
2024-10-30,73.21,2.095,2.03,2.125,2.190,2.024
2024-10-31,73.25,2.093,1.82,2.186,2.183,2.076
2024-11-01,73.63,2.067,1.42,2.152,2.172,2.042
2024-11-04,74.89,2.124,1.35,2.216,2.219,2.114
2024-11-05,76.98,2.162,1.62,2.213,2.202,2.133
2024-11-06,76.52,2.154,1.80,2.179,2.299,2.099
2024-11-07,75.73,2.163,1.49,2.186,2.308,2.095
2024-11-08,74.04,2.131,1.21,2.147,2.276,2.056
2024-11-11,72.19,,1.21,,,
2024-11-12,72.56,2.076,1.92,2.124,2.071,2.019
2024-11-13,72.86,2.070,2.06,2.127,2.065,2.037
2024-11-14,73.39,2.093,2.11,2.121,2.103,2.035
2024-11-15,73.45,2.054,1.65,2.088,2.089,1.997
2024-11-18,74.35,2.120,2.08,2.174,2.173,2.079
2024-11-19,74.32,2.142,2.10,2.161,2.179,2.066
2024-11-20,74.33,2.151,2.32,2.155,2.098,2.060
2024-11-21,75.09,2.154,2.84,2.175,2.191,2.095
2024-11-22,76.10,2.160,2.41,2.200,2.168,2.090
2024-11-25,74.27,2.106,2.78,2.168,2.163,2.058
2024-11-26,74.56,2.093,3.19,2.171,2.150,2.064
2024-11-27,73.91,2.077,3.39,2.110,2.124,2.055
2024-11-28,73.92,,,,,
2024-11-29,74.16,2.035,3.39,2.095,2.082,2.040
2024-12-02,72.81,2.068,3.05,2.106,2.071,2.042
2024-12-03,74.80,2.111,2.94,2.139,2.004,2.075
2024-12-04,74.68,2.080,2.75,2.086,1.940,2.021
2024-12-05,73.78,2.079,2.95,2.076,2.019,2.011
2024-12-06,73.78,1.988,2.83,2.037,1.923,1.984
2024-12-09,73.73,2.030,3.05,2.091,1.995,2.035
2024-12-10,73.64,2.023,2.90,2.092,1.998,2.045
2024-12-11,74.38,2.061,2.90,2.136,2.068,2.107
2024-12-12,73.52,2.064,3.12,2.147,1.992,2.132
2024-12-13,74.89,2.070,3.15,2.175,1.973,2.158
2024-12-16,74.30,2.047,2.87,2.184,1.949,2.130
2024-12-17,73.16,2.019,2.85,2.156,1.921,2.103
2024-12-18,74.57,2.003,3.01,2.173,1.906,2.121
2024-12-19,73.75,1.986,3.15,2.144,1.954,2.119
2024-12-20,73.19,2.014,3.10,2.156,2.102,2.121
2024-12-23,72.12,2.021,2.89,2.155,2.203,2.107
2024-12-24,73.50,2.038,2.95,2.147,2.160,2.095
2024-12-25,,,,,,
2024-12-26,,2.016,2.96,2.127,2.141,2.089
2024-12-27,73.77,2.020,2.91,2.158,2.130,2.122
2024-12-30,74.24,2.048,3.39,2.225,2.158,2.189
2024-12-31,74.58,2.070,3.40,2.247,2.130,2.228
2025-01-01,,,,,,
2025-01-02,76.14,2.122,3.65,2.285,2.182,2.266
2025-01-03,76.72,2.125,3.40,2.283,2.166,2.272
2025-01-06,77.27,2.101,4.05,2.283,2.158,2.283
2025-01-07,77.84,2.097,3.80,2.283,2.069,2.293
2025-01-08,77.37,2.082,3.75,2.276,2.053,2.286
2025-01-09,78.44,,3.94,,,
2025-01-10,79.76,2.154,4.13,2.420,2.034,2.406
2025-01-13,82.69,2.182,4.40,2.452,2.057,2.385
2025-01-14,82.39,2.204,4.32,2.445,2.144,2.365
2025-01-15,83.48,2.262,4.45,2.528,2.202,2.463
2025-01-16,82.39,2.207,4.30,2.524,2.277,2.430
2025-01-17,83.02,2.205,9.86,2.517,2.182,2.419
2025-01-20,81.68,,,,,
2025-01-21,80.57,2.182,4.40,2.476,2.160,2.411
2025-01-22,80.00,2.151,3.91,2.454,2.236,2.369
2025-01-23,78.62,2.150,3.91,2.420,2.235,2.362
2025-01-24,78.71,2.145,3.84,2.439,2.230,2.384
2025-01-27,77.30,2.122,3.71,2.403,2.307,2.324
2025-01-28,78.01,2.148,3.40,2.389,2.373,2.310
2025-01-29,77.02,2.135,3.38,2.404,2.360,2.317
2025-01-30,77.42,2.142,3.12,2.356,2.322,2.285
2025-01-31,77.11,2.122,2.93,2.373,2.377,2.302
2025-02-03,76.49,2.194,3.30,2.381,2.464,2.358
2025-02-04,76.58,2.174,3.25,2.354,2.444,2.301
2025-02-05,74.71,2.126,3.22,2.320,2.501,2.271
2025-02-06,74.54,2.148,3.31,2.344,2.533,2.294
2025-02-07,74.68,2.181,3.32,2.384,2.576,2.301
2025-02-10,76.23,2.181,3.48,2.388,2.626,2.293
2025-02-11,77.65,2.219,3.65,2.450,2.744,2.357
2025-02-12,75.38,2.157,3.97,2.378,2.682,2.277
2025-02-13,75.61,2.186,4.43,2.369,2.561,2.270
2025-02-14,75.19,2.161,4.60,2.363,2.546,2.276
2025-02-17,75.81,,,,,
2025-02-18,76.46,2.166,6.40,2.350,2.551,2.262
2025-02-19,76.34,2.164,7.15,2.427,2.549,2.330
2025-02-20,76.95,2.158,5.62,2.456,2.543,2.358
2025-02-21,74.88,2.102,4.43,2.382,2.487,2.266
2025-02-24,74.89,2.100,3.86,2.344,2.485,2.209
2025-02-25,73.11,1.927,3.88,2.287,2.112,2.163
2025-02-26,73.49,1.904,3.90,2.251,2.089,2.119
2025-02-27,75.01,1.949,3.91,2.297,2.104,2.166
2025-02-28,74.76,1.925,3.91,2.290,2.060,2.145
2025-03-03,72.85,1.995,3.80,2.219,2.285,2.088
2025-03-04,72.31,1.971,4.39,2.207,2.271,2.076
2025-03-05,70.92,1.929,4.40,2.177,2.264,2.089
2025-03-06,71.08,1.891,4.39,2.152,2.146,2.063
2025-03-07,72.49,1.937,4.39,2.151,2.127,2.071
2025-03-10,71.08,1.919,4.23,2.116,2.029,2.006
2025-03-11,71.51,1.941,4.57,2.141,2.041,2.039
2025-03-12,72.36,1.960,4.18,2.140,2.140,2.040
2025-03-13,70.82,1.938,3.89,2.089,2.246,1.999
2025-03-14,71.94,1.964,3.89,2.098,2.289,1.997
2025-03-17,71.93,1.995,4.15,2.136,2.320,2.035
2025-03-18,71.93,1.981,4.17,2.130,2.321,2.030
2025-03-19,71.94,1.984,4.21,2.192,2.324,2.066
2025-03-20,72.61,2.008,4.23,2.171,2.393,2.084
2025-03-21,72.64,2.008,3.93,2.198,2.415,2.082
2025-03-24,73.96,2.023,4.03,2.208,2.433,2.091
2025-03-25,73.78,2.027,3.94,2.238,2.437,2.121
2025-03-26,74.60,2.050,3.85,2.249,2.515,2.124
2025-03-27,74.72,2.057,3.88,2.236,2.572,2.111
2025-03-28,74.69,2.043,3.89,2.210,2.778,2.093
2025-03-31,77.23,2.101,4.11,2.262,2.886,2.135
2025-04-01,77.78,2.119,3.96,2.238,2.904,2.123
2025-04-02,77.27,2.135,4.04,2.250,2.800,2.135
2025-04-03,72.54,1.970,4.21,2.128,2.605,2.011
2025-04-04,68.36,1.886,4.04,2.050,2.516,1.927
2025-04-07,66.13,1.843,3.97,2.027,2.528,1.907
2025-04-08,64.86,1.782,3.85,1.973,2.467,1.853
2025-04-09,67.30,1.855,3.42,2.049,2.540,1.947
2025-04-10,65.37,1.782,3.70,1.992,2.267,1.884
2025-04-11,66.83,1.821,3.44,1.998,2.306,1.899
2025-04-14,67.18,1.838,3.57,2.017,2.323,1.922
2025-04-15,66.58,1.849,3.27,2.007,2.254,1.917
2025-04-16,67.94,1.863,3.25,2.042,2.328,1.952
2025-04-17,69.33,1.908,2.94,2.063,2.393,1.978
2025-04-18,,,,,,
2025-04-21,,1.888,3.16,2.032,2.343,1.947
2025-04-22,68.93,1.953,3.12,2.098,2.368,2.036
2025-04-23,68.26,1.940,3.12,2.075,2.320,2.009
2025-04-24,67.50,1.942,2.87,2.097,2.347,2.026
2025-04-25,66.99,1.960,2.71,2.131,2.365,2.060
2025-04-28,66.13,1.946,2.96,2.136,2.376,2.057
2025-04-29,64.04,1.901,3.17,2.066,2.344,1.991
2025-04-30,63.37,1.873,3.12,1.975,2.301,1.909
2025-05-01,62.37,1.874,3.08,1.952,2.286,1.886
2025-05-02,61.57,1.850,3.10,1.951,2.287,1.887
2025-05-05,,1.868,3.26,1.931,2.321,1.866
2025-05-06,62.37,1.944,3.08,1.950,2.491,1.864
2025-05-07,60.31,1.895,3.18,1.907,2.450,1.819
2025-05-08,62.22,1.971,3.23,1.991,2.574,1.901
2025-05-09,64.26,1.985,3.22,2.020,2.670,1.925
2025-05-12,65.28,1.998,3.19,2.052,2.645,1.968
2025-05-13,66.93,2.019,3.27,2.108,2.676,2.027
2025-05-14,65.91,1.988,3.31,2.133,2.598,2.051
2025-05-15,64.36,1.966,3.20,2.098,2.566,1.990
2025-05-16,65.20,1.990,3.01,2.057,2.388,1.976
2025-05-19,66.25,2.009,2.96,2.049,2.434,1.968
2025-05-20,66.93,2.028,3.15,2.056,2.453,1.974
2025-05-21,65.86,2.063,3.20,2.050,2.438,1.975
2025-05-22,64.87,2.041,3.00,2.052,2.501,1.946
2025-05-23,65.41,1.992,2.93,2.052,2.512,1.948
2025-05-26,,,,,,
2025-05-27,64.32,1.965,3.20,1.997,2.360,1.900
2025-05-28,65.72,1.960,3.09,2.002,2.328,1.906
2025-05-29,64.60,1.938,2.97,1.967,2.240,1.871
2025-05-30,64.32,1.912,2.86,1.946,2.224,1.846
2025-06-02,66.55,1.937,3.00,1.997,2.267,1.901
2025-06-03,67.48,1.957,2.84,2.036,2.282,1.944
2025-06-04,66.69,1.913,2.80,2.004,2.203,1.913
2025-06-05,67.14,1.911,2.86,2.026,2.221,1.928
2025-06-06,68.02,1.930,2.68,2.064,2.260,1.957
2025-06-09,68.73,1.947,3.13,2.085,2.277,1.976
2025-06-10,68.41,1.955,2.79,2.075,2.267,1.965
2025-06-11,71.29,2.021,2.73,2.131,2.269,2.018
2025-06-12,70.84,2.178,2.90,2.133,2.265,2.020
2025-06-13,76.00,2.252,2.65,2.315,2.385,2.202
2025-06-16,75.05,2.227,2.90,2.310,2.360,2.197
2025-06-17,78.70,2.314,2.90,2.426,2.431,2.304
2025-06-18,78.38,2.338,3.43,2.468,2.393,2.350
2025-06-19,80.37,,,,,
2025-06-20,78.73,2.353,3.09,2.491,2.435,2.349
2025-06-23,74.34,2.202,3.50,2.272,2.334,2.132
2025-06-24,69.13,2.115,3.30,2.250,2.203,2.110
2025-06-25,68.40,2.103,3.26,2.247,2.226,2.128
2025-06-26,68.57,2.118,3.23,2.322,2.240,2.199
2025-06-27,69.37,2.098,3.23,2.229,2.225,2.107
2025-06-30,68.15,2.102,3.26,2.301,2.215,2.177
2025-07-01,67.63,2.122,3.14,2.282,2.265,2.152
2025-07-02,70.80,2.139,3.10,2.363,2.256,2.238
2025-07-03,70.42,2.137,3.24,2.319,2.255,2.192
2025-07-04,71.03,,,,,
2025-07-07,71.95,2.174,3.24,2.367,2.317,2.240
2025-07-08,72.50,2.206,3.20,2.390,2.343,2.266
2025-07-09,71.98,2.209,3.08,2.348,2.276,2.233
2025-07-10,70.38,2.173,3.11,2.330,2.240,2.215
2025-07-11,72.06,2.208,3.22,2.395,2.210,2.284
2025-07-14,70.96,2.182,3.21,2.311,2.185,2.206
2025-07-15,70.27,2.190,3.31,2.325,2.172,2.225
2025-07-16,69.67,2.171,3.42,2.317,2.178,2.217
2025-07-17,71.32,2.180,3.52,2.396,2.182,2.291
2025-07-18,71.06,2.157,3.50,2.406,2.169,2.276
2025-07-21,71.92,2.131,3.50,2.443,2.189,2.317
2025-07-22,69.69,2.116,3.16,2.402,2.129,2.308
2025-07-23,69.17,2.126,3.08,2.399,2.179,2.305
2025-07-24,70.42,2.112,3.13,2.354,2.165,2.264
2025-07-25,69.23,2.097,3.10,2.341,2.144,2.253
2025-07-28,70.87,2.157,3.12,2.347,2.269,2.265
2025-07-29,73.21,2.231,3.08,2.394,2.363,2.311
2025-07-30,73.98,2.296,2.98,2.342,2.389,2.167
2025-07-31,73.43,2.236,2.99,2.323,2.339,2.148
2025-08-01,70.55,2.118,3.00,2.212,2.205,2.039
2025-08-04,69.56,2.107,2.89,2.230,2.209,2.057
2025-08-05,69.14,2.097,2.98,2.173,2.207,2.000
2025-08-06,67.97,2.090,3.02,2.179,2.200,2.004
2025-08-07,66.99,2.079,3.05,2.188,2.212,2.011
2025-08-08,67.17,2.082,3.03,2.198,2.305,2.021
2025-08-11,67.36,2.086,3.05,2.217,2.308,2.040
2025-08-12,66.80,2.079,2.93,2.165,2.276,1.990
2025-08-13,66.25,2.082,2.95,2.167,2.279,1.992
2025-08-14,68.12,2.117,2.78,2.166,2.350,1.991
2025-08-15,67.30,2.088,2.98,2.157,2.311,1.980
2025-08-18,68.18,2.106,2.96,2.174,2.319,1.997
2025-08-19,66.62,2.100,2.87,2.184,2.312,2.007
2025-08-20,67.61,2.137,2.80,2.206,2.350,2.024
2025-08-21,68.41,2.169,2.88,2.252,2.481,2.070
2025-08-22,68.29,2.168,2.76,2.239,2.531,2.057
2025-08-25,,2.158,2.76,2.275,2.521,2.096
2025-08-26,66.89,2.143,2.82,2.205,2.656,2.027
2025-08-27,67.75,2.150,2.88,2.204,2.638,2.032
2025-08-28,68.61,2.236,2.90,2.222,2.649,2.050
2025-08-29,67.83,2.255,2.88,2.195,2.628,2.020
2025-09-01,67.09,,,,,
2025-09-02,68.09,2.048,2.70,2.295,2.650,2.120
2025-09-03,67.76,2.014,3.00,2.284,2.397,2.107
2025-09-04,66.41,2.011,3.11,2.254,2.414,2.075
2025-09-05,64.92,1.977,3.05,2.222,2.469,2.041
2025-09-08,65.44,1.970,3.10,2.250,2.552,2.070
2025-09-09,67.97,1.999,3.12,2.251,2.582,2.071
2025-09-10,67.62,2.016,2.89,2.270,2.578,2.085
2025-09-11,67.25,1.978,2.81,2.214,2.471,2.027
2025-09-12,67.87,1.996,2.86,2.232,2.549,2.043
2025-09-15,67.88,2.021,3.00,2.271,2.613,2.083
2025-09-16,69.69,2.050,3.07,2.330,2.602,2.146
2025-09-17,69.19,2.033,3.19,2.286,2.585,2.101
2025-09-18,67.83,2.024,3.10,2.280,2.396,2.093
2025-09-19,67.05,1.977,2.89,2.242,2.410,2.052
2025-09-22,66.87,1.988,2.90,2.238,2.500,2.047
2025-09-23,67.96,2.012,2.86,2.276,2.525,2.088
2025-09-24,69.64,2.022,2.88,2.313,2.535,2.124
2025-09-25,70.48,2.013,2.98,2.365,2.546,2.178
2025-09-26,71.15,2.038,2.90,2.360,2.511,2.162
2025-09-29,69.00,1.993,2.93,2.282,2.505,2.084
2025-09-30,68.52,1.985,3.12,2.266,2.518,2.076
2025-10-01,66.67,1.897,3.24,2.240,2.440,2.051
2025-10-02,65.44,1.862,3.32,2.183,2.394,1.998
2025-10-03,66.13,1.868,3.19,2.175,2.400,2.037
2025-10-06,67.09,1.910,3.32,2.190,2.503,2.118
2025-10-07,67.10,1.912,3.32,2.214,2.504,2.142
2025-10-08,67.42,1.913,3.35,2.230,2.506,2.193
2025-10-09,67.23,1.884,3.25,2.217,2.357,2.180
2025-10-10,64.41,1.827,2.90,2.141,2.300,2.106
2025-10-13,64.15,,2.90,,,
2025-10-14,63.00,1.836,2.83,2.138,2.318,2.105
2025-10-15,62.33,1.854,2.79,2.130,2.336,2.095
2025-10-16,61.08,1.826,2.82,2.096,2.318,2.061
2025-10-17,61.23,1.841,2.65,2.115,2.214,2.084
2025-10-20,60.71,1.837,2.99,2.096,2.090,2.093
2025-10-21,61.00,1.840,3.28,2.113,2.143,2.097
2025-10-22,62.28,1.888,3.45,2.179,2.175,2.163
2025-10-23,66.32,1.931,3.34,2.285,2.194,2.265
2025-10-24,65.80,1.925,3.21,2.297,2.188,2.277
2025-10-27,65.52,1.936,3.30,2.339,2.268,2.322
2025-10-28,64.03,1.926,3.44,2.268,2.268,2.250
2025-10-29,65.01,1.980,3.36,2.318,2.428,2.256
2025-10-30,65.11,1.998,3.46,2.318,2.750,2.256
2025-10-31,65.44,1.904,3.57,2.315,2.525,2.245
2025-11-03,65.79,1.923,3.37,2.324,2.571,2.254
2025-11-04,65.04,1.925,3.35,2.356,2.573,2.286
2025-11-05,63.54,1.919,3.51,2.338,2.772,2.278
2025-11-06,63.41,1.968,3.71,2.408,2.811,2.311
2025-11-07,63.72,1.952,3.76,2.391,2.794,2.293
2025-11-10,63.01,1.973,3.80,2.400,2.490,2.310
2025-11-11,63.86,,,,,
2025-11-12,61.88,1.963,3.60,2.372,2.296,2.289
2025-11-13,62.14,1.966,3.60,2.351,2.258,2.281
2025-11-14,63.45,2.017,3.49,2.418,2.310,2.346
2025-11-17,63.16,1.991,3.71,2.431,2.284,2.351
2025-11-18,64.86,2.004,3.70,2.583,2.296,2.503
2025-11-19,63.78,1.943,3.94,2.542,2.235,2.462
2025-11-20,63.64,1.922,3.97,2.455,2.125,2.265
2025-11-21,62.78,1.885,4.13,2.312,2.087,2.127
2025-11-24,64.83,1.908,4.15,2.318,2.081,2.123
2025-11-25,63.99,1.862,4.12,2.230,2.034,2.068
2025-11-26,64.81,1.902,4.59,2.178,2.074,2.048
2025-11-27,64.18,,,,,
2025-11-28,64.07,1.879,,2.180,1.961,2.050
2025-12-01,64.22,1.878,5.08,2.219,1.931,2.089
2025-12-02,63.37,1.837,4.83,2.143,1.890,2.051
2025-12-03,63.75,1.837,4.86,2.140,1.829,2.030
2025-12-04,64.15,1.840,4.89,2.167,1.832,2.050
2025-12-05,64.42,1.844,5.19,2.210,1.836,2.098
2025-12-08,63.30,1.804,5.19,2.155,1.797,2.028
2025-12-09,62.62,1.803,4.76,2.116,1.776,1.996
2025-12-10,63.12,1.800,4.62,2.133,1.733,2.013
2025-12-11,61.87,1.774,4.35,2.090,1.721,1.972
2025-12-12,62.11,1.761,4.07,2.047,1.753,1.939
2025-12-15,61.55,1.734,3.90,2.024,1.726,1.916
2025-12-16,59.93,1.689,3.58,1.974,1.682,1.867
2025-12-17,60.61,1.720,3.66,2.022,1.672,1.915
2025-12-18,60.69,1.706,3.87,1.980,1.699,1.861
2025-12-19,61.35,1.720,3.58,1.971,1.762,1.853
2025-12-22,62.22,1.750,3.67,2.049,1.813,1.949
2025-12-23,63.70,1.756,3.38,2.083,1.829,1.995
2025-12-24,63.70,1.758,3.31,2.052,1.795,1.962
2025-12-25,,,,,,
2025-12-26,,1.743,,1.982,1.780,1.892
2025-12-29,63.10,1.754,4.35,1.999,1.791,1.909
2025-12-30,62.30,1.765,4.40,2.031,1.807,1.933
2025-12-31,61.35,1.747,4.00,1.999,2.000,1.911
2026-01-01,,,,,,
2026-01-02,61.98,1.963,,1.965,2.215,1.877
2026-01-05,63.00,1.986,2.82,2.003,2.238,1.880
2026-01-06,62.10,1.959,2.85,1.958,2.161,1.835
2026-01-07,61.08,1.964,3.10,1.946,2.057,1.821
2026-01-08,63.34,2.034,2.92,2.030,2.126,1.922
2026-01-09,65.11,2.032,2.87,2.016,2.145,1.909
2026-01-12,65.40,2.057,2.90,2.043,2.199,1.953
2026-01-13,67.58,2.085,3.00,2.111,2.218,2.021
2026-01-14,68.87,2.064,3.13,2.097,2.232,2.037
2026-01-15,66.16,2.047,2.92,2.077,2.209,2.017
2026-01-16,66.97,2.051,3.06,2.099,2.223,2.047
2026-01-19,66.91,,,,,
2026-01-20,67.68,2.066,4.00,2.135,2.259,2.071
2026-01-21,66.72,2.106,4.96,2.209,2.289,2.124
2026-01-22,65.46,2.069,8.42,2.159,2.267,2.081
2026-01-23,68.16,2.097,30.72,2.200,2.289,2.105
2026-01-26,67.70,2.072,25.01,2.179,2.265,2.064
2026-01-27,70.28,2.114,17.19,2.216,2.446,2.143
2026-01-28,70.90,2.143,9.34,2.231,2.496,2.189
2026-01-29,71.00,2.166,10.25,2.270,2.519,2.248
2026-01-30,72.25,2.188,7.18,2.274,2.530,2.277
2026-02-02,67.72,2.103,4.40,2.080,2.446,2.082
2026-02-03,70.01,2.157,4.11,2.157,2.500,2.150
2026-02-04,71.15,2.181,6.88,2.142,2.504,2.167
2026-02-05,69.87,2.158,5.28,2.130,2.510,2.095
2026-02-06,70.45,2.179,4.37,2.128,2.531,2.106
2026-02-09,71.19,2.215,3.25,2.135,2.607,2.165
2026-02-10,71.01,2.200,3.18,2.138,2.592,2.143
2026-02-11,71.52,2.223,3.25,2.171,2.665,2.176
2026-02-12,69.80,2.159,3.43,2.105,2.636,2.110
2026-02-13,69.96,1.914,3.24,2.212,2.337,2.177
2026-02-16,70.81,,,,,
2026-02-17,69.77,1.920,3.13,2.230,2.337,2.183
2026-02-18,71.78,1.977,2.98,2.340,2.429,2.311
2026-02-19,73.17,2.015,3.09,2.495,2.467,2.399
2026-02-20,72.75,2.004,3.15,2.478,2.466,2.376
2026-02-23,71.90,2.003,3.13,2.570,2.465,2.485
2026-02-24,71.21,2.005,2.99,2.608,2.248,2.520
2026-02-25,70.69,2.002,3.02,2.567,2.214,2.470
2026-02-26,71.66,2.048,2.94,2.541,2.250,2.444
2026-02-27,71.32,2.076,2.99,2.513,2.278,2.428
2026-03-02,77.24,2.393,2.99,2.818,2.575,2.738
2026-03-03,83.28,2.456,3.10,3.046,2.669,2.966
2026-03-04,81.56,2.543,2.87,3.333,2.836,3.126
2026-03-05,88.59,2.626,2.90,3.471,3.049,3.263
2026-03-06,95.74,2.769,3.10,3.632,3.191,3.424
2026-03-09,94.35,2.644,3.25,3.218,3.037,3.100
2026-03-10,89.84,2.715,3.08,3.274,3.158,3.199
2026-03-11,90.98,2.819,3.15,3.619,3.191,3.544
2026-03-12,102.38,2.982,3.27,3.753,3.375,3.753
2026-03-13,103.23,3.061,3.20,3.829,3.504,3.792
2026-03-16,101.04,3.012,3.03,3.709,3.360,3.639
2026-03-17,108.39,3.138,3.14,3.876,3.501,3.806
2026-03-18,118.09,3.198,3.12,4.226,3.581,4.171
2026-03-19,111.05,3.110,3.21,4.175,3.482,4.120
2026-03-20,118.42,3.303,3.04,4.462,3.676,4.454
2026-03-23,103.79,2.998,2.94,4.132,3.341,3.929
2026-03-24,108.42,3.057,2.90,4.120,3.515,3.917
2026-03-25,109.14,3.027,2.94,4.001,3.470,3.819
2026-03-26,113.39,3.104,2.99,4.220,3.572,4.032
2026-03-27,121.47,3.276,2.99,4.590,3.748,4.348
2026-03-30,121.88,3.404,2.88,4.532,3.876,4.237
2026-03-31,126.69,3.318,2.88,4.260,3.740,3.965
2026-04-01,119.56,3.083,2.99,4.026,3.476,3.839
2026-04-02,127.61,3.283,2.86,4.507,3.675,4.252
2026-04-03,,,,,,
2026-04-06,,3.305,3.04,4.416,3.698,4.136
2026-04-07,138.21,3.239,3.01,4.380,3.632,4.100
2026-04-08,122.11,3.022,2.78,3.835,3.414,3.825
2026-04-09,119.03,3.020,2.78,3.888,3.438,3.878
2026-04-10,119.07,3.003,2.64,3.670,3.410,3.685
2026-04-13,123.28,3.080,2.79,3.733,3.538,3.748
2026-04-14,118.69,3.045,2.79,3.579,3.525,3.659
2026-04-15,114.93,3.083,2.78,3.692,3.498,3.780
2026-04-16,116.63,3.185,2.78,3.701,3.592,3.864
2026-04-17,98.63,3.034,2.71,3.346,3.514,3.493
2026-04-20,103.40,3.133,2.81,3.461,3.650,3.608
2026-04-21,106.14,3.244,2.76,3.787,3.811,3.862
2026-04-22,113.44,3.382,2.75,3.937,3.992,3.960
2026-04-23,113.25,3.523,2.65,4.030,4.126,4.075
2026-04-24,111.86,3.534,2.54,3.979,4.137,4.024
2026-04-27,113.89,3.521,2.72,3.944,4.136,4.027
2026-04-28,117.62,3.586,2.70,3.965,4.211,4.047
2026-04-29,124.16,3.788,2.60,4.206,4.355,4.344
2026-04-30,124.24,3.843,2.64,4.134,4.378,4.287
2026-05-01,118.26,3.630,2.63,3.944,4.158,4.094
2026-05-04,,3.748,2.67,4.021,4.271,4.163
2026-05-05,114.51,3.670,2.83,4.039,4.182,4.182
2026-05-06,103.70,3.511,2.75,3.750,4.008,3.913
2026-05-07,101.82,3.536,2.70,3.833,4.013,3.996
2026-05-08,103.48,3.548,2.75,3.875,4.050,3.992
2026-05-11,106.11,3.645,2.82,3.961,4.132,4.111
2026-05-12,111.37,3.747,2.91,4.115,4.015,4.265
2026-05-13,110.28,3.683,2.88,3.895,3.925,4.117
2026-05-14,110.91,3.678,2.79,3.855,3.916,4.075
2026-05-15,113.96,3.794,2.89,3.973,3.981,4.193
2026-05-18,116.73,3.769,3.07,3.916,4.007,4.191
2026-05-19,114.64,3.786,3.23,4.068,4.001,4.328
2026-05-20,108.93,3.563,3.18,3.926,3.801,4.059
2026-05-21,105.84,3.519,3.14,3.869,3.706,3.999
2026-05-22,106.90,3.480,2.92,3.857,3.688,3.987
2026-05-25,,,,,,
2026-05-26,102.75,3.257,3.10,3.694,3.465,3.392
2026-05-27,97.11,3.195,3.13,3.588,3.633,3.253
2026-05-28,95.47,3.323,3.04,3.575,3.678,3.304
2026-05-29,92.88,3.194,3.34,3.488,3.546,3.237
2026-06-01,98.29,3.187,3.07,3.634,3.592,3.359
2026-06-02,98.49,3.243,2.97,3.630,3.620,3.369
2026-06-03,101.69,3.234,2.97,3.804,3.566,3.538
2026-06-04,98.98,3.132,3.08,3.634,3.372,3.341
2026-06-05,97.29,3.130,3.05,3.542,3.385,3.250
2026-06-08,97.46,3.154,3.10,3.527,3.399,3.290
2026-06-09,94.15,3.083,3.18,3.468,3.340,3.212
2026-06-10,95.73,3.129,3.27,3.564,3.399,3.280
2026-06-11,92.84,3.033,3.16,3.390,3.328,3.171
2026-06-12,88.64,3.020,3.06,3.347,3.312,2.974
2026-06-15,84.36,2.945,3.06,3.218,3.232,2.847
2026-06-16,80.50,2.880,3.10,3.152,3.162,2.740
2026-06-17,80.33,2.887,3.25,3.097,3.110,2.815
2026-06-18,79.35,2.960,3.08,3.053,3.177,2.952
2026-06-19,80.46,,,,,
2026-06-22,76.49,2.966,3.16,3.074,3.246,2.698
2026-06-23,75.69,2.935,3.15,3.158,3.273,2.765
2026-06-24,72.09,2.843,3.19,3.143,3.141,2.794
2026-06-25,73.74,3.020,3.21,3.279,3.282,2.898
2026-06-26,70.16,2.963,3.26,3.199,3.313,2.786
2026-06-29,71.59,3.049,3.33,3.296,3.359,2.928
2026-06-30,70.46,2.977,3.34,3.293,3.287,2.867
2026-07-01,69.24,2.945,3.34,3.230,3.205,2.755
2026-07-02,68.53,2.920,3.34,3.204,3.220,2.713
2026-07-03,68.68,,,,,
2026-07-06,69.56,3.006,3.29,3.253,3.266,2.828
2026-07-07,71.78,2.975,3.13,3.305,3.255,2.885
2026-07-08,76.50,3.113,3.13,3.653,3.423,3.187
2026-07-09,74.46,3.003,3.17,3.500,3.305,2.986
2026-07-10,74.34,2.966,2.73,3.483,3.268,2.969
2026-07-13,81.62,3.171,2.83,3.778,3.348,3.351
2026-07-14,83.69,3.237,2.76,3.955,3.417,3.552
2026-07-15,83.08,3.394,2.80,3.914,3.494,3.516
2026-07-16,81.23,3.373,2.83,3.988,3.488,3.563
2026-07-17,85.01,3.479,2.75,4.019,3.594,3.501
2026-07-20,86.99,3.479,2.80,4.039,3.595,3.501
